country,region,source,data_type,estimate_type,date,median_R_mean,median_R_highHPD,median_R_lowHPD,countryIso3
India,IND,OWID,Confirmed cases,Cori_slidingWindow,2020-02-29,1.5586370379838341,2.4503547239823993,0.6669193519852689,IND
India,IND,OWID,Confirmed cases,Cori_slidingWindow,2020-03-01,1.4182952268042306,2.254819612697595,0.5817708409108665,IND
India,IND,OWID,Confirmed cases,Cori_slidingWindow,2020-03-02,1.3740675467003516,2.120531567482868,0.6276035259178351,IND
India,IND,OWID,Confirmed cases,Cori_slidingWindow,2020-03-03,1.4158150584991298,2.112150558148626,0.7194795588496334,IND
India,IND,OWID,Confirmed cases,Cori_slidingWindow,2020-03-04,1.525526105472359,2.161840460964257,0.8892117499804608,IND
India,IND,OWID,Confirmed cases,Cori_slidingWindow,2020-03-05,1.69582109018387,2.2928956966973466,1.0987464836703933,IND
India,IND,OWID,Confirmed cases,Cori_slidingWindow,2020-03-06,1.925655486868491,2.506586779395992,1.3512816267593988,IND
India,IND,OWID,Confirmed cases,Cori_slidingWindow,2020-03-07,2.1896525376221354,2.7709078418957467,1.6183125932459284,IND
India,IND,OWID,Confirmed cases,Cori_slidingWindow,2020-03-08,2.4185953520508106,3.021537362916428,1.8156533411851932,IND
India,IND,OWID,Confirmed cases,Cori_slidingWindow,2020-03-09,2.542127440962684,3.1668545921949516,1.9174002897304163,IND
India,IND,OWID,Confirmed cases,Cori_slidingWindow,2020-03-10,2.5401039183420417,3.131569134210272,1.9486387024738114,IND
India,IND,OWID,Confirmed cases,Cori_slidingWindow,2020-03-11,2.443775228566886,3.0139446642377106,1.8736057928960612,IND
India,IND,OWID,Confirmed cases,Cori_slidingWindow,2020-03-12,2.3056190164908585,2.993863290715604,1.6173747422661129,IND
India,IND,OWID,Confirmed cases,Cori_slidingWindow,2020-03-13,2.1641792467792254,3.0267181579848654,1.3016403355735853,IND
India,IND,OWID,Confirmed cases,Cori_slidingWindow,2020-03-14,2.0375632808374196,2.9444541553445642,1.130672406330275,IND
India,IND,OWID,Confirmed cases,Cori_slidingWindow,2020-03-15,1.9304813573747777,2.711947264009055,1.1490154507405006,IND
India,IND,OWID,Confirmed cases,Cori_slidingWindow,2020-03-16,1.8567210890923345,2.4466171102775993,1.2668250679070696,IND
India,IND,OWID,Confirmed cases,Cori_slidingWindow,2020-03-17,1.8331265237979917,2.289746553421428,1.3765064941745555,IND
India,IND,OWID,Confirmed cases,Cori_slidingWindow,2020-03-18,1.8639003261055567,2.329752641762368,1.3980480104487454,IND
India,IND,OWID,Confirmed cases,Cori_slidingWindow,2020-03-19,1.935026423902483,2.516881853190226,1.3531709946147399,IND
India,IND,OWID,Confirmed cases,Cori_slidingWindow,2020-03-20,2.0238572823082923,2.7103832236769447,1.33733134093964,IND
India,IND,OWID,Confirmed cases,Cori_slidingWindow,2020-03-21,2.1140156688376046,2.800409828457213,1.4276215092179958,IND
India,IND,OWID,Confirmed cases,Cori_slidingWindow,2020-03-22,2.195478293090835,2.7756325568752356,1.6153240293064348,IND
India,IND,OWID,Confirmed cases,Cori_slidingWindow,2020-03-23,2.2506658951252327,2.7063829629680782,1.7949488272823872,IND
India,IND,OWID,Confirmed cases,Cori_slidingWindow,2020-03-24,2.2588991731626367,2.6659669422804844,1.851831404044789,IND
India,IND,OWID,Confirmed cases,Cori_slidingWindow,2020-03-25,2.212986773629683,2.658756360355488,1.7672171869038777,IND
India,IND,OWID,Confirmed cases,Cori_slidingWindow,2020-03-26,2.125193068457348,2.6432231527711627,1.6071629841435333,IND
India,IND,OWID,Confirmed cases,Cori_slidingWindow,2020-03-27,2.0145983682099473,2.575745949026613,1.4534507873932818,IND
India,IND,OWID,Confirmed cases,Cori_slidingWindow,2020-03-28,1.8937426591681104,2.4229793212281736,1.364505997108047,IND
India,IND,OWID,Confirmed cases,Cori_slidingWindow,2020-03-29,1.770633257163671,2.208814104607205,1.3324524097201371,IND
India,IND,OWID,Confirmed cases,Cori_slidingWindow,2020-03-30,1.6528097142721188,2.0280460342162505,1.277573394327987,IND
India,IND,OWID,Confirmed cases,Cori_slidingWindow,2020-03-31,1.5474811797399441,1.9382929583265787,1.1566694011533096,IND
India,IND,OWID,Confirmed cases,Cori_slidingWindow,2020-04-01,1.4585550786632513,1.8727722437594867,1.0443379135670159,IND
India,IND,OWID,Confirmed cases,Cori_slidingWindow,2020-04-02,1.3861954218036108,1.7802882678499394,0.9921025757572821,IND
India,IND,OWID,Confirmed cases,Cori_slidingWindow,2020-04-03,1.3295316925981233,1.6717263386934311,0.9873370465028155,IND
India,IND,OWID,Confirmed cases,Cori_slidingWindow,2020-04-04,1.2882980240396489,1.57145968213859,1.0051363659407078,IND
India,IND,OWID,Confirmed cases,Cori_slidingWindow,2020-04-05,1.2618810597940422,1.503217916714569,1.0205442028735154,IND
India,IND,OWID,Confirmed cases,Cori_slidingWindow,2020-04-06,1.2471041093403081,1.4845295230544027,1.0096786956262136,IND
India,IND,OWID,Confirmed cases,Cori_slidingWindow,2020-04-07,1.238969882939869,1.4973874665156013,0.9805522993641367,IND
India,IND,OWID,Confirmed cases,Cori_slidingWindow,2020-04-08,1.2334531150859456,1.5082155235493588,0.9586907066225322,IND
India,IND,OWID,Confirmed cases,Cori_slidingWindow,2020-04-09,1.228711536620561,1.5083020499153341,0.9491210233257878,IND
India,IND,OWID,Confirmed cases,Cori_slidingWindow,2020-04-10,1.2235608396261328,1.5037281224589718,0.9433935567932938,IND
India,IND,OWID,Confirmed cases,Cori_slidingWindow,2020-04-11,1.216019064977213,1.490860451568509,0.9411776783859167,IND
India,IND,OWID,Confirmed cases,Cori_slidingWindow,2020-04-12,1.2044086708371915,1.4646489440948844,0.9441683975794986,IND
India,IND,OWID,Confirmed cases,Cori_slidingWindow,2020-04-13,1.190254985024963,1.4361181429102483,0.9443918271396778,IND
India,IND,OWID,Confirmed cases,Cori_slidingWindow,2020-04-14,1.177838146662247,1.419942609549528,0.9357336837749659,IND
India,IND,OWID,Confirmed cases,Cori_slidingWindow,2020-04-15,1.1710370287258987,1.421336660227984,0.9207373972238133,IND
India,IND,OWID,Confirmed cases,Cori_slidingWindow,2020-04-16,1.1713463757338152,1.4484134738713959,0.8942792775962344,IND
India,IND,OWID,Confirmed cases,Cori_slidingWindow,2020-04-17,1.181819134532269,1.5018782140467049,0.8617600550178333,IND
India,IND,OWID,Confirmed cases,Cori_slidingWindow,2020-04-18,1.2067854570069816,1.554127556453509,0.8594433575604541,IND
India,IND,OWID,Confirmed cases,Cori_slidingWindow,2020-04-19,1.2471754763911806,1.584904864765382,0.9094460880169792,IND
India,IND,OWID,Confirmed cases,Cori_slidingWindow,2020-04-20,1.2953192358254841,1.6061009910553752,0.9845374805955931,IND
India,IND,OWID,Confirmed cases,Cori_slidingWindow,2020-04-21,1.3400730866807269,1.6382604281203177,1.041885745241136,IND
India,IND,OWID,Confirmed cases,Cori_slidingWindow,2020-04-22,1.375005759385444,1.6819561851740488,1.068055333596839,IND
India,IND,OWID,Confirmed cases,Cori_slidingWindow,2020-04-23,1.4005624067005629,1.7355338801622342,1.0655909332388915,IND
India,IND,OWID,Confirmed cases,Cori_slidingWindow,2020-04-24,1.4159934066036455,1.7961417475489676,1.0358450656583233,IND
India,IND,OWID,Confirmed cases,Cori_slidingWindow,2020-04-25,1.4162008821701972,1.8264117594851264,1.0059900048552681,IND
India,IND,OWID,Confirmed cases,Cori_slidingWindow,2020-04-26,1.3972527835817063,1.7899920333339217,1.004513533829491,IND
India,IND,OWID,Confirmed cases,Cori_slidingWindow,2020-04-27,1.3618084616122945,1.7061184990788807,1.0174984241457083,IND
India,IND,OWID,Confirmed cases,Cori_slidingWindow,2020-04-28,1.3174659012310272,1.619957861538436,1.0149739409236185,IND
India,IND,OWID,Confirmed cases,Cori_slidingWindow,2020-04-29,1.2702971489139063,1.5480317316691106,0.9925625661587021,IND
India,IND,OWID,Confirmed cases,Cori_slidingWindow,2020-04-30,1.2233663456656039,1.4938097713149814,0.9529229200162262,IND
India,IND,OWID,Confirmed cases,Cori_slidingWindow,2020-05-01,1.1810775338448538,1.4694529589836778,0.8927021087060298,IND
India,IND,OWID,Confirmed cases,Cori_slidingWindow,2020-05-02,1.1492735278477897,1.459724028754105,0.8388230269414746,IND
India,IND,OWID,Confirmed cases,Cori_slidingWindow,2020-05-03,1.1318446640363051,1.4368344165216507,0.8268549115509596,IND
India,IND,OWID,Confirmed cases,Cori_slidingWindow,2020-05-04,1.1287423718967666,1.4052018010292875,0.8522829427642458,IND
India,IND,OWID,Confirmed cases,Cori_slidingWindow,2020-05-05,1.13772899944317,1.3881029056437335,0.8873550932426066,IND
India,IND,OWID,Confirmed cases,Cori_slidingWindow,2020-05-06,1.1572772013589496,1.3934311643449395,0.9211232383729597,IND
India,IND,OWID,Confirmed cases,Cori_slidingWindow,2020-05-07,1.1857648518641595,1.4186909939376857,0.9528387097906332,IND
India,IND,OWID,Confirmed cases,Cori_slidingWindow,2020-05-08,1.2181443928969322,1.4611223480060362,0.9751664377878282,IND
India,IND,OWID,Confirmed cases,Cori_slidingWindow,2020-05-09,1.2469529530751602,1.5057787682425772,0.9881271379077432,IND
India,IND,OWID,Confirmed cases,Cori_slidingWindow,2020-05-10,1.2658059303624556,1.5351909083430066,0.9964209523819045,IND
India,IND,OWID,Confirmed cases,Cori_slidingWindow,2020-05-11,1.272782586911756,1.5541228172645487,0.9914423565589632,IND
India,IND,OWID,Confirmed cases,Cori_slidingWindow,2020-05-12,1.2704395754457605,1.5798308240652958,0.9610483268262251,IND
India,IND,OWID,Confirmed cases,Cori_slidingWindow,2020-05-13,1.2616838963697725,1.6036958093050915,0.9196719834344536,IND
India,IND,OWID,Confirmed cases,Cori_slidingWindow,2020-05-14,1.2483584837776351,1.6056598966187747,0.8910570709364956,IND
India,IND,OWID,Confirmed cases,Cori_slidingWindow,2020-05-15,1.2309476989961328,1.582141281970909,0.8797541160213564,IND
India,IND,OWID,Confirmed cases,Cori_slidingWindow,2020-05-16,1.2110664981402668,1.541941170902967,0.8801918253775666,IND
India,IND,OWID,Confirmed cases,Cori_slidingWindow,2020-05-17,1.1920780360394803,1.4899458479945258,0.8942102240844347,IND
India,IND,OWID,Confirmed cases,Cori_slidingWindow,2020-05-18,1.1772615161184425,1.4392240394827662,0.9152989927541187,IND
India,IND,OWID,Confirmed cases,Cori_slidingWindow,2020-05-19,1.1678303749317704,1.41920037504664,0.9164603748169008,IND
India,IND,OWID,Confirmed cases,Cori_slidingWindow,2020-05-20,1.162877160359718,1.436722895165517,0.8890314255539191,IND
India,IND,OWID,Confirmed cases,Cori_slidingWindow,2020-05-21,1.1612400177824997,1.465185242080331,0.8572947934846684,IND
India,IND,OWID,Confirmed cases,Cori_slidingWindow,2020-05-22,1.162165303089441,1.4954279266930823,0.8289026794857997,IND
India,IND,OWID,Confirmed cases,Cori_slidingWindow,2020-05-23,1.1641125308156208,1.529035370020915,0.7991896916103267,IND
India,IND,OWID,Confirmed cases,Cori_slidingWindow,2020-05-24,1.1645933346878428,1.5361172079269134,0.7930694614487721,IND
India,IND,OWID,Confirmed cases,Cori_slidingWindow,2020-05-25,1.1614851581594157,1.4971554328731962,0.825814883445635,IND
India,IND,OWID,Confirmed cases,Cori_slidingWindow,2020-05-26,1.1548049746617746,1.4399051207530695,0.8697048285704796,IND
India,IND,OWID,Confirmed cases,Cori_slidingWindow,2020-05-27,1.1460100702599891,1.3970859477265432,0.8949341927934352,IND
India,IND,OWID,Confirmed cases,Cori_slidingWindow,2020-05-28,1.1360076419771608,1.370262539961995,0.9017527439923266,IND
India,IND,OWID,Confirmed cases,Cori_slidingWindow,2020-05-29,1.1245903369512207,1.3534931458179962,0.8956875280844452,IND
India,IND,OWID,Confirmed cases,Cori_slidingWindow,2020-05-30,1.1117345699846284,1.3507327569889924,0.8727363829802643,IND
India,IND,OWID,Confirmed cases,Cori_slidingWindow,2020-05-31,1.0986936644608674,1.359598285518377,0.8377890434033578,IND
India,IND,OWID,Confirmed cases,Cori_slidingWindow,2020-06-01,1.0873450231611481,1.3709353173511634,0.8037547289711329,IND
India,IND,OWID,Confirmed cases,Cori_slidingWindow,2020-06-02,1.0801682972304854,1.3779899156610345,0.7823466787999362,IND
India,IND,OWID,Confirmed cases,Cori_slidingWindow,2020-06-03,1.0791991583174052,1.3745928686156104,0.7838054480192,IND
India,IND,OWID,Confirmed cases,Cori_slidingWindow,2020-06-04,1.085322192672285,1.3606872662695628,0.809957119075007,IND
India,IND,OWID,Confirmed cases,Cori_slidingWindow,2020-06-05,1.0974825495444787,1.3509457829033689,0.8440193161855885,IND
India,IND,OWID,Confirmed cases,Cori_slidingWindow,2020-06-06,1.1131943248299772,1.3616703661126914,0.8647182835472629,IND
India,IND,OWID,Confirmed cases,Cori_slidingWindow,2020-06-07,1.1305269919882264,1.3849964975681863,0.8760574864082663,IND
India,IND,OWID,Confirmed cases,Cori_slidingWindow,2020-06-08,1.1486400395927985,1.4106910680273523,0.8865890111582446,IND
India,IND,OWID,Confirmed cases,Cori_slidingWindow,2020-06-09,1.1671589551718082,1.44713279660481,0.8871851137388065,IND
India,IND,OWID,Confirmed cases,Cori_slidingWindow,2020-06-10,1.184932479207343,1.489876565007406,0.8799883934072801,IND
India,IND,OWID,Confirmed cases,Cori_slidingWindow,2020-06-11,1.2001941611520366,1.5229060209225802,0.877482301381493,IND
India,IND,OWID,Confirmed cases,Cori_slidingWindow,2020-06-12,1.2115124226078133,1.5572156563709743,0.8658091888446524,IND
India,IND,OWID,Confirmed cases,Cori_slidingWindow,2020-06-13,1.2174719503739715,1.5950941615484948,0.8398497391994482,IND
India,IND,OWID,Confirmed cases,Cori_slidingWindow,2020-06-14,1.2168859260141245,1.5915480027615134,0.8422238492667355,IND
India,IND,OWID,Confirmed cases,Cori_slidingWindow,2020-06-15,1.209889935784022,1.5357756183718323,0.8840042531962118,IND
India,IND,OWID,Confirmed cases,Cori_slidingWindow,2020-06-16,1.199032279605047,1.4893979309747134,0.9086666282353806,IND
India,IND,OWID,Confirmed cases,Cori_slidingWindow,2020-06-17,1.1875825581021764,1.4877919404886593,0.8873731757156935,IND
India,IND,OWID,Confirmed cases,Cori_slidingWindow,2020-06-18,1.17733423176814,1.4917261807255024,0.8629422828107773,IND
India,IND,OWID,Confirmed cases,Cori_slidingWindow,2020-06-19,1.168207022876446,1.4785016759897502,0.8579123697631419,IND
India,IND,OWID,Confirmed cases,Cori_slidingWindow,2020-06-20,1.1593794267420097,1.4586246827546905,0.860134170729329,IND
India,IND,OWID,Confirmed cases,Cori_slidingWindow,2020-06-21,1.150779637807408,1.439827688078251,0.861731587536565,IND
India,IND,OWID,Confirmed cases,Cori_slidingWindow,2020-06-22,1.1430910562111523,1.4254480915104577,0.8607340209118468,IND
India,IND,OWID,Confirmed cases,Cori_slidingWindow,2020-06-23,1.1373013888005155,1.4265586170635747,0.8480441605374562,IND
India,IND,OWID,Confirmed cases,Cori_slidingWindow,2020-06-24,1.1337987611153981,1.4449505037336692,0.8226470184971271,IND
India,IND,OWID,Confirmed cases,Cori_slidingWindow,2020-06-25,1.1323378398921942,1.4647218468698573,0.799953832914531,IND
India,IND,OWID,Confirmed cases,Cori_slidingWindow,2020-06-26,1.1323545716198984,1.478181682546086,0.7865274606937107,IND
India,IND,OWID,Confirmed cases,Cori_slidingWindow,2020-06-27,1.1337204739803322,1.4834747147931817,0.7839662331674827,IND
India,IND,OWID,Confirmed cases,Cori_slidingWindow,2020-06-28,1.136403103980824,1.4702076942307754,0.8025985137308727,IND
India,IND,OWID,Confirmed cases,Cori_slidingWindow,2020-06-29,1.139842209192253,1.4422444404729053,0.8374399779116007,IND
India,IND,OWID,Confirmed cases,Cori_slidingWindow,2020-06-30,1.1437449241548845,1.4250378884825923,0.8624519598271767,IND
India,IND,OWID,Confirmed cases,Cori_slidingWindow,2020-07-01,1.1487164235564598,1.424417301359521,0.8730155457533986,IND
India,IND,OWID,Confirmed cases,Cori_slidingWindow,2020-07-02,1.155740202545549,1.425063391228356,0.8864170138627421,IND
India,IND,OWID,Confirmed cases,Cori_slidingWindow,2020-07-03,1.1650440449853885,1.4333201543904854,0.8967679355802914,IND
India,IND,OWID,Confirmed cases,Cori_slidingWindow,2020-07-04,1.1756439244601533,1.461438623633202,0.8898492252871046,IND
India,IND,OWID,Confirmed cases,Cori_slidingWindow,2020-07-05,1.186604500651217,1.4961552863596101,0.8770537149428237,IND
India,IND,OWID,Confirmed cases,Cori_slidingWindow,2020-07-06,1.197454328348855,1.5186289677775178,0.8762796889201921,IND
India,IND,OWID,Confirmed cases,Cori_slidingWindow,2020-07-07,1.2083396503298238,1.528809731699512,0.8878695689601357,IND
India,IND,OWID,Confirmed cases,Cori_slidingWindow,2020-07-08,1.2188330781207248,1.540252517834241,0.8974136384072087,IND
India,IND,OWID,Confirmed cases,Cori_slidingWindow,2020-07-09,1.2274634075114537,1.5594415575991663,0.8954852574237411,IND
India,IND,OWID,Confirmed cases,Cori_slidingWindow,2020-07-10,1.2326197150222478,1.5904910149789013,0.8747484150655942,IND
India,IND,OWID,Confirmed cases,Cori_slidingWindow,2020-07-11,1.2335388761740709,1.6297418003648483,0.8373359519832935,IND
India,IND,OWID,Confirmed cases,Cori_slidingWindow,2020-07-12,1.229915793644165,1.6413856994067888,0.818445887881541,IND
India,IND,OWID,Confirmed cases,Cori_slidingWindow,2020-07-13,1.2216584116289386,1.5915564085366691,0.851760414721208,IND
India,IND,OWID,Confirmed cases,Cori_slidingWindow,2020-07-14,1.209520793731521,1.5061161678418764,0.9129254196211657,IND
India,IND,OWID,Confirmed cases,Cori_slidingWindow,2020-07-15,1.1950598604661506,1.4536877382068045,0.9364319827254968,IND
India,IND,OWID,Confirmed cases,Cori_slidingWindow,2020-07-16,1.1794893556908468,1.4668970444191347,0.8920816669625589,IND
India,IND,OWID,Confirmed cases,Cori_slidingWindow,2020-07-17,1.1630283958098022,1.5132001955706655,0.8128565960489389,IND
India,IND,OWID,Confirmed cases,Cori_slidingWindow,2020-07-18,1.1453338832713014,1.5597078011841035,0.7309599653584993,IND
India,IND,OWID,Confirmed cases,Cori_slidingWindow,2020-07-19,1.126783586363971,1.5772593125914438,0.6763078601364982,IND
India,IND,OWID,Confirmed cases,Cori_slidingWindow,2020-07-20,1.108713756378214,1.5409999873523312,0.6764275254040966,IND
India,IND,OWID,Confirmed cases,Cori_slidingWindow,2020-07-21,1.0928229241761824,1.463600340446499,0.7220455079058659,IND
India,IND,OWID,Confirmed cases,Cori_slidingWindow,2020-07-22,1.0806544584684656,1.390560012423526,0.7707489045134053,IND
India,IND,OWID,Confirmed cases,Cori_slidingWindow,2020-07-23,1.0727990323166414,1.353708801002054,0.7918892636312289,IND
India,IND,OWID,Confirmed cases,Cori_slidingWindow,2020-07-24,1.0689575195381749,1.3496160578315197,0.7882989812448299,IND
India,IND,OWID,Confirmed cases,Cori_slidingWindow,2020-07-25,1.06783542637354,1.366714340977246,0.7689565117698337,IND
India,IND,OWID,Confirmed cases,Cori_slidingWindow,2020-07-26,1.0677554783889889,1.3923926874324961,0.7431182693454816,IND
India,IND,OWID,Confirmed cases,Cori_slidingWindow,2020-07-27,1.0678349552222133,1.4072137201660613,0.7284561902783653,IND
India,IND,OWID,Confirmed cases,Cori_slidingWindow,2020-07-28,1.0682370788107647,1.4087065204429134,0.7277676371786159,IND
India,IND,OWID,Confirmed cases,Cori_slidingWindow,2020-07-29,1.0690869073366795,1.4100503411019047,0.7281234735714543,IND
India,IND,OWID,Confirmed cases,Cori_slidingWindow,2020-07-30,1.0693152754538748,1.4144637603707382,0.7241667905370115,IND
India,IND,OWID,Confirmed cases,Cori_slidingWindow,2020-07-31,1.0672793525737223,1.414242889104223,0.7203158160432217,IND
India,IND,OWID,Confirmed cases,Cori_slidingWindow,2020-08-01,1.061910406406114,1.4029498234102147,0.7208709894020132,IND
India,IND,OWID,Confirmed cases,Cori_slidingWindow,2020-08-02,1.0542701386761384,1.3798309141000686,0.7287093632522083,IND
India,IND,OWID,Confirmed cases,Cori_slidingWindow,2020-08-03,1.0462488188773047,1.3477777189196172,0.7447199188349922,IND
India,IND,OWID,Confirmed cases,Cori_slidingWindow,2020-08-04,1.0390420406747307,1.325544245848903,0.7525398355005584,IND
India,IND,OWID,Confirmed cases,Cori_slidingWindow,2020-08-05,1.0326419678167,1.3251728548533732,0.7401110807800269,IND
India,IND,OWID,Confirmed cases,Cori_slidingWindow,2020-08-06,1.0267639152625643,1.3263733875923,0.7271544429328285,IND
India,IND,OWID,Confirmed cases,Cori_slidingWindow,2020-08-07,1.0217658771922733,1.3209449499016273,0.7225868044829193,IND
India,IND,OWID,Confirmed cases,Cori_slidingWindow,2020-08-08,1.018074883102778,1.3194857475888064,0.7166640186167494,IND
India,IND,OWID,Confirmed cases,Cori_slidingWindow,2020-08-09,1.0162056197705784,1.3231895892476804,0.7092216502934765,IND
India,IND,OWID,Confirmed cases,Cori_slidingWindow,2020-08-10,1.01705316700737,1.3244543297126217,0.7096520043021182,IND
India,IND,OWID,Confirmed cases,Cori_slidingWindow,2020-08-11,1.0213555100076175,1.3227849465999262,0.7199260734153088,IND
India,IND,OWID,Confirmed cases,Cori_slidingWindow,2020-08-12,1.0292943567295825,1.3255414084196198,0.7330473050395453,IND
India,IND,OWID,Confirmed cases,Cori_slidingWindow,2020-08-13,1.0402295625738074,1.3423600222656167,0.7380991028819981,IND
India,IND,OWID,Confirmed cases,Cori_slidingWindow,2020-08-14,1.0529767897914617,1.383262169038522,0.7226914105444012,IND
India,IND,OWID,Confirmed cases,Cori_slidingWindow,2020-08-15,1.0657311167062913,1.4370717271638065,0.6943905062487762,IND
India,IND,OWID,Confirmed cases,Cori_slidingWindow,2020-08-16,1.0762913990133764,1.4661893758094426,0.6863934222173103,IND
India,IND,OWID,Confirmed cases,Cori_slidingWindow,2020-08-17,1.0836310650989776,1.4412094367484514,0.7260526934495038,IND
India,IND,OWID,Confirmed cases,Cori_slidingWindow,2020-08-18,1.0887745793539756,1.380945622558928,0.7966035361490232,IND
India,IND,OWID,Confirmed cases,Cori_slidingWindow,2020-08-19,1.09379845110296,1.341851673601791,0.8457452286041289,IND
India,IND,OWID,Confirmed cases,Cori_slidingWindow,2020-08-20,1.099296221421322,1.3442087219570034,0.8543837208856407,IND
India,IND,OWID,Confirmed cases,Cori_slidingWindow,2020-08-21,1.1040314593046776,1.3621317466515748,0.8459311719577804,IND
India,IND,OWID,Confirmed cases,Cori_slidingWindow,2020-08-22,1.106089167203169,1.3807473707589006,0.8314309636474373,IND
India,IND,OWID,Confirmed cases,Cori_slidingWindow,2020-08-23,1.104918268197247,1.3941697600350942,0.8156667763593997,IND
India,IND,OWID,Confirmed cases,Cori_slidingWindow,2020-08-24,1.1015377815159781,1.3949468518405144,0.8081287111914419,IND
India,IND,OWID,Confirmed cases,Cori_slidingWindow,2020-08-25,1.097903262248479,1.3862457616290456,0.8095607628679125,IND
India,IND,OWID,Confirmed cases,Cori_slidingWindow,2020-08-26,1.0951650222138496,1.3830250253966745,0.8073050190310246,IND
India,IND,OWID,Confirmed cases,Cori_slidingWindow,2020-08-27,1.0927397964464218,1.3899788392958017,0.795500753597042,IND
India,IND,OWID,Confirmed cases,Cori_slidingWindow,2020-08-28,1.089540401075982,1.3941742472175467,0.7849065549344172,IND
India,IND,OWID,Confirmed cases,Cori_slidingWindow,2020-08-29,1.0849802291852797,1.386328203683216,0.7836322546873433,IND
India,IND,OWID,Confirmed cases,Cori_slidingWindow,2020-08-30,1.079255370325186,1.368218647376945,0.7902920932734268,IND
India,IND,OWID,Confirmed cases,Cori_slidingWindow,2020-08-31,1.0725840523363845,1.3469412574177018,0.7982268472550673,IND
India,IND,OWID,Confirmed cases,Cori_slidingWindow,2020-09-01,1.0650614507579754,1.3363594544295199,0.793763447086431,IND
India,IND,OWID,Confirmed cases,Cori_slidingWindow,2020-09-02,1.0566924518198175,1.3385180342770258,0.7748668693626094,IND
India,IND,OWID,Confirmed cases,Cori_slidingWindow,2020-09-03,1.0471411946450941,1.3322522881631589,0.7620301011270294,IND
India,IND,OWID,Confirmed cases,Cori_slidingWindow,2020-09-04,1.0358649185517932,1.3035599820377137,0.7681698550658725,IND
India,IND,OWID,Confirmed cases,Cori_slidingWindow,2020-09-05,1.0225237175116946,1.2623898422409416,0.7826575927824475,IND
India,IND,OWID,Confirmed cases,Cori_slidingWindow,2020-09-06,1.007301081265835,1.2286697141346887,0.7859324483969812,IND
India,IND,OWID,Confirmed cases,Cori_slidingWindow,2020-09-07,0.9914362595482774,1.2194533048758438,0.763419214220711,IND
India,IND,OWID,Confirmed cases,Cori_slidingWindow,2020-09-08,0.9765403521174987,1.2289307922037587,0.7241499120312386,IND
India,IND,OWID,Confirmed cases,Cori_slidingWindow,2020-09-09,0.9637791954903149,1.2381794022483454,0.6893789887322844,IND
India,IND,OWID,Confirmed cases,Cori_slidingWindow,2020-09-10,0.953599346181972,1.2383174872405227,0.6688812051234212,IND
India,IND,OWID,Confirmed cases,Cori_slidingWindow,2020-09-11,0.9460573993410137,1.2327132381571688,0.6594015605248587,IND
India,IND,OWID,Confirmed cases,Cori_slidingWindow,2020-09-12,0.941222585861528,1.226744267148907,0.6557009045741489,IND
India,IND,OWID,Confirmed cases,Cori_slidingWindow,2020-09-13,0.9387650857783214,1.2234286101920995,0.6541015613645433,IND
India,IND,OWID,Confirmed cases,Cori_slidingWindow,2020-09-14,0.9379754152414242,1.224577204270203,0.6513736262126455,IND
India,IND,OWID,Confirmed cases,Cori_slidingWindow,2020-09-15,0.9385986604458344,1.2261520853219046,0.6510452355697642,IND
India,IND,OWID,Confirmed cases,Cori_slidingWindow,2020-09-16,0.9410382774828355,1.223835410182966,0.6582411447827049,IND
India,IND,OWID,Confirmed cases,Cori_slidingWindow,2020-09-17,0.9452411230536025,1.219747990067923,0.6707342560392822,IND
India,IND,OWID,Confirmed cases,Cori_slidingWindow,2020-09-18,0.949846028878542,1.2153032237134391,0.6843888340436448,IND
India,IND,OWID,Confirmed cases,Cori_slidingWindow,2020-09-19,0.9529752014569172,1.2078960179873677,0.6980543849264667,IND
India,IND,OWID,Confirmed cases,Cori_slidingWindow,2020-09-20,0.9534528846899137,1.2019053195918672,0.7050004497879603,IND
India,IND,OWID,Confirmed cases,Cori_slidingWindow,2020-09-21,0.9519552190277955,1.2073580379401143,0.6965524001154766,IND
India,IND,OWID,Confirmed cases,Cori_slidingWindow,2020-09-22,0.9497320501717031,1.2185321204342432,0.680931979909163,IND
India,IND,OWID,Confirmed cases,Cori_slidingWindow,2020-09-23,0.947573625067669,1.2261820693932153,0.6689651807421226,IND
India,IND,OWID,Confirmed cases,Cori_slidingWindow,2020-09-24,0.9451879746087645,1.2346257983444213,0.6557501508731076,IND
India,IND,OWID,Confirmed cases,Cori_slidingWindow,2020-09-25,0.9419975804656684,1.2481062681820951,0.6358888927492417,IND
India,IND,OWID,Confirmed cases,Cori_slidingWindow,2020-09-26,0.9381141863226755,1.2571524660087894,0.6190759066365615,IND
India,IND,OWID,Confirmed cases,Cori_slidingWindow,2020-09-27,0.9341637764145131,1.2537791025068128,0.6145484503222134,IND
India,IND,OWID,Confirmed cases,Cori_slidingWindow,2020-09-28,0.9307745770853698,1.2438285237667728,0.6177206304039669,IND
India,IND,OWID,Confirmed cases,Cori_slidingWindow,2020-09-29,0.9282936587176712,1.2353544600249429,0.6212328574103996,IND
India,IND,OWID,Confirmed cases,Cori_slidingWindow,2020-09-30,0.9266666288482335,1.229626189269522,0.6237070684269449,IND
India,IND,OWID,Confirmed cases,Cori_slidingWindow,2020-10-01,0.9254797025651631,1.2240447674474124,0.6269146376829138,IND
India,IND,OWID,Confirmed cases,Cori_slidingWindow,2020-10-02,0.9239600905650135,1.2185042097493568,0.6294159713806702,IND
India,IND,OWID,Confirmed cases,Cori_slidingWindow,2020-10-03,0.9212980506768861,1.2102101513499397,0.6323859500038326,IND
India,IND,OWID,Confirmed cases,Cori_slidingWindow,2020-10-04,0.9169765473662915,1.1982149699188025,0.6357381248137806,IND
India,IND,OWID,Confirmed cases,Cori_slidingWindow,2020-10-05,0.9110560252681703,1.186859813211039,0.6352522373253016,IND
India,IND,OWID,Confirmed cases,Cori_slidingWindow,2020-10-06,0.9042964717551505,1.1847606155575814,0.6238323279527196,IND
India,IND,OWID,Confirmed cases,Cori_slidingWindow,2020-10-07,0.8975805117394305,1.1924373246205646,0.6027236988582964,IND
India,IND,OWID,Confirmed cases,Cori_slidingWindow,2020-10-08,0.8914566316135516,1.2024640180513018,0.5804492451758014,IND
India,IND,OWID,Confirmed cases,Cori_slidingWindow,2020-10-09,0.8856892024980862,1.2102123392967503,0.5611660656994222,IND
India,IND,OWID,Confirmed cases,Cori_slidingWindow,2020-10-10,0.8798207205304482,1.21144247172738,0.5481989693335165,IND
India,IND,OWID,Confirmed cases,Cori_slidingWindow,2020-10-11,0.8738859556918918,1.2016781677386315,0.5460937436451521,IND
India,IND,OWID,Confirmed cases,Cori_slidingWindow,2020-10-12,0.8685934167916529,1.1949037478211095,0.5422830857621963,IND
India,IND,OWID,Confirmed cases,Cori_slidingWindow,2020-10-13,0.8656174206467835,1.2169131289687982,0.5143217123247688,IND
India,IND,OWID,Confirmed cases,Cori_slidingWindow,2020-10-14,0.8665902943493221,1.2504618880196394,0.48271870067900474,IND
India,IND,OWID,Confirmed cases,Cori_slidingWindow,2020-10-15,0.8719789668502815,1.258667842185199,0.48529009151536423,IND
India,IND,OWID,Confirmed cases,Cori_slidingWindow,2020-10-16,0.880567209282294,1.2488399483174317,0.5122944702471564,IND
India,IND,OWID,Confirmed cases,Cori_slidingWindow,2020-10-17,0.8910161705471262,1.2547746490995437,0.5272576919947087,IND
India,IND,OWID,Confirmed cases,Cori_slidingWindow,2020-10-18,0.9032352066923013,1.2747381433103184,0.5317322700742843,IND
India,IND,OWID,Confirmed cases,Cori_slidingWindow,2020-10-19,0.9182162953176665,1.2934410849811806,0.5429915056541523,IND
India,IND,OWID,Confirmed cases,Cori_slidingWindow,2020-10-20,0.936295044906198,1.3259899285036787,0.5466001613087174,IND
India,IND,OWID,Confirmed cases,Cori_slidingWindow,2020-10-21,0.9566332872662489,1.3605139551370748,0.5527526193954229,IND
India,IND,OWID,Confirmed cases,Cori_slidingWindow,2020-10-22,0.9778636076315305,1.3640426159726404,0.5916845992904205,IND
India,IND,OWID,Confirmed cases,Cori_slidingWindow,2020-10-23,0.9978745118428062,1.347707826151134,0.6480411975344784,IND
India,IND,OWID,Confirmed cases,Cori_slidingWindow,2020-10-24,1.0142152038536438,1.3411620941555453,0.6872683135517423,IND
India,IND,OWID,Confirmed cases,Cori_slidingWindow,2020-10-25,1.0247503131935436,1.344029188341781,0.7054714380453062,IND
India,IND,OWID,Confirmed cases,Cori_slidingWindow,2020-10-26,1.0290201758216073,1.3489447492231728,0.709095602420042,IND
India,IND,OWID,Confirmed cases,Cori_slidingWindow,2020-10-27,1.0277407298667247,1.3548272900137706,0.7006541697196789,IND
India,IND,OWID,Confirmed cases,Cori_slidingWindow,2020-10-28,1.0210613486721105,1.3497253304586465,0.6923973668855746,IND
India,IND,OWID,Confirmed cases,Cori_slidingWindow,2020-10-29,1.0088177379032561,1.336606653438598,0.6810288223679142,IND
India,IND,OWID,Confirmed cases,Cori_slidingWindow,2020-10-30,0.9910849411599706,1.330510501098626,0.6516593812213152,IND
India,IND,OWID,Confirmed cases,Cori_slidingWindow,2020-10-31,0.9697115757425198,1.3265801589276442,0.6128429925573953,IND
India,IND,OWID,Confirmed cases,Cori_slidingWindow,2020-11-01,0.9479221010080657,1.3063636049291207,0.5894805970870106,IND
India,IND,OWID,Confirmed cases,Cori_slidingWindow,2020-11-02,0.9289651149456976,1.2687241758651577,0.5892060540262374,IND
India,IND,OWID,Confirmed cases,Cori_slidingWindow,2020-11-03,0.9147673010579154,1.2297377020231266,0.5997969000927041,IND
India,IND,OWID,Confirmed cases,Cori_slidingWindow,2020-11-04,0.9071773952821223,1.2009060298813694,0.6134487606828751,IND
India,IND,OWID,Confirmed cases,Cori_slidingWindow,2020-11-05,0.9083633659341195,1.181053414058801,0.6356733178094379,IND
India,IND,OWID,Confirmed cases,Cori_slidingWindow,2020-11-06,0.9190278771347483,1.1706162416301982,0.6674395126392985,IND
India,IND,OWID,Confirmed cases,Cori_slidingWindow,2020-11-07,0.9363662668905535,1.175346450651855,0.697386083129252,IND
India,IND,OWID,Confirmed cases,Cori_slidingWindow,2020-11-08,0.95632113654858,1.2013802435225935,0.7112620295745664,IND
India,IND,OWID,Confirmed cases,Cori_slidingWindow,2020-11-09,0.9770087137142868,1.2420418426149546,0.7119755848136188,IND
India,IND,OWID,Confirmed cases,Cori_slidingWindow,2020-11-10,0.9997243702775983,1.2884631106915327,0.7109856298636639,IND
India,IND,OWID,Confirmed cases,Cori_slidingWindow,2020-11-11,1.0245201953644796,1.3380259671069101,0.7110144236220489,IND
India,IND,OWID,Confirmed cases,Cori_slidingWindow,2020-11-12,1.04723072923857,1.3829873738354854,0.7114740846416547,IND
India,IND,OWID,Confirmed cases,Cori_slidingWindow,2020-11-13,1.0616122992963068,1.4131648480846146,0.7100597505079991,IND
India,IND,OWID,Confirmed cases,Cori_slidingWindow,2020-11-14,1.063517024703963,1.4210635214746465,0.7059705279332793,IND
India,IND,OWID,Confirmed cases,Cori_slidingWindow,2020-11-15,1.0534280008034351,1.3999715583331853,0.7068844432736849,IND
India,IND,OWID,Confirmed cases,Cori_slidingWindow,2020-11-16,1.033777029634791,1.3588523748528558,0.7087016844167262,IND
India,IND,OWID,Confirmed cases,Cori_slidingWindow,2020-11-17,1.0075872457429547,1.3308866712890495,0.6842878201968599,IND
India,IND,OWID,Confirmed cases,Cori_slidingWindow,2020-11-18,0.9784416526319446,1.3075376363580233,0.6493456689058659,IND
India,IND,OWID,Confirmed cases,Cori_slidingWindow,2020-11-19,0.9499273432073904,1.2484567510062763,0.6513979354085043,IND
India,IND,OWID,Confirmed cases,Cori_slidingWindow,2020-11-20,0.9243580013831871,1.1710198394581035,0.6776961633082708,IND
India,IND,OWID,Confirmed cases,Cori_slidingWindow,2020-11-21,0.9023233965275038,1.122138239843698,0.6825085532113095,IND
India,IND,OWID,Confirmed cases,Cori_slidingWindow,2020-11-22,0.8840699841181504,1.108096107757762,0.6600438604785387,IND
India,IND,OWID,Confirmed cases,Cori_slidingWindow,2020-11-23,0.8705383579406081,1.1047772276345547,0.6362994882466615,IND
India,IND,OWID,Confirmed cases,Cori_slidingWindow,2020-11-24,0.8628379648694787,1.0991673309871077,0.6265085987518497,IND
India,IND,OWID,Confirmed cases,Cori_slidingWindow,2020-11-25,0.8609925534189112,1.090702606865442,0.6312824999723805,IND
India,IND,OWID,Confirmed cases,Cori_slidingWindow,2020-11-26,0.8637643876886536,1.0835932811739233,0.6439354942033839,IND
India,IND,OWID,Confirmed cases,Cori_slidingWindow,2020-11-27,0.8689833186919251,1.0849075647168376,0.6530590726670126,IND
India,IND,OWID,Confirmed cases,Cori_slidingWindow,2020-11-28,0.874212334987706,1.100004216548897,0.648420453426515,IND
India,IND,OWID,Confirmed cases,Cori_slidingWindow,2020-11-29,0.8778072799401284,1.1248095666431182,0.6308049932371388,IND
India,IND,OWID,Confirmed cases,Cori_slidingWindow,2020-11-30,0.8790143650154982,1.1489646254178527,0.6090641046131438,IND
India,IND,OWID,Confirmed cases,Cori_slidingWindow,2020-12-01,0.8780617917287544,1.1658862836704496,0.5902372997870593,IND
India,IND,OWID,Confirmed cases,Cori_slidingWindow,2020-12-02,0.8762819680564118,1.1643671762742969,0.5881967598385268,IND
India,IND,OWID,Confirmed cases,Cori_slidingWindow,2020-12-03,0.8751869693299975,1.1320511465025733,0.6183227921574216,IND
India,IND,OWID,Confirmed cases,Cori_slidingWindow,2020-12-04,0.8754396589801142,1.0870696975477543,0.6638096204124743,IND
India,IND,OWID,Confirmed cases,Cori_slidingWindow,2020-12-05,0.8767041940113296,1.0666902256325155,0.6867181623901436,IND
India,IND,OWID,Confirmed cases,Cori_slidingWindow,2020-12-06,0.8789139249722494,1.0824443959363836,0.6753834540081153,IND
India,IND,OWID,Confirmed cases,Cori_slidingWindow,2020-12-07,0.8828887856786845,1.1113689147830947,0.6544086565742742,IND
India,IND,OWID,Confirmed cases,Cori_slidingWindow,2020-12-08,0.8896691642439666,1.1326047106139143,0.6467336178740188,IND
India,IND,OWID,Confirmed cases,Cori_slidingWindow,2020-12-09,0.8983857303243743,1.1421030061591648,0.6546684544895838,IND
India,IND,OWID,Confirmed cases,Cori_slidingWindow,2020-12-10,0.9069627334345011,1.1484839737178607,0.6654414931511413,IND
India,IND,OWID,Confirmed cases,Cori_slidingWindow,2020-12-11,0.9139525437664203,1.168114337207862,0.6597907503249787,IND
India,IND,OWID,Confirmed cases,Cori_slidingWindow,2020-12-12,0.9195583596339774,1.2068415309214937,0.6322751883464609,IND
India,IND,OWID,Confirmed cases,Cori_slidingWindow,2020-12-13,0.9243381291517846,1.2467169713213395,0.6019592869822298,IND
India,IND,OWID,Confirmed cases,Cori_slidingWindow,2020-12-14,0.9276078121149726,1.2616282007998711,0.593587423430074,IND
India,IND,OWID,Confirmed cases,Cori_slidingWindow,2020-12-15,0.9280298362667622,1.242705419239727,0.6133542532937972,IND
India,IND,OWID,Confirmed cases,Cori_slidingWindow,2020-12-16,0.9253341364378893,1.2070179884247538,0.6436502844510248,IND
India,IND,OWID,Confirmed cases,Cori_slidingWindow,2020-12-17,0.9203267311268712,1.1759560182452908,0.6646974440084517,IND
India,IND,OWID,Confirmed cases,Cori_slidingWindow,2020-12-18,0.9143138616271526,1.16632429241576,0.6623034308385451,IND
India,IND,OWID,Confirmed cases,Cori_slidingWindow,2020-12-19,0.9080929870954726,1.1869268860017592,0.629259088189186,IND
India,IND,OWID,Confirmed cases,Cori_slidingWindow,2020-12-20,0.9019762319735161,1.2191897575672026,0.5847627063798295,IND
India,IND,OWID,Confirmed cases,Cori_slidingWindow,2020-12-21,0.8967249526392285,1.2312446081905482,0.5622052970879088,IND
India,IND,OWID,Confirmed cases,Cori_slidingWindow,2020-12-22,0.8938172225823655,1.2174668444690253,0.5701676006957057,IND
India,IND,OWID,Confirmed cases,Cori_slidingWindow,2020-12-23,0.8952378383090307,1.201037566041695,0.5894381105763664,IND
India,IND,OWID,Confirmed cases,Cori_slidingWindow,2020-12-24,0.9021768067234311,1.1958229983750543,0.608530615071808,IND
India,IND,OWID,Confirmed cases,Cori_slidingWindow,2020-12-25,0.9141548413143978,1.1955975753492425,0.6327121072795532,IND
India,IND,OWID,Confirmed cases,Cori_slidingWindow,2020-12-26,0.928633391372223,1.1901265209172396,0.6671402618272064,IND
India,IND,OWID,Confirmed cases,Cori_slidingWindow,2020-12-27,0.9420974256443084,1.1854287198286115,0.6987661314600053,IND
India,IND,OWID,Confirmed cases,Cori_slidingWindow,2020-12-28,0.9520481005222047,1.210853323151512,0.6932428778928974,IND
India,IND,OWID,Confirmed cases,Cori_slidingWindow,2020-12-29,0.95781965085719,1.2810497295877472,0.6345895721266328,IND
India,IND,OWID,Confirmed cases,Cori_slidingWindow,2020-12-30,0.9606629898921888,1.3490088507520301,0.5723171290323473,IND
India,IND,OWID,Confirmed cases,Cori_slidingWindow,2020-12-31,0.9611387146241618,1.3680047624492055,0.554272666799118,IND
India,IND,OWID,Confirmed cases,Cori_slidingWindow,2021-01-01,0.9581213492161719,1.3520971903950987,0.5641455080372451,IND
India,IND,OWID,Confirmed cases,Cori_slidingWindow,2021-01-02,0.9500599380127617,1.3500547536809167,0.5500651223446067,IND
India,IND,OWID,Confirmed cases,Cori_slidingWindow,2021-01-03,0.9379911079249753,1.3847571935415361,0.4912250223084146,IND
India,IND,OWID,Confirmed cases,Cori_slidingWindow,2021-01-04,0.9254370563899039,1.439394359766114,0.41147975301369377,IND
India,IND,OWID,Confirmed cases,Cori_slidingWindow,2021-01-05,0.9150226651012003,1.5612959277750142,0.26874940242738643,IND
India,IND,OWID,Confirmed cases,Cori_slidingWindow,2021-01-06,0.9066168390620812,1.7642455115137592,0.048988166610403394,IND
India,IND,OWID,Confirmed cases,Cori_slidingWindow,2021-01-07,0.8985268672611244,1.7733591867496,0.02369454777264901,IND
India,IND,OWID,Confirmed cases,Cori_slidingWindow,2021-01-08,0.8908577886451426,1.566954004109448,0.21476157318083722,IND
India,IND,OWID,Confirmed cases,Cori_slidingWindow,2021-01-09,0.8859377234447569,1.3650007140694937,0.40687473282001996,IND
India,IND,OWID,Confirmed cases,Cori_slidingWindow,2021-01-10,0.8865241712434729,1.265143371488838,0.5079049709981078,IND
India,IND,OWID,Confirmed cases,Cori_slidingWindow,2021-01-11,0.8933596287963043,1.2321165251333037,0.5546027324593048,IND
India,IND,OWID,Confirmed cases,Cori_slidingWindow,2021-01-12,0.9056146886079282,1.2206461157528916,0.5905832614629647,IND
India,IND,OWID,Confirmed cases,Cori_slidingWindow,2021-01-13,0.922076280130532,1.22017570601274,0.6239768542483239,IND
India,IND,OWID,Confirmed cases,Cori_slidingWindow,2021-01-14,0.9409157037365214,1.2316488066281608,0.6501826008448821,IND
India,IND,OWID,Confirmed cases,Cori_slidingWindow,2021-01-15,0.958845938561298,1.2429594674661286,0.6747324096564673,IND
India,IND,OWID,Confirmed cases,Cori_slidingWindow,2021-01-16,0.9722939251540386,1.2422873678987056,0.7023004824093715,IND
India,IND,OWID,Confirmed cases,Cori_slidingWindow,2021-01-17,0.9791384335698777,1.2347294540723923,0.7235474130673631,IND
India,IND,OWID,Confirmed cases,Cori_slidingWindow,2021-01-18,0.9794397872191597,1.235509015446525,0.7233705589917945,IND
India,IND,OWID,Confirmed cases,Cori_slidingWindow,2021-01-19,0.9744513600675893,1.2483303745156706,0.7005723456195079,IND
India,IND,OWID,Confirmed cases,Cori_slidingWindow,2021-01-20,0.9663296350767456,1.2632145388466012,0.6694447313068901,IND
India,IND,OWID,Confirmed cases,Cori_slidingWindow,2021-01-21,0.9578967235952477,1.269952120413364,0.6458413267771315,IND
India,IND,OWID,Confirmed cases,Cori_slidingWindow,2021-01-22,0.950950221399156,1.261981348836656,0.6399190939616559,IND
India,IND,OWID,Confirmed cases,Cori_slidingWindow,2021-01-23,0.9449508635558305,1.2414106099234052,0.6484911171882556,IND
India,IND,OWID,Confirmed cases,Cori_slidingWindow,2021-01-24,0.9380118935214178,1.2188057053955383,0.6572180816472972,IND
India,IND,OWID,Confirmed cases,Cori_slidingWindow,2021-01-25,0.9300100339506912,1.2037927598124458,0.6562273080889365,IND
India,IND,OWID,Confirmed cases,Cori_slidingWindow,2021-01-26,0.9232234356030314,1.1988031992780397,0.6476436719280232,IND
India,IND,OWID,Confirmed cases,Cori_slidingWindow,2021-01-27,0.9209868966644006,1.1989317290948156,0.6430420642339855,IND
India,IND,OWID,Confirmed cases,Cori_slidingWindow,2021-01-28,0.9248014384120802,1.1968343152385432,0.652768561585617,IND
India,IND,OWID,Confirmed cases,Cori_slidingWindow,2021-01-29,0.9336693113791615,1.1927690714775838,0.6745695512807393,IND
India,IND,OWID,Confirmed cases,Cori_slidingWindow,2021-01-30,0.9445684115089392,1.1928684873845254,0.696268335633353,IND
India,IND,OWID,Confirmed cases,Cori_slidingWindow,2021-01-31,0.9552916705092301,1.1990395285903972,0.7115438124280631,IND
India,IND,OWID,Confirmed cases,Cori_slidingWindow,2021-02-01,0.9665445987244623,1.20696162880846,0.7261275686404647,IND
India,IND,OWID,Confirmed cases,Cori_slidingWindow,2021-02-02,0.9801502567718341,1.212550411312501,0.7477501022311673,IND
India,IND,OWID,Confirmed cases,Cori_slidingWindow,2021-02-03,0.9971448980235842,1.2202186051586057,0.7740711908885627,IND
India,IND,OWID,Confirmed cases,Cori_slidingWindow,2021-02-04,1.0162942816217697,1.243303501373724,0.7892850618698155,IND
India,IND,OWID,Confirmed cases,Cori_slidingWindow,2021-02-05,1.0358865771037367,1.2887404258587227,0.7830327283487506,IND
India,IND,OWID,Confirmed cases,Cori_slidingWindow,2021-02-06,1.0549739690790911,1.3431367108413508,0.7668112273168315,IND
India,IND,OWID,Confirmed cases,Cori_slidingWindow,2021-02-07,1.073781697115431,1.3858561062093377,0.7617072880215242,IND
India,IND,OWID,Confirmed cases,Cori_slidingWindow,2021-02-08,1.0928369161975107,1.4059320274894338,0.7797418049055875,IND
India,IND,OWID,Confirmed cases,Cori_slidingWindow,2021-02-09,1.1119795477595227,1.4121124420926323,0.811846653426413,IND
India,IND,OWID,Confirmed cases,Cori_slidingWindow,2021-02-10,1.1306282731127237,1.4242694648517042,0.8369870813737432,IND
India,IND,OWID,Confirmed cases,Cori_slidingWindow,2021-02-11,1.1466241292266266,1.4448632007041398,0.8483850577491134,IND
India,IND,OWID,Confirmed cases,Cori_slidingWindow,2021-02-12,1.1567967714922671,1.4551232399683487,0.8584703030161855,IND
India,IND,OWID,Confirmed cases,Cori_slidingWindow,2021-02-13,1.1591406952770804,1.4515773664225016,0.8667040241316593,IND
India,IND,OWID,Confirmed cases,Cori_slidingWindow,2021-02-14,1.1541109717618,1.4485324024574335,0.8596895410661667,IND
India,IND,OWID,Confirmed cases,Cori_slidingWindow,2021-02-15,1.1437089532996667,1.4443716321815057,0.8430462744178278,IND
India,IND,OWID,Confirmed cases,Cori_slidingWindow,2021-02-16,1.1296852303619291,1.4235377159211657,0.8358327448026925,IND
India,IND,OWID,Confirmed cases,Cori_slidingWindow,2021-02-17,1.11368004824027,1.3886765120447395,0.8386835844358005,IND
India,IND,OWID,Confirmed cases,Cori_slidingWindow,2021-02-18,1.0977616790022255,1.3654467164500632,0.8300766415543879,IND
India,IND,OWID,Confirmed cases,Cori_slidingWindow,2021-02-19,1.0837850914641962,1.3680376835327759,0.7995324993956165,IND
India,IND,OWID,Confirmed cases,Cori_slidingWindow,2021-02-20,1.072775750239796,1.3804141949472273,0.7651373055323648,IND
India,IND,OWID,Confirmed cases,Cori_slidingWindow,2021-02-21,1.0645302765868268,1.3840505343920915,0.745010018781562,IND
India,IND,OWID,Confirmed cases,Cori_slidingWindow,2021-02-22,1.059789631952694,1.3836657041890943,0.7359135597162938,IND
India,IND,OWID,Confirmed cases,Cori_slidingWindow,2021-02-23,1.0607713563949974,1.3941566622378587,0.7273860505521361,IND
India,IND,OWID,Confirmed cases,Cori_slidingWindow,2021-02-24,1.0694544381268298,1.4203838348375788,0.7185250414160809,IND
India,IND,OWID,Confirmed cases,Cori_slidingWindow,2021-02-25,1.0857783167632116,1.4561575098365838,0.7153991236898394,IND
India,IND,OWID,Confirmed cases,Cori_slidingWindow,2021-02-26,1.1078492516409058,1.4926359268359957,0.7230625764458158,IND
India,IND,OWID,Confirmed cases,Cori_slidingWindow,2021-02-27,1.1338980188815952,1.5152729788301686,0.7525230589330218,IND
India,IND,OWID,Confirmed cases,Cori_slidingWindow,2021-02-28,1.1623798331311774,1.519906223530194,0.804853442732161,IND
India,IND,OWID,Confirmed cases,Cori_slidingWindow,2021-03-01,1.1935419178617823,1.5265547751060753,0.8605290606174895,IND
India,IND,OWID,Confirmed cases,Cori_slidingWindow,2021-03-02,1.228685883968638,1.555560274622887,0.9018114933143894,IND
India,IND,OWID,Confirmed cases,Cori_slidingWindow,2021-03-03,1.2681277089344163,1.6089047395126024,0.9273506783562302,IND
India,IND,OWID,Confirmed cases,Cori_slidingWindow,2021-03-04,1.3095639372989645,1.6868650924177446,0.9322627821801843,IND
India,IND,OWID,Confirmed cases,Cori_slidingWindow,2021-03-05,1.347510941030722,1.77599846337187,0.919023418689574,IND
India,IND,OWID,Confirmed cases,Cori_slidingWindow,2021-03-06,1.3774712749900997,1.8304370801748107,0.9245054698053886,IND
India,IND,OWID,Confirmed cases,Cori_slidingWindow,2021-03-07,1.3984546957374662,1.8231473578009902,0.9737620336739421,IND
India,IND,OWID,Confirmed cases,Cori_slidingWindow,2021-03-08,1.4123530517480245,1.7856582551142917,1.0390478483817573,IND
India,IND,OWID,Confirmed cases,Cori_slidingWindow,2021-03-09,1.4204268356126597,1.7594342315417015,1.0814194396836179,IND
India,IND,OWID,Confirmed cases,Cori_slidingWindow,2021-03-10,1.4220206499191734,1.7469336650957017,1.0971076347426452,IND
India,IND,OWID,Confirmed cases,Cori_slidingWindow,2021-03-11,1.4162395363551314,1.750368311254368,1.082110761455895,IND
India,IND,OWID,Confirmed cases,Cori_slidingWindow,2021-03-12,1.4017314425915592,1.7756994205068792,1.0277634646762392,IND
India,IND,OWID,Confirmed cases,Cori_slidingWindow,2021-03-13,1.3777007270802926,1.7847889116801805,0.9706125424804045,IND
India,IND,OWID,Confirmed cases,Cori_slidingWindow,2021-03-14,1.3457339255376213,1.7380154989406338,0.9534523521346088,IND
India,IND,OWID,Confirmed cases,Cori_slidingWindow,2021-03-15,1.3115867205476144,1.649567505169815,0.9736059359254137,IND
India,IND,OWID,Confirmed cases,Cori_slidingWindow,2021-03-16,1.2816823597522466,1.5632984586416,1.0000662608628932,IND
India,IND,OWID,Confirmed cases,Cori_slidingWindow,2021-03-17,1.2592433832636984,1.5093289929673235,1.0091577735600734,IND
India,IND,OWID,Confirmed cases,Cori_slidingWindow,2021-03-18,1.2438574149803907,1.5026271654426706,0.9850876645181108,IND
India,IND,OWID,Confirmed cases,Cori_slidingWindow,2021-03-19,1.2357413886960367,1.537866877079352,0.9336159003127213,IND
India,IND,OWID,Confirmed cases,Cori_slidingWindow,2021-03-20,1.2365774862062668,1.5742786815959697,0.898876290816564,IND
India,IND,OWID,Confirmed cases,Cori_slidingWindow,2021-03-21,1.2466051162510272,1.5816826133216897,0.9115276191803647,IND
India,IND,OWID,Confirmed cases,Cori_slidingWindow,2021-03-22,1.2635531980939831,1.574756176749513,0.9523502194384531,IND
India,IND,OWID,Confirmed cases,Cori_slidingWindow,2021-03-23,1.284610762656779,1.5848469030964076,0.9843746222171507,IND
India,IND,OWID,Confirmed cases,Cori_slidingWindow,2021-03-24,1.3084434533647589,1.618945749738477,0.9979411569910408,IND
India,IND,OWID,Confirmed cases,Cori_slidingWindow,2021-03-25,1.3343503843636877,1.6830833188090588,0.9856174499183166,IND
India,IND,OWID,Confirmed cases,Cori_slidingWindow,2021-03-26,1.360147859975589,1.7763181619110362,0.9439775580401417,IND
India,IND,OWID,Confirmed cases,Cori_slidingWindow,2021-03-27,1.3825086887237505,1.8397476693641517,0.9252697080833495,IND
India,IND,OWID,Confirmed cases,Cori_slidingWindow,2021-03-28,1.3983355670787063,1.8256300228444444,0.9710411113129682,IND
India,IND,OWID,Confirmed cases,Cori_slidingWindow,2021-03-29,1.407251637106844,1.7721452103175779,1.04235806389611,IND
India,IND,OWID,Confirmed cases,Cori_slidingWindow,2021-03-30,1.4114347095868032,1.7481476119319783,1.074721807241628,IND
India,IND,OWID,Confirmed cases,Cori_slidingWindow,2021-03-31,1.4130483028735767,1.7563267945083358,1.0697698112388176,IND
India,IND,OWID,Confirmed cases,Cori_slidingWindow,2021-04-01,1.412942522670215,1.767530012305234,1.058355033035196,IND
India,IND,OWID,Confirmed cases,Cori_slidingWindow,2021-04-02,1.4108371631388759,1.770851299025507,1.0508230272522447,IND
India,IND,OWID,Confirmed cases,Cori_slidingWindow,2021-04-03,1.4069870605836485,1.7569714927451032,1.0570026284221938,IND
India,IND,OWID,Confirmed cases,Cori_slidingWindow,2021-04-04,1.4024294101329027,1.7305280893206185,1.0743307309451868,IND
India,IND,OWID,Confirmed cases,Cori_slidingWindow,2021-04-05,1.3976935737558274,1.718941105354658,1.0764460421569968,IND
India,IND,OWID,Confirmed cases,Cori_slidingWindow,2021-04-06,1.3922105983336348,1.7283594439467649,1.0560617527205047,IND
India,IND,OWID,Confirmed cases,Cori_slidingWindow,2021-04-07,1.3850795436084387,1.7321784804728533,1.037980606744024,IND
India,IND,OWID,Confirmed cases,Cori_slidingWindow,2021-04-08,1.3761157215703175,1.7219820770426015,1.0302493660980334,IND
India,IND,OWID,Confirmed cases,Cori_slidingWindow,2021-04-09,1.3641144804740963,1.7061102201484366,1.022118740799756,IND
India,IND,OWID,Confirmed cases,Cori_slidingWindow,2021-04-10,1.3471317129839544,1.679955239865071,1.0143081861028378,IND
India,IND,OWID,Confirmed cases,Cori_slidingWindow,2021-04-11,1.324702257742237,1.643444868639709,1.005959646844765,IND
India,IND,OWID,Confirmed cases,Cori_slidingWindow,2021-04-12,1.298584642096474,1.621349211576616,0.975820072616332,IND
India,IND,OWID,Confirmed cases,Cori_slidingWindow,2021-04-13,1.2710101656873212,1.621709428533463,0.9203109028411793,IND
India,IND,OWID,Confirmed cases,Cori_slidingWindow,2021-04-14,1.2429241540906286,1.6181631565731345,0.8676851516081228,IND
India,IND,OWID,Confirmed cases,Cori_slidingWindow,2021-04-15,1.2145533708863647,1.6048100459991272,0.8242966957736021,IND
India,IND,OWID,Confirmed cases,Cori_slidingWindow,2021-04-16,1.1862581208268907,1.5975385266126094,0.7749777150411721,IND
India,IND,OWID,Confirmed cases,Cori_slidingWindow,2021-04-17,1.1587497762052235,1.5821223279617669,0.73537722444868,IND
India,IND,OWID,Confirmed cases,Cori_slidingWindow,2021-04-18,1.1330430822940234,1.5295659288075822,0.7365202357804645,IND
India,IND,OWID,Confirmed cases,Cori_slidingWindow,2021-04-19,1.1101887731849953,1.4442560222030818,0.7761215241669088,IND
India,IND,OWID,Confirmed cases,Cori_slidingWindow,2021-04-20,1.0909596252208866,1.3663702747390325,0.8155489757027408,IND
India,IND,OWID,Confirmed cases,Cori_slidingWindow,2021-04-21,1.0755203618158622,1.32639104982609,0.8246496738056344,IND
India,IND,OWID,Confirmed cases,Cori_slidingWindow,2021-04-22,1.0633591948937902,1.3197943209431804,0.8069240688443999,IND
India,IND,OWID,Confirmed cases,Cori_slidingWindow,2021-04-23,1.0533343668736053,1.329332411972611,0.7773363217745995,IND
India,IND,OWID,Confirmed cases,Cori_slidingWindow,2021-04-24,1.0435882443201467,1.3463197596764693,0.7408567289638242,IND
India,IND,OWID,Confirmed cases,Cori_slidingWindow,2021-04-25,1.0325050614698836,1.361665475900531,0.7033446470392362,IND
India,IND,OWID,Confirmed cases,Cori_slidingWindow,2021-04-26,1.0195775679078103,1.3657617707221419,0.6733933650934787,IND
India,IND,OWID,Confirmed cases,Cori_slidingWindow,2021-04-27,1.0054652305994747,1.3544888748049808,0.6564415863939685,IND
India,IND,OWID,Confirmed cases,Cori_slidingWindow,2021-04-28,0.9905993884959254,1.3279324904984584,0.6532662864933925,IND
India,IND,OWID,Confirmed cases,Cori_slidingWindow,2021-04-29,0.974453034401505,1.2884898828550095,0.6604161859480004,IND
India,IND,OWID,Confirmed cases,Cori_slidingWindow,2021-04-30,0.9559798092693145,1.2448384982182672,0.6671211203203619,IND
India,IND,OWID,Confirmed cases,Cori_slidingWindow,2021-05-01,0.9352612643974799,1.2097557997166692,0.6607667290782907,IND
India,IND,OWID,Confirmed cases,Cori_slidingWindow,2021-05-02,0.913478807577761,1.1871555606510835,0.6398020545044385,IND
India,IND,OWID,Confirmed cases,Cori_slidingWindow,2021-05-03,0.891928976504082,1.1752939434290963,0.6085640095790676,IND
India,IND,OWID,Confirmed cases,Cori_slidingWindow,2021-05-04,0.8718475150440647,1.1696397790235589,0.5740552510645704,IND
India,IND,OWID,Confirmed cases,Cori_slidingWindow,2021-05-05,0.8543539559414322,1.1567412503995222,0.5519666614833421,IND
India,IND,OWID,Confirmed cases,Cori_slidingWindow,2021-05-06,0.8405167564221241,1.1283940038005638,0.5526395090436844,IND
India,IND,OWID,Confirmed cases,Cori_slidingWindow,2021-05-07,0.8304310827564246,1.094041034410562,0.5668211311022873,IND
India,IND,OWID,Confirmed cases,Cori_slidingWindow,2021-05-08,0.8231804986162984,1.0716232746147853,0.5747377226178114,IND
India,IND,OWID,Confirmed cases,Cori_slidingWindow,2021-05-09,0.8181352275055818,1.0661306690415686,0.5701397859695948,IND
India,IND,OWID,Confirmed cases,Cori_slidingWindow,2021-05-10,0.8151656232874731,1.0640384403975491,0.566292806177397,IND
India,IND,OWID,Confirmed cases,Cori_slidingWindow,2021-05-11,0.8142369303496488,1.0565801824020546,0.5718936782972431,IND
India,IND,OWID,Confirmed cases,Cori_slidingWindow,2021-05-12,0.8146055142954809,1.0514026962630443,0.5778083323279175,IND
India,IND,OWID,Confirmed cases,Cori_slidingWindow,2021-05-13,0.814927273128629,1.0576390500266664,0.5722154962305915,IND
India,IND,OWID,Confirmed cases,Cori_slidingWindow,2021-05-14,0.813774562030357,1.0699355057348692,0.557613618325845,IND
India,IND,OWID,Confirmed cases,Cori_slidingWindow,2021-05-15,0.8103731869143629,1.0748500965242904,0.5458962773044354,IND
India,IND,OWID,Confirmed cases,Cori_slidingWindow,2021-05-16,0.8045656549178477,1.067384740287186,0.5417465695485093,IND
India,IND,OWID,Confirmed cases,Cori_slidingWindow,2021-05-17,0.7966605018248178,1.0574592432357455,0.5358617604138903,IND
India,IND,OWID,Confirmed cases,Cori_slidingWindow,2021-05-18,0.7871499494236526,1.055556310804001,0.5187435880433041,IND
India,IND,OWID,Confirmed cases,Cori_slidingWindow,2021-05-19,0.7768241055310054,1.0513728133547386,0.5022753977072723,IND
India,IND,OWID,Confirmed cases,Cori_slidingWindow,2021-05-20,0.7667779587832132,1.0319115058561237,0.5016444117103027,IND
India,IND,OWID,Confirmed cases,Cori_slidingWindow,2021-05-21,0.757969597730048,1.0150486198140238,0.5008905756460722,IND
India,IND,OWID,Confirmed cases,Cori_slidingWindow,2021-05-22,0.75071048215782,1.022109813364827,0.479311150950813,IND
India,IND,OWID,Confirmed cases,Cori_slidingWindow,2021-05-23,0.7448179516279995,1.0447826380025642,0.4448532652534347,IND
India,IND,OWID,Confirmed cases,Cori_slidingWindow,2021-05-24,0.7405281193738755,1.057937471173994,0.42311876757375705,IND
India,IND,OWID,Confirmed cases,Cori_slidingWindow,2021-05-25,0.738785358228898,1.063004612130857,0.4145661043269392,IND
India,IND,OWID,Confirmed cases,Cori_slidingWindow,2021-05-26,0.7405474600730059,1.0801389975596234,0.40095592258638835,IND
India,IND,OWID,Confirmed cases,Cori_slidingWindow,2021-05-27,0.7455937844179318,1.0778345390642152,0.41335302977164845,IND
India,IND,OWID,Confirmed cases,Cori_slidingWindow,2021-05-28,0.752599474582698,1.0440114695929172,0.46118747957247885,IND
India,IND,OWID,Confirmed cases,Cori_slidingWindow,2021-05-29,0.759817778911948,1.0284472630970023,0.4911882947268938,IND
India,IND,OWID,Confirmed cases,Cori_slidingWindow,2021-05-30,0.7659459007736023,1.0543724583617804,0.4775193431854242,IND
India,IND,OWID,Confirmed cases,Cori_slidingWindow,2021-05-31,0.7703260247880175,1.0822005333495952,0.4584515162264397,IND
India,IND,OWID,Confirmed cases,Cori_slidingWindow,2021-06-01,0.7733314816147515,1.0879193708869885,0.4587435923425146,IND
India,IND,OWID,Confirmed cases,Cori_slidingWindow,2021-06-02,0.7760591731141165,1.0917122290689465,0.4604061171592866,IND
India,IND,OWID,Confirmed cases,Cori_slidingWindow,2021-06-03,0.7791543607388979,1.1078345724192713,0.4504741490585245,IND
India,IND,OWID,Confirmed cases,Cori_slidingWindow,2021-06-04,0.7824638654779321,1.119775449730185,0.4451522812256791,IND
India,IND,OWID,Confirmed cases,Cori_slidingWindow,2021-06-05,0.7852175225855578,1.111170341482204,0.45926470368891154,IND
India,IND,OWID,Confirmed cases,Cori_slidingWindow,2021-06-06,0.7871217693689044,1.0845598205157805,0.48968371822202833,IND
India,IND,OWID,Confirmed cases,Cori_slidingWindow,2021-06-07,0.7889079341105045,1.0655878606362152,0.5122280075847938,IND
India,IND,OWID,Confirmed cases,Cori_slidingWindow,2021-06-08,0.7922589893140544,1.117689648482911,0.46682833014519765,IND
India,IND,OWID,Confirmed cases,Cori_slidingWindow,2021-06-09,0.7987365434882496,1.2243845885634135,0.37308849841308583,IND
India,IND,OWID,Confirmed cases,Cori_slidingWindow,2021-06-10,0.8085462925743215,1.2670755263449283,0.3500170588037149,IND
India,IND,OWID,Confirmed cases,Cori_slidingWindow,2021-06-11,0.8209654791626714,1.228150252927604,0.41378070539773865,IND
India,IND,OWID,Confirmed cases,Cori_slidingWindow,2021-06-12,0.8349393501840724,1.1923509630733213,0.4775277372948234,IND
India,IND,OWID,Confirmed cases,Cori_slidingWindow,2021-06-13,0.8496716717981729,1.1940972566243158,0.5052460869720301,IND
India,IND,OWID,Confirmed cases,Cori_slidingWindow,2021-06-14,0.864536584497877,1.2022139303592965,0.5268592386364574,IND
India,IND,OWID,Confirmed cases,Cori_slidingWindow,2021-06-15,0.8792402646094493,1.2230051200673167,0.535475409151582,IND
India,IND,OWID,Confirmed cases,Cori_slidingWindow,2021-06-16,0.8939271735018487,1.2754377141987836,0.5124166328049138,IND
India,IND,OWID,Confirmed cases,Cori_slidingWindow,2021-06-17,0.908195666002197,1.3036342200628857,0.5127571119415084,IND
India,IND,OWID,Confirmed cases,Cori_slidingWindow,2021-06-18,0.920807926328883,1.2797253136108944,0.5618905390468716,IND
India,IND,OWID,Confirmed cases,Cori_slidingWindow,2021-06-19,0.9304499234849022,1.2632364771533453,0.5976633698164591,IND
India,IND,OWID,Confirmed cases,Cori_slidingWindow,2021-06-20,0.9366898603080288,1.2840388920975963,0.5893408285184614,IND
India,IND,OWID,Confirmed cases,Cori_slidingWindow,2021-06-21,0.9406589268378898,1.3002032765892846,0.5811145770864948,IND
India,IND,OWID,Confirmed cases,Cori_slidingWindow,2021-06-22,0.9439235633029913,1.2876318468432417,0.6002152797627409,IND
India,IND,OWID,Confirmed cases,Cori_slidingWindow,2021-06-23,0.9476586300888726,1.2702175760982204,0.6250996840795249,IND
India,IND,OWID,Confirmed cases,Cori_slidingWindow,2021-06-24,0.9514834682239196,1.2802607746583103,0.6227061617895289,IND
India,IND,OWID,Confirmed cases,Cori_slidingWindow,2021-06-25,0.9540712117643875,1.3124305747900045,0.5957118487387705,IND
India,IND,OWID,Confirmed cases,Cori_slidingWindow,2021-06-26,0.9546328009884154,1.3359699418591242,0.5732956601177066,IND
India,IND,OWID,Confirmed cases,Cori_slidingWindow,2021-06-27,0.9536140925734073,1.337427841994152,0.5698003431526626,IND
India,IND,OWID,Confirmed cases,Cori_slidingWindow,2021-06-28,0.9523282850647973,1.328999952691784,0.5756566174378106,IND
India,IND,OWID,Confirmed cases,Cori_slidingWindow,2021-06-29,0.9517102840442948,1.3178405348637168,0.5855800332248728,IND
India,IND,OWID,Confirmed cases,Cori_slidingWindow,2021-06-30,0.9519889999209199,1.2939895756101119,0.6099884242317279,IND
India,IND,OWID,Confirmed cases,Cori_slidingWindow,2021-07-01,0.9528097369214712,1.2546020125498634,0.651017461293079,IND
India,IND,OWID,Confirmed cases,Cori_slidingWindow,2021-07-02,0.9538286212891864,1.217735973308787,0.689921269269586,IND
India,IND,OWID,Confirmed cases,Cori_slidingWindow,2021-07-03,0.9549131696047676,1.2002688396585048,0.7095574995510303,IND
India,IND,OWID,Confirmed cases,Cori_slidingWindow,2021-07-04,0.9559485973593487,1.2039830190741587,0.7079141756445386,IND
India,IND,OWID,Confirmed cases,Cori_slidingWindow,2021-07-05,0.9568322105457633,1.2264861770231683,0.6871782440683583,IND
India,IND,OWID,Confirmed cases,Cori_slidingWindow,2021-07-06,0.9579856545571122,1.2589604675325128,0.6570108415817115,IND
India,IND,OWID,Confirmed cases,Cori_slidingWindow,2021-07-07,0.9605057462393972,1.2854147390189745,0.6355967534598199,IND
India,IND,OWID,Confirmed cases,Cori_slidingWindow,2021-07-08,0.9652162863102705,1.2950437946015874,0.6353887780189534,IND
India,IND,OWID,Confirmed cases,Cori_slidingWindow,2021-07-09,0.9717787449211179,1.2949217211443889,0.648635768697847,IND
India,IND,OWID,Confirmed cases,Cori_slidingWindow,2021-07-10,0.9791829741681507,1.2943899049314287,0.6639760434048728,IND
India,IND,OWID,Confirmed cases,Cori_slidingWindow,2021-07-11,0.9866044338157792,1.288032347596782,0.6851765200347764,IND
India,IND,OWID,Confirmed cases,Cori_slidingWindow,2021-07-12,0.9945194635761735,1.2744874459210684,0.7145514812312785,IND
India,IND,OWID,Confirmed cases,Cori_slidingWindow,2021-07-13,1.0038529511808567,1.2641779241473783,0.7435279782143351,IND
India,IND,OWID,Confirmed cases,Cori_slidingWindow,2021-07-14,1.01507577995682,1.2685450505084623,0.7616065094051776,IND
India,IND,OWID,Confirmed cases,Cori_slidingWindow,2021-07-15,1.0266172212009348,1.2900829610406195,0.7631514813612501,IND
India,IND,OWID,Confirmed cases,Cori_slidingWindow,2021-07-16,1.0358061404880956,1.317476999223786,0.7541352817524052,IND
India,IND,OWID,Confirmed cases,Cori_slidingWindow,2021-07-17,1.0411067282627766,1.3296131371600186,0.7526003193655345,IND
India,IND,OWID,Confirmed cases,Cori_slidingWindow,2021-07-18,1.0431995491023616,1.3189249611610605,0.7674741370436626,IND
India,IND,OWID,Confirmed cases,Cori_slidingWindow,2021-07-19,1.0438352751261166,1.3013609605454768,0.7863095897067565,IND
India,IND,OWID,Confirmed cases,Cori_slidingWindow,2021-07-20,1.0436194033868917,1.290258746348038,0.7969800604257455,IND
India,IND,OWID,Confirmed cases,Cori_slidingWindow,2021-07-21,1.041864458985042,1.2857606948722842,0.7979682230978,IND
India,IND,OWID,Confirmed cases,Cori_slidingWindow,2021-07-22,1.0370526616662414,1.2860419990446945,0.7880633242877885,IND
India,IND,OWID,Confirmed cases,Cori_slidingWindow,2021-07-23,1.028325462629637,1.2880685416044992,0.7685823836547747,IND
India,IND,OWID,Confirmed cases,Cori_slidingWindow,2021-07-24,1.0158724039302316,1.282802353289746,0.7489424545707173,IND
India,IND,OWID,Confirmed cases,Cori_slidingWindow,2021-07-25,1.0008660855484925,1.2660172215234935,0.7357149495734917,IND
India,IND,OWID,Confirmed cases,Cori_slidingWindow,2021-07-26,0.9856587108412135,1.2454443289229324,0.7258730927594944,IND
India,IND,OWID,Confirmed cases,Cori_slidingWindow,2021-07-27,0.9726829732833675,1.2267932177516347,0.7185727288151003,IND
India,IND,OWID,Confirmed cases,Cori_slidingWindow,2021-07-28,0.9632055014691605,1.2110929738236529,0.7153180291146681,IND
India,IND,OWID,Confirmed cases,Cori_slidingWindow,2021-07-29,0.956302448987844,1.2084684374663477,0.7041364605093403,IND
India,IND,OWID,Confirmed cases,Cori_slidingWindow,2021-07-30,0.9501869375396813,1.2331792621640432,0.6671946129153195,IND
India,IND,OWID,Confirmed cases,Cori_slidingWindow,2021-07-31,0.9439393397045658,1.2705722543037854,0.6173064251053462,IND
India,IND,OWID,Confirmed cases,Cori_slidingWindow,2021-08-01,0.9377198277614145,1.2898556698977748,0.5855839856250541,IND
India,IND,OWID,Confirmed cases,Cori_slidingWindow,2021-08-02,0.9322006536487234,1.2800442050798542,0.5843571022175927,IND
India,IND,OWID,Confirmed cases,Cori_slidingWindow,2021-08-03,0.9277864150561672,1.2466862148504374,0.608886615261897,IND
India,IND,OWID,Confirmed cases,Cori_slidingWindow,2021-08-04,0.9244215779037197,1.2040538015106728,0.6447893542967666,IND
India,IND,OWID,Confirmed cases,Cori_slidingWindow,2021-08-05,0.9216000761136979,1.1720081266704956,0.6711920255569002,IND
India,IND,OWID,Confirmed cases,Cori_slidingWindow,2021-08-06,0.9189892062591867,1.1616535867491613,0.676324825769212,IND
India,IND,OWID,Confirmed cases,Cori_slidingWindow,2021-08-07,0.9168105172845566,1.1626824959971316,0.6709385385719817,IND
India,IND,OWID,Confirmed cases,Cori_slidingWindow,2021-08-08,0.9157575348400278,1.1651906309519435,0.6663244387281121,IND
India,IND,OWID,Confirmed cases,Cori_slidingWindow,2021-08-09,0.9188774324044517,1.176667642062755,0.6610872227461484,IND
India,IND,OWID,Confirmed cases,Cori_slidingWindow,2021-08-10,0.9307904139981975,1.2047533746979107,0.6568274532984844,IND
India,IND,OWID,Confirmed cases,Cori_slidingWindow,2021-08-11,0.9549930808774882,1.2481041013527652,0.6618820604022113,IND
India,IND,OWID,Confirmed cases,Cori_slidingWindow,2021-08-12,0.9910618091079543,1.300898198637701,0.6812254195782075,IND
India,IND,OWID,Confirmed cases,Cori_slidingWindow,2021-08-13,1.0328542734170199,1.3537674423291595,0.7119411045048802,IND
India,IND,OWID,Confirmed cases,Cori_slidingWindow,2021-08-14,1.0730489502971918,1.393251654053078,0.7528462465413057,IND
India,IND,OWID,Confirmed cases,Cori_slidingWindow,2021-08-15,1.1070562108854132,1.4119076706812757,0.8022047510895507,IND
India,IND,OWID,Confirmed cases,Cori_slidingWindow,2021-08-16,1.1360152699048214,1.424893727352003,0.8471368124576396,IND
India,IND,OWID,Confirmed cases,Cori_slidingWindow,2021-08-17,1.1617280118401911,1.4648967318469237,0.8585592918334586,IND
India,IND,OWID,Confirmed cases,Cori_slidingWindow,2021-08-18,1.1810862028057754,1.524378081533748,0.8377943240778027,IND
India,IND,OWID,Confirmed cases,Cori_slidingWindow,2021-08-19,1.1884093452490028,1.5631397875167636,0.8136789029812419,IND
India,IND,OWID,Confirmed cases,Cori_slidingWindow,2021-08-20,1.1799102583100751,1.575691883459191,0.7841286331609592,IND
India,IND,OWID,Confirmed cases,Cori_slidingWindow,2021-08-21,1.15702501970358,1.5682943656341937,0.7457556737729665,IND
India,IND,OWID,Confirmed cases,Cori_slidingWindow,2021-08-22,1.1235611508723005,1.5178375683711016,0.7292847333734993,IND
India,IND,OWID,Confirmed cases,Cori_slidingWindow,2021-08-23,1.0838157384117957,1.4245586527751186,0.7430728240484727,IND
India,IND,OWID,Confirmed cases,Cori_slidingWindow,2021-08-24,1.0410399750115946,1.3329214003541339,0.7491585496690554,IND
India,IND,OWID,Confirmed cases,Cori_slidingWindow,2021-08-25,0.9976661806611635,1.2626901713309324,0.7326421899913946,IND
India,IND,OWID,Confirmed cases,Cori_slidingWindow,2021-08-26,0.955791747021008,1.209518887261341,0.7020646067806751,IND
India,IND,OWID,Confirmed cases,Cori_slidingWindow,2021-08-27,0.9173218357831701,1.182068224613509,0.6525754469528311,IND
India,IND,OWID,Confirmed cases,Cori_slidingWindow,2021-08-28,0.8836746651766563,1.1778488166864256,0.589500513666887,IND
India,IND,OWID,Confirmed cases,Cori_slidingWindow,2021-08-29,0.855521113738511,1.1729390850409418,0.5381031424360803,IND
India,IND,OWID,Confirmed cases,Cori_slidingWindow,2021-08-30,0.8328250886252586,1.151900382315655,0.5137497949348621,IND
India,IND,OWID,Confirmed cases,Cori_slidingWindow,2021-08-31,0.8171724781801782,1.1229976948182383,0.5113472615421183,IND
India,IND,OWID,Confirmed cases,Cori_slidingWindow,2021-09-01,0.8111269781832569,1.101506203631315,0.5207477527351988,IND
India,IND,OWID,Confirmed cases,Cori_slidingWindow,2021-09-02,0.815765466339072,1.1009859984712602,0.5305449342068838,IND
India,IND,OWID,Confirmed cases,Cori_slidingWindow,2021-09-03,0.828487325355537,1.1330544361937758,0.5239202145172982,IND
India,IND,OWID,Confirmed cases,Cori_slidingWindow,2021-09-04,0.8455686883192249,1.190455710933627,0.500681665704823,IND
India,IND,OWID,Confirmed cases,Cori_slidingWindow,2021-09-05,0.8658800485339436,1.2429709230521624,0.4887891740157249,IND
India,IND,OWID,Confirmed cases,Cori_slidingWindow,2021-09-06,0.8912117065659076,1.2825994282325568,0.49982398489925856,IND
India,IND,OWID,Confirmed cases,Cori_slidingWindow,2021-09-07,0.9219835556544053,1.3310109923506857,0.5129561189581249,IND
India,IND,OWID,Confirmed cases,Cori_slidingWindow,2021-09-08,0.9549921020306835,1.3730268991853274,0.5369573048760397,IND
India,IND,OWID,Confirmed cases,Cori_slidingWindow,2021-09-09,0.9849962281012933,1.3783600979549553,0.5916323582476313,IND
India,IND,OWID,Confirmed cases,Cori_slidingWindow,2021-09-10,1.0066194697846553,1.3665626627670522,0.6466762768022585,IND
India,IND,OWID,Confirmed cases,Cori_slidingWindow,2021-09-11,1.0163524447669559,1.3763202842727733,0.6563846052611384,IND
India,IND,OWID,Confirmed cases,Cori_slidingWindow,2021-09-12,1.0122674983938789,1.3894745030164,0.6350604937713576,IND
India,IND,OWID,Confirmed cases,Cori_slidingWindow,2021-09-13,0.99520113185905,1.366687433223364,0.623714830494736,IND
India,IND,OWID,Confirmed cases,Cori_slidingWindow,2021-09-14,0.9698736013168744,1.3163519291314674,0.6233952735022814,IND
India,IND,OWID,Confirmed cases,Cori_slidingWindow,2021-09-15,0.9418800295350924,1.2642767558140031,0.6194833032561817,IND
India,IND,OWID,Confirmed cases,Cori_slidingWindow,2021-09-16,0.9150414454197803,1.2212401768843337,0.6088427139552269,IND
India,IND,OWID,Confirmed cases,Cori_slidingWindow,2021-09-17,0.8905793594079122,1.1920451539593917,0.5891135648564327,IND
India,IND,OWID,Confirmed cases,Cori_slidingWindow,2021-09-18,0.8692642435422125,1.1775288113913267,0.5609996756930983,IND
India,IND,OWID,Confirmed cases,Cori_slidingWindow,2021-09-19,0.8529901133017171,1.1684791526251894,0.5375010739782449,IND
India,IND,OWID,Confirmed cases,Cori_slidingWindow,2021-09-20,0.8436456799616018,1.1662297835121977,0.5210615764110058,IND
India,IND,OWID,Confirmed cases,Cori_slidingWindow,2021-09-21,0.8412340628565492,1.185265722086665,0.4972024036264334,IND
India,IND,OWID,Confirmed cases,Cori_slidingWindow,2021-09-22,0.8447400739045917,1.2157857063609145,0.473694441448269,IND
India,IND,OWID,Confirmed cases,Cori_slidingWindow,2021-09-23,0.8532253066439678,1.2353705177233045,0.471080095564631,IND
India,IND,OWID,Confirmed cases,Cori_slidingWindow,2021-09-24,0.865480984832204,1.2454670799790062,0.48549488968540183,IND
India,IND,OWID,Confirmed cases,Cori_slidingWindow,2021-09-25,0.8791590888843075,1.2550464742233773,0.5032717035452376,IND
India,IND,OWID,Confirmed cases,Cori_slidingWindow,2021-09-26,0.8909065492297527,1.2565370365691433,0.525276061890362,IND
India,IND,OWID,Confirmed cases,Cori_slidingWindow,2021-09-27,0.8980018517467736,1.2450910492391893,0.5509126542543579,IND
India,IND,OWID,Confirmed cases,Cori_slidingWindow,2021-09-28,0.8999649419751043,1.2366695309962559,0.5632603529539527,IND
India,IND,OWID,Confirmed cases,Cori_slidingWindow,2021-09-29,0.8975352309550213,1.2335733481169628,0.5614971137930798,IND
India,IND,OWID,Confirmed cases,Cori_slidingWindow,2021-09-30,0.8920315749331538,1.2251313064234681,0.5589318434428393,IND
India,IND,OWID,Confirmed cases,Cori_slidingWindow,2021-10-01,0.884748813462525,1.2254125254129846,0.54408510151206535,IND
India,IND,OWID,Confirmed cases,Cori_slidingWindow,2021-10-02,0.8770127450311018,1.2451702493297483,0.5088552407324552,IND
India,IND,OWID,Confirmed cases,Cori_slidingWindow,2021-10-03,0.8705368520807357,1.2628798722657024,0.47819383189576903,IND
India,IND,OWID,Confirmed cases,Cori_slidingWindow,2021-10-04,0.8670417147679165,1.2587155957293006,0.47536783380653236,IND
India,IND,OWID,Confirmed cases,Cori_slidingWindow,2021-10-05,0.8682099820064297,1.2366492211058493,0.49977074290701023,IND
India,IND,OWID,Confirmed cases,Cori_slidingWindow,2021-10-06,0.8753677682377675,1.211952733786836,0.5387828026886989,IND
India,IND,OWID,Confirmed cases,Cori_slidingWindow,2021-10-07,0.8888900925443898,1.1999380588378625,0.577842126250917,IND
India,IND,OWID,Confirmed cases,Cori_slidingWindow,2021-10-08,0.9077427228191242,1.214894516908913,0.6005909287293354,IND
India,IND,OWID,Confirmed cases,Cori_slidingWindow,2021-10-09,0.9289566352867535,1.2676235877141553,0.5902896828593518,IND
India,IND,OWID,Confirmed cases,Cori_slidingWindow,2021-10-10,0.9490405507786489,1.3380395978628241,0.5600415036944737,IND
India,IND,OWID,Confirmed cases,Cori_slidingWindow,2021-10-11,0.9656342156496738,1.3993934229919334,0.5318750083074143,IND
India,IND,OWID,Confirmed cases,Cori_slidingWindow,2021-10-12,0.9788956136021624,1.4461666159664401,0.5116246112378846,IND
India,IND,OWID,Confirmed cases,Cori_slidingWindow,2021-10-13,0.9897546414355375,1.4534472956376818,0.5260619872333931,IND
India,IND,OWID,Confirmed cases,Cori_slidingWindow,2021-10-14,0.9970025096485914,1.4099933541461334,0.5840116651510494,IND
India,IND,OWID,Confirmed cases,Cori_slidingWindow,2021-10-15,0.9975217210117122,1.3584947894487998,0.6365486525746247,IND
India,IND,OWID,Confirmed cases,Cori_slidingWindow,2021-10-16,0.988989528753285,1.31856339712687,0.6594156603797001,IND
India,IND,OWID,Confirmed cases,Cori_slidingWindow,2021-10-17,0.972635534400589,1.2786482513363984,0.6666228174647797,IND
India,IND,OWID,Confirmed cases,Cori_slidingWindow,2021-10-18,0.9518485110926532,1.2496555469831956,0.6540414752021109,IND
India,IND,OWID,Confirmed cases,Cori_slidingWindow,2021-10-19,0.9303012161381902,1.2482326302941928,0.6123698019821875,IND
India,IND,OWID,Confirmed cases,Cori_slidingWindow,2021-10-20,0.9106495372621974,1.2606786871104276,0.5606203874139672,IND
India,IND,OWID,Confirmed cases,Cori_slidingWindow,2021-10-21,0.8945936525463575,1.2577292658201504,0.5314580392725645,IND
India,IND,OWID,Confirmed cases,Cori_slidingWindow,2021-10-22,0.8825228183936532,1.2343525513004778,0.5306930854868286,IND
India,IND,OWID,Confirmed cases,Cori_slidingWindow,2021-10-23,0.8744542496286445,1.208417816597609,0.5404906826596801,IND
India,IND,OWID,Confirmed cases,Cori_slidingWindow,2021-10-24,0.8712807579208264,1.1943258527291971,0.5482356631124555,IND
India,IND,OWID,Confirmed cases,Cori_slidingWindow,2021-10-25,0.8744704787702111,1.2000029504815968,0.5489380070588255,IND
India,IND,OWID,Confirmed cases,Cori_slidingWindow,2021-10-26,0.8848868794390524,1.2347693244571412,0.5350044344209637,IND
India,IND,OWID,Confirmed cases,Cori_slidingWindow,2021-10-27,0.901025501345343,1.285247779633106,0.5168032230575799,IND
India,IND,OWID,Confirmed cases,Cori_slidingWindow,2021-10-28,0.9201646521258173,1.3093759532502565,0.5309533510013782,IND
India,IND,OWID,Confirmed cases,Cori_slidingWindow,2021-10-29,0.9398989658023382,1.306038784737371,0.5737591468673056,IND
India,IND,OWID,Confirmed cases,Cori_slidingWindow,2021-10-30,0.958437303793955,1.3178048280557637,0.5990697795321462,IND
India,IND,OWID,Confirmed cases,Cori_slidingWindow,2021-10-31,0.9741202639849716,1.3446012246703187,0.6036393032996245,IND
India,IND,OWID,Confirmed cases,Cori_slidingWindow,2021-11-01,0.9851796426988746,1.3516094752117063,0.6187498101860428,IND
India,IND,OWID,Confirmed cases,Cori_slidingWindow,2021-11-02,0.991137973794276,1.3329116342405625,0.6493643133479895,IND
India,IND,OWID,Confirmed cases,Cori_slidingWindow,2021-11-03,0.9930001889698459,1.3050360664388265,0.6809643115008652,IND
India,IND,OWID,Confirmed cases,Cori_slidingWindow,2021-11-04,0.9910518303098066,1.275482312115847,0.7066213485037662,IND
India,IND,OWID,Confirmed cases,Cori_slidingWindow,2021-11-05,0.9843585259645111,1.2496287292729458,0.7190883226560765,IND
India,IND,OWID,Confirmed cases,Cori_slidingWindow,2021-11-06,0.9719600822221344,1.2361843952341562,0.7077357692101125,IND
India,IND,OWID,Confirmed cases,Cori_slidingWindow,2021-11-07,0.9549628655013185,1.234332686341744,0.6755930446608929,IND
India,IND,OWID,Confirmed cases,Cori_slidingWindow,2021-11-08,0.9362272020392989,1.2390511730882132,0.6334032309903845,IND
India,IND,OWID,Confirmed cases,Cori_slidingWindow,2021-11-09,0.9190903937211548,1.2503159983793322,0.5878647890629772,IND
India,IND,OWID,Confirmed cases,Cori_slidingWindow,2021-11-10,0.9058947683438531,1.2567239834675856,0.5550655532201205,IND
India,IND,OWID,Confirmed cases,Cori_slidingWindow,2021-11-11,0.8974405579812236,1.2423920772077746,0.5524890387546726,IND
India,IND,OWID,Confirmed cases,Cori_slidingWindow,2021-11-12,0.8926653571479423,1.2100739449309874,0.5752567693648971,IND
India,IND,OWID,Confirmed cases,Cori_slidingWindow,2021-11-13,0.8898214055691194,1.172387900614615,0.6072549105236238,IND
India,IND,OWID,Confirmed cases,Cori_slidingWindow,2021-11-14,0.8884680174576127,1.1431525162286273,0.6337835186865981,IND
India,IND,OWID,Confirmed cases,Cori_slidingWindow,2021-11-15,0.8894380275617524,1.1379886347362231,0.6408874203872816,IND
India,IND,OWID,Confirmed cases,Cori_slidingWindow,2021-11-16,0.8938789997380931,1.1600113793598403,0.627746620116346,IND
India,IND,OWID,Confirmed cases,Cori_slidingWindow,2021-11-17,0.9020361568646836,1.1803726202969558,0.6236996934324114,IND
India,IND,OWID,Confirmed cases,Cori_slidingWindow,2021-11-18,0.91338714175672,1.1761615259188782,0.6506127575945617,IND
India,IND,OWID,Confirmed cases,Cori_slidingWindow,2021-11-19,0.9267493028834832,1.15951071091814,0.6939878948488264,IND
India,IND,OWID,Confirmed cases,Cori_slidingWindow,2021-11-20,0.9411504571685766,1.149005462357505,0.7332954519796482,IND
India,IND,OWID,Confirmed cases,Cori_slidingWindow,2021-11-21,0.9565473622782474,1.153019514477172,0.7600752100793228,IND
India,IND,OWID,Confirmed cases,Cori_slidingWindow,2021-11-22,0.9731814849453401,1.1714008848589714,0.7749620850317087,IND
India,IND,OWID,Confirmed cases,Cori_slidingWindow,2021-11-23,0.9908174577563228,1.198135673522414,0.7834992419902316,IND
India,IND,OWID,Confirmed cases,Cori_slidingWindow,2021-11-24,1.006534881983593,1.226592146540479,0.7864776174267072,IND
India,IND,OWID,Confirmed cases,Cori_slidingWindow,2021-11-25,1.0164883166159526,1.254575247724741,0.7784013855071643,IND
India,IND,OWID,Confirmed cases,Cori_slidingWindow,2021-11-26,1.018957965272238,1.2896869399116186,0.7482289906328574,IND
India,IND,OWID,Confirmed cases,Cori_slidingWindow,2021-11-27,1.0148770735035737,1.3481498685404083,0.681604278466739,IND
India,IND,OWID,Confirmed cases,Cori_slidingWindow,2021-11-28,1.0052694605671388,1.4212076684565083,0.5893312526777694,IND
India,IND,OWID,Confirmed cases,Cori_slidingWindow,2021-11-29,0.9895267202198145,1.4573101882009771,0.5217432522386519,IND
India,IND,OWID,Confirmed cases,Cori_slidingWindow,2021-11-30,0.9670883318236773,1.4235775039667042,0.5105991596806503,IND
India,IND,OWID,Confirmed cases,Cori_slidingWindow,2021-12-01,0.9411447164474309,1.3435049695917827,0.5387844633030792,IND
India,IND,OWID,Confirmed cases,Cori_slidingWindow,2021-12-02,0.917022020921332,1.2582894554331432,0.5757545864095207,IND
India,IND,OWID,Confirmed cases,Cori_slidingWindow,2021-12-03,0.8992525032548223,1.225835289949268,0.5726697165603767,IND
India,IND,OWID,Confirmed cases,Cori_slidingWindow,2021-12-04,0.8887449917340506,1.2339859156370732,0.5435040678310281,IND
India,IND,OWID,Confirmed cases,Cori_slidingWindow,2021-12-05,0.8836074334353361,1.2220707283385668,0.5451441385321054,IND
India,IND,OWID,Confirmed cases,Cori_slidingWindow,2021-12-06,0.8828008914430854,1.1909771567831235,0.5746246261030471,IND
India,IND,OWID,Confirmed cases,Cori_slidingWindow,2021-12-07,0.8863127999473926,1.167792867548508,0.6048327323462772,IND
India,IND,OWID,Confirmed cases,Cori_slidingWindow,2021-12-08,0.8945126989897909,1.1648855858880325,0.6241398120915493,IND
India,IND,OWID,Confirmed cases,Cori_slidingWindow,2021-12-09,0.9051510513830573,1.1792183577022848,0.6310837450638298,IND
India,IND,OWID,Confirmed cases,Cori_slidingWindow,2021-12-10,0.9139515804462303,1.1961661955495757,0.6317369653428848,IND
India,IND,OWID,Confirmed cases,Cori_slidingWindow,2021-12-11,0.9173560187020934,1.2077752724838107,0.6269367649203761,IND
India,IND,OWID,Confirmed cases,Cori_slidingWindow,2021-12-12,0.921265894236145,1.2333477884199242,0.6091840000523658,IND
India,IND,OWID,Confirmed cases,Cori_slidingWindow,2021-12-13,0.937570593959147,1.2940909669644374,0.5810502209538566,IND
India,IND,OWID,Confirmed cases,Cori_slidingWindow,2021-12-14,0.9734622307977348,1.3766174905408812,0.5703069710545882,IND
India,IND,OWID,Confirmed cases,Cori_slidingWindow,2021-12-15,1.0243396001691574,1.4595514375994438,0.5891277627388709,IND
India,IND,OWID,Confirmed cases,Cori_slidingWindow,2021-12-16,1.0933892217812395,1.580230662954418,0.606547780608061,IND
India,IND,OWID,Confirmed cases,Cori_slidingWindow,2021-12-17,1.1957555493847831,1.7647770515951136,0.6267340471744526,IND
India,IND,OWID,Confirmed cases,Cori_slidingWindow,2021-12-18,1.3408134954843263,1.9638944247962544,0.717732566172398,IND
India,IND,OWID,Confirmed cases,Cori_slidingWindow,2021-12-19,1.5428623599489388,2.1488649166345506,0.9368598032633272,IND
India,IND,OWID,Confirmed cases,Cori_slidingWindow,2021-12-20,1.8182402440228895,2.35631196173638,1.280168526309399,IND
India,IND,OWID,Confirmed cases,Cori_slidingWindow,2021-12-21,2.165379927435699,2.64791055808478,1.6828492967866178,IND
India,IND,OWID,Confirmed cases,Cori_slidingWindow,2021-12-22,2.535013034260039,3.0358130263740897,2.0342130421459883,IND
India,IND,OWID,Confirmed cases,Cori_slidingWindow,2021-12-23,2.8506963584571685,3.441647787588995,2.259744929325342,IND
India,IND,OWID,Confirmed cases,Cori_slidingWindow,2021-12-24,3.065724353114983,3.759286259227875,2.372162447002091,IND
India,IND,OWID,Confirmed cases,Cori_slidingWindow,2021-12-25,3.172755174853313,3.930875308043998,2.414635041662628,IND
India,IND,OWID,Confirmed cases,Cori_slidingWindow,2021-12-26,3.174152497081521,3.931530041094646,2.4167749530683964,IND
India,IND,OWID,Confirmed cases,Cori_slidingWindow,2021-12-27,3.075622781148666,3.7503576194401522,2.4008879428571794,IND
India,IND,OWID,Confirmed cases,Cori_slidingWindow,2021-12-28,2.9008762081866015,3.4323272669792857,2.3694251493939174,IND
India,IND,OWID,Confirmed cases,Cori_slidingWindow,2021-12-29,2.689486116675117,3.104817919227414,2.2741543141228204,IND
India,IND,OWID,Confirmed cases,Cori_slidingWindow,2021-12-30,2.468906682349743,2.8810490989117854,2.0567642657877006,IND
India,IND,OWID,Confirmed cases,Cori_slidingWindow,2021-12-31,2.251584765734215,2.728608852378268,1.774560679090162,IND
India,IND,OWID,Confirmed cases,Cori_step,2020-02-27,1.8075635025276726,2.3261964901043433,1.288930514951002,IND
India,IND,OWID,Confirmed cases,Cori_step,2020-02-28,1.8075635025276726,2.306918620163478,1.3082083848918673,IND
India,IND,OWID,Confirmed cases,Cori_step,2020-02-29,1.8075635025276726,2.275127835951035,1.33999916910431,IND
India,IND,OWID,Confirmed cases,Cori_step,2020-03-01,1.8075635025276726,2.2741758105285075,1.3409511945268378,IND
India,IND,OWID,Confirmed cases,Cori_step,2020-03-02,1.8075635025276726,2.2741758105285075,1.3409511945268378,IND
India,IND,OWID,Confirmed cases,Cori_step,2020-03-03,1.8075635025276726,2.2741758105285075,1.3409511945268378,IND
India,IND,OWID,Confirmed cases,Cori_step,2020-03-04,1.8075635025276726,2.2741758105285075,1.3409511945268378,IND
India,IND,OWID,Confirmed cases,Cori_step,2020-03-05,2.3411354079430042,2.808310968011024,1.8739598478749844,IND
India,IND,OWID,Confirmed cases,Cori_step,2020-03-06,2.3411354079430042,2.808310968011024,1.8739598478749844,IND
India,IND,OWID,Confirmed cases,Cori_step,2020-03-07,2.3411354079430042,2.808310968011024,1.8739598478749844,IND
India,IND,OWID,Confirmed cases,Cori_step,2020-03-08,2.3411354079430042,2.808310968011024,1.8739598478749844,IND
India,IND,OWID,Confirmed cases,Cori_step,2020-03-09,2.3411354079430042,2.808310968011024,1.8739598478749844,IND
India,IND,OWID,Confirmed cases,Cori_step,2020-03-10,2.3411354079430042,2.808310968011024,1.8739598478749844,IND
India,IND,OWID,Confirmed cases,Cori_step,2020-03-11,2.3411354079430042,2.808310968011024,1.8739598478749844,IND
India,IND,OWID,Confirmed cases,Cori_step,2020-03-12,2.3411354079430042,2.808310968011024,1.8739598478749844,IND
India,IND,OWID,Confirmed cases,Cori_step,2020-03-13,2.045645287240561,3.0377499436729622,1.0535406308081599,IND
India,IND,OWID,Confirmed cases,Cori_step,2020-03-14,1.9343394310512019,2.808061409470832,1.060617452631572,IND
India,IND,OWID,Confirmed cases,Cori_step,2020-03-15,1.8439601033945412,2.497707123574923,1.1902130832141595,IND
India,IND,OWID,Confirmed cases,Cori_step,2020-03-16,1.8285230958340402,2.2802432260499566,1.3768029656181235,IND
India,IND,OWID,Confirmed cases,Cori_step,2020-03-17,1.8285230958340402,2.2802432260499566,1.3768029656181235,IND
India,IND,OWID,Confirmed cases,Cori_step,2020-03-18,1.921331243370276,2.508345738468411,1.3343167482721408,IND
India,IND,OWID,Confirmed cases,Cori_step,2020-03-19,2.0154012390297167,2.7443886208719963,1.2864138571874373,IND
India,IND,OWID,Confirmed cases,Cori_step,2020-03-20,2.1077389995089306,2.86410005853673,1.351377940481131,IND
India,IND,OWID,Confirmed cases,Cori_step,2020-03-21,2.191511395846715,2.822864166694504,1.5601586249989263,IND
India,IND,OWID,Confirmed cases,Cori_step,2020-03-22,2.2615012238198626,2.7398695319762174,1.7831329156635078,IND
India,IND,OWID,Confirmed cases,Cori_step,2020-03-23,2.2577773291131145,2.6816547217508906,1.8338999364753383,IND
India,IND,OWID,Confirmed cases,Cori_step,2020-03-24,2.2577773291131145,2.6816547217508906,1.8338999364753383,IND
India,IND,OWID,Confirmed cases,Cori_step,2020-03-25,1.286845802931067,1.3975590558554882,1.1761325500066457,IND
India,IND,OWID,Confirmed cases,Cori_step,2020-03-26,1.286845802931067,1.3975590558554882,1.1761325500066457,IND
India,IND,OWID,Confirmed cases,Cori_step,2020-03-27,1.286845802931067,1.3975590558554882,1.1761325500066457,IND
India,IND,OWID,Confirmed cases,Cori_step,2020-03-28,1.286845802931067,1.3975590558554882,1.1761325500066457,IND
India,IND,OWID,Confirmed cases,Cori_step,2020-03-29,1.286845802931067,1.3975590558554882,1.1761325500066457,IND
India,IND,OWID,Confirmed cases,Cori_step,2020-03-30,1.286845802931067,1.3975590558554882,1.1761325500066457,IND
India,IND,OWID,Confirmed cases,Cori_step,2020-03-31,1.286845802931067,1.3975590558554882,1.1761325500066457,IND
India,IND,OWID,Confirmed cases,Cori_step,2020-04-01,1.286845802931067,1.3975590558554882,1.1761325500066457,IND
India,IND,OWID,Confirmed cases,Cori_step,2020-04-02,1.286845802931067,1.3975590558554882,1.1761325500066457,IND
India,IND,OWID,Confirmed cases,Cori_step,2020-04-03,1.286845802931067,1.3975590558554882,1.1761325500066457,IND
India,IND,OWID,Confirmed cases,Cori_step,2020-04-04,1.286845802931067,1.3975590558554882,1.1761325500066457,IND
India,IND,OWID,Confirmed cases,Cori_step,2020-04-05,1.286845802931067,1.3975590558554882,1.1761325500066457,IND
India,IND,OWID,Confirmed cases,Cori_step,2020-04-06,1.286845802931067,1.3975590558554882,1.1761325500066457,IND
India,IND,OWID,Confirmed cases,Cori_step,2020-04-07,1.286845802931067,1.3975590558554882,1.1761325500066457,IND
India,IND,OWID,Confirmed cases,Cori_step,2020-04-08,1.286845802931067,1.3975590558554882,1.1761325500066457,IND
India,IND,OWID,Confirmed cases,Cori_step,2020-04-09,1.286845802931067,1.3975590558554882,1.1761325500066457,IND
India,IND,OWID,Confirmed cases,Cori_step,2020-04-10,1.286845802931067,1.3975590558554882,1.1761325500066457,IND
India,IND,OWID,Confirmed cases,Cori_step,2020-04-11,1.286845802931067,1.3975590558554882,1.1761325500066457,IND
India,IND,OWID,Confirmed cases,Cori_step,2020-04-12,1.286845802931067,1.3975590558554882,1.1761325500066457,IND
India,IND,OWID,Confirmed cases,Cori_step,2020-04-13,1.286845802931067,1.3975590558554882,1.1761325500066457,IND
India,IND,OWID,Confirmed cases,Cori_step,2020-04-14,1.286845802931067,1.3975590558554882,1.1761325500066457,IND
India,IND,OWID,Confirmed cases,Cori_step,2020-04-15,1.286845802931067,1.3975590558554882,1.1761325500066457,IND
India,IND,OWID,Confirmed cases,Cori_step,2020-04-16,1.286845802931067,1.3975590558554882,1.1761325500066457,IND
India,IND,OWID,Confirmed cases,Cori_step,2020-04-17,1.286845802931067,1.3975590558554882,1.1761325500066457,IND
India,IND,OWID,Confirmed cases,Cori_step,2020-04-18,1.286845802931067,1.3975590558554882,1.1761325500066457,IND
India,IND,OWID,Confirmed cases,Cori_step,2020-04-19,1.286845802931067,1.3975590558554882,1.1761325500066457,IND
India,IND,OWID,Confirmed cases,Cori_step,2020-04-20,1.2697861373542252,1.4356119164579324,1.103960358250518,IND
India,IND,OWID,Confirmed cases,Cori_step,2020-04-21,1.2697861373542252,1.4356119164579324,1.103960358250518,IND
India,IND,OWID,Confirmed cases,Cori_step,2020-04-22,1.2697861373542252,1.4356119164579324,1.103960358250518,IND
India,IND,OWID,Confirmed cases,Cori_step,2020-04-23,1.2697861373542252,1.4356119164579324,1.103960358250518,IND
India,IND,OWID,Confirmed cases,Cori_step,2020-04-24,1.2697861373542252,1.4356119164579324,1.103960358250518,IND
India,IND,OWID,Confirmed cases,Cori_step,2020-04-25,1.2697861373542252,1.4356119164579324,1.103960358250518,IND
India,IND,OWID,Confirmed cases,Cori_step,2020-04-26,1.2697861373542252,1.4356119164579324,1.103960358250518,IND
India,IND,OWID,Confirmed cases,Cori_step,2020-04-27,1.2697861373542252,1.4356119164579324,1.103960358250518,IND
India,IND,OWID,Confirmed cases,Cori_step,2020-04-28,1.2697861373542252,1.4356119164579324,1.103960358250518,IND
India,IND,OWID,Confirmed cases,Cori_step,2020-04-29,1.2697861373542252,1.4356119164579324,1.103960358250518,IND
India,IND,OWID,Confirmed cases,Cori_step,2020-04-30,1.2697861373542252,1.4356119164579324,1.103960358250518,IND
India,IND,OWID,Confirmed cases,Cori_step,2020-05-01,1.2697861373542252,1.4356119164579324,1.103960358250518,IND
India,IND,OWID,Confirmed cases,Cori_step,2020-05-02,1.2697861373542252,1.4356119164579324,1.103960358250518,IND
India,IND,OWID,Confirmed cases,Cori_step,2020-05-03,1.2697861373542252,1.4356119164579324,1.103960358250518,IND
India,IND,OWID,Confirmed cases,Cori_step,2020-05-04,1.170095687151823,1.2323211712439506,1.1078702030596956,IND
India,IND,OWID,Confirmed cases,Cori_step,2020-05-05,1.170095687151823,1.2323211712439506,1.1078702030596956,IND
India,IND,OWID,Confirmed cases,Cori_step,2020-05-06,1.170095687151823,1.2323211712439506,1.1078702030596956,IND
India,IND,OWID,Confirmed cases,Cori_step,2020-05-07,1.170095687151823,1.2323211712439506,1.1078702030596956,IND
India,IND,OWID,Confirmed cases,Cori_step,2020-05-08,1.170095687151823,1.2323211712439506,1.1078702030596956,IND
India,IND,OWID,Confirmed cases,Cori_step,2020-05-09,1.170095687151823,1.2323211712439506,1.1078702030596956,IND
India,IND,OWID,Confirmed cases,Cori_step,2020-05-10,1.170095687151823,1.2323211712439506,1.1078702030596956,IND
India,IND,OWID,Confirmed cases,Cori_step,2020-05-11,1.170095687151823,1.2323211712439506,1.1078702030596956,IND
India,IND,OWID,Confirmed cases,Cori_step,2020-05-12,1.170095687151823,1.2323211712439506,1.1078702030596956,IND
India,IND,OWID,Confirmed cases,Cori_step,2020-05-13,1.170095687151823,1.2323211712439506,1.1078702030596956,IND
India,IND,OWID,Confirmed cases,Cori_step,2020-05-14,1.170095687151823,1.2323211712439506,1.1078702030596956,IND
India,IND,OWID,Confirmed cases,Cori_step,2020-05-15,1.170095687151823,1.2323211712439506,1.1078702030596956,IND
India,IND,OWID,Confirmed cases,Cori_step,2020-05-16,1.170095687151823,1.2323211712439506,1.1078702030596956,IND
India,IND,OWID,Confirmed cases,Cori_step,2020-05-17,1.170095687151823,1.2323211712439506,1.1078702030596956,IND
India,IND,OWID,Confirmed cases,Cori_step,2020-05-18,1.170095687151823,1.2323211712439506,1.1078702030596956,IND
India,IND,OWID,Confirmed cases,Cori_step,2020-05-19,1.170095687151823,1.2323211712439506,1.1078702030596956,IND
India,IND,OWID,Confirmed cases,Cori_step,2020-05-20,1.170095687151823,1.2323211712439506,1.1078702030596956,IND
India,IND,OWID,Confirmed cases,Cori_step,2020-05-21,1.170095687151823,1.2323211712439506,1.1078702030596956,IND
India,IND,OWID,Confirmed cases,Cori_step,2020-05-22,1.170095687151823,1.2323211712439506,1.1078702030596956,IND
India,IND,OWID,Confirmed cases,Cori_step,2020-05-23,1.170095687151823,1.2323211712439506,1.1078702030596956,IND
India,IND,OWID,Confirmed cases,Cori_step,2020-05-24,1.170095687151823,1.2323211712439506,1.1078702030596956,IND
India,IND,OWID,Confirmed cases,Cori_step,2020-05-25,1.170095687151823,1.2323211712439506,1.1078702030596956,IND
India,IND,OWID,Confirmed cases,Cori_step,2020-05-26,1.170095687151823,1.2323211712439506,1.1078702030596956,IND
India,IND,OWID,Confirmed cases,Cori_step,2020-05-27,1.170095687151823,1.2323211712439506,1.1078702030596956,IND
India,IND,OWID,Confirmed cases,Cori_step,2020-05-28,1.170095687151823,1.2323211712439506,1.1078702030596956,IND
India,IND,OWID,Confirmed cases,Cori_step,2020-05-29,1.170095687151823,1.2323211712439506,1.1078702030596956,IND
India,IND,OWID,Confirmed cases,Cori_step,2020-05-30,1.170095687151823,1.2323211712439506,1.1078702030596956,IND
India,IND,OWID,Confirmed cases,Cori_step,2020-05-31,1.170095687151823,1.2323211712439506,1.1078702030596956,IND
India,IND,OWID,Confirmed cases,Cori_step,2020-06-01,1.1348812550598613,1.1889249534772373,1.0808375566424853,IND
India,IND,OWID,Confirmed cases,Cori_step,2020-06-02,1.1348812550598613,1.1889249534772373,1.0808375566424853,IND
India,IND,OWID,Confirmed cases,Cori_step,2020-06-03,1.1348812550598613,1.1889249534772373,1.0808375566424853,IND
India,IND,OWID,Confirmed cases,Cori_step,2020-06-04,1.1348812550598613,1.1889249534772373,1.0808375566424853,IND
India,IND,OWID,Confirmed cases,Cori_step,2020-06-05,1.1348812550598613,1.1889249534772373,1.0808375566424853,IND
India,IND,OWID,Confirmed cases,Cori_step,2020-06-06,1.1348812550598613,1.1889249534772373,1.0808375566424853,IND
India,IND,OWID,Confirmed cases,Cori_step,2020-06-07,1.1348812550598613,1.1889249534772373,1.0808375566424853,IND
India,IND,OWID,Confirmed cases,Cori_step,2020-06-08,1.1348812550598613,1.1889249534772373,1.0808375566424853,IND
India,IND,OWID,Confirmed cases,Cori_step,2020-06-09,1.1348812550598613,1.1889249534772373,1.0808375566424853,IND
India,IND,OWID,Confirmed cases,Cori_step,2020-06-10,1.1348812550598613,1.1889249534772373,1.0808375566424853,IND
India,IND,OWID,Confirmed cases,Cori_step,2020-06-11,1.1348812550598613,1.1889249534772373,1.0808375566424853,IND
India,IND,OWID,Confirmed cases,Cori_step,2020-06-12,1.1348812550598613,1.1889249534772373,1.0808375566424853,IND
India,IND,OWID,Confirmed cases,Cori_step,2020-06-13,1.1348812550598613,1.1889249534772373,1.0808375566424853,IND
India,IND,OWID,Confirmed cases,Cori_step,2020-06-14,1.1348812550598613,1.1889249534772373,1.0808375566424853,IND
India,IND,OWID,Confirmed cases,Cori_step,2020-06-15,1.1348812550598613,1.1889249534772373,1.0808375566424853,IND
India,IND,OWID,Confirmed cases,Cori_step,2020-06-16,1.1348812550598613,1.1889249534772373,1.0808375566424853,IND
India,IND,OWID,Confirmed cases,Cori_step,2020-06-17,1.1348812550598613,1.1889249534772373,1.0808375566424853,IND
India,IND,OWID,Confirmed cases,Cori_step,2020-06-18,1.1348812550598613,1.1889249534772373,1.0808375566424853,IND
India,IND,OWID,Confirmed cases,Cori_step,2020-06-19,1.1348812550598613,1.1889249534772373,1.0808375566424853,IND
India,IND,OWID,Confirmed cases,Cori_step,2020-06-20,1.1348812550598613,1.1889249534772373,1.0808375566424853,IND
India,IND,OWID,Confirmed cases,Cori_step,2020-06-21,1.1348812550598613,1.1889249534772373,1.0808375566424853,IND
India,IND,OWID,Confirmed cases,Cori_step,2020-06-22,1.1348812550598613,1.1889249534772373,1.0808375566424853,IND
India,IND,OWID,Confirmed cases,Cori_step,2020-06-23,1.1348812550598613,1.1889249534772373,1.0808375566424853,IND
India,IND,OWID,Confirmed cases,Cori_step,2020-06-24,1.1348812550598613,1.1889249534772373,1.0808375566424853,IND
India,IND,OWID,Confirmed cases,Cori_step,2020-06-25,1.1348812550598613,1.1889249534772373,1.0808375566424853,IND
India,IND,OWID,Confirmed cases,Cori_step,2020-06-26,1.1348812550598613,1.1889249534772373,1.0808375566424853,IND
India,IND,OWID,Confirmed cases,Cori_step,2020-06-27,1.1348812550598613,1.1889249534772373,1.0808375566424853,IND
India,IND,OWID,Confirmed cases,Cori_step,2020-06-28,1.1348812550598613,1.1889249534772373,1.0808375566424853,IND
India,IND,OWID,Confirmed cases,Cori_step,2020-06-29,1.1348812550598613,1.1889249534772373,1.0808375566424853,IND
India,IND,OWID,Confirmed cases,Cori_step,2020-06-30,1.1348812550598613,1.1889249534772373,1.0808375566424853,IND
India,IND,OWID,Confirmed cases,Cori_step,2020-07-01,1.1348812550598613,1.1889249534772373,1.0808375566424853,IND
India,IND,OWID,Confirmed cases,Cori_step,2020-07-02,1.1348812550598613,1.1889249534772373,1.0808375566424853,IND
India,IND,OWID,Confirmed cases,Cori_step,2020-07-03,1.1348812550598613,1.1889249534772373,1.0808375566424853,IND
India,IND,OWID,Confirmed cases,Cori_step,2020-07-04,1.1348812550598613,1.1889249534772373,1.0808375566424853,IND
India,IND,OWID,Confirmed cases,Cori_step,2020-07-05,1.1348812550598613,1.1889249534772373,1.0808375566424853,IND
India,IND,OWID,Confirmed cases,Cori_step,2020-07-06,1.1348812550598613,1.1889249534772373,1.0808375566424853,IND
India,IND,OWID,Confirmed cases,Cori_step,2020-07-07,1.1348812550598613,1.1889249534772373,1.0808375566424853,IND
India,IND,OWID,Confirmed cases,Cori_step,2020-07-08,1.1348812550598613,1.1889249534772373,1.0808375566424853,IND
India,IND,OWID,Confirmed cases,Cori_step,2020-07-09,1.1348812550598613,1.1889249534772373,1.0808375566424853,IND
India,IND,OWID,Confirmed cases,Cori_step,2020-07-10,1.1348812550598613,1.1889249534772373,1.0808375566424853,IND
India,IND,OWID,Confirmed cases,Cori_step,2020-07-11,1.1348812550598613,1.1889249534772373,1.0808375566424853,IND
India,IND,OWID,Confirmed cases,Cori_step,2020-07-12,1.1348812550598613,1.1889249534772373,1.0808375566424853,IND
India,IND,OWID,Confirmed cases,Cori_step,2020-07-13,1.1348812550598613,1.1889249534772373,1.0808375566424853,IND
India,IND,OWID,Confirmed cases,Cori_step,2020-07-14,1.1348812550598613,1.1889249534772373,1.0808375566424853,IND
India,IND,OWID,Confirmed cases,Cori_step,2020-07-15,1.1348812550598613,1.1889249534772373,1.0808375566424853,IND
India,IND,OWID,Confirmed cases,Cori_step,2020-07-16,1.1348812550598613,1.1889249534772373,1.0808375566424853,IND
India,IND,OWID,Confirmed cases,Cori_step,2020-07-17,1.1348812550598613,1.1889249534772373,1.0808375566424853,IND
India,IND,OWID,Confirmed cases,Cori_step,2020-07-18,1.1348812550598613,1.1889249534772373,1.0808375566424853,IND
India,IND,OWID,Confirmed cases,Cori_step,2020-07-19,1.1348812550598613,1.1889249534772373,1.0808375566424853,IND
India,IND,OWID,Confirmed cases,Cori_step,2020-07-20,1.1348812550598613,1.1889249534772373,1.0808375566424853,IND
India,IND,OWID,Confirmed cases,Cori_step,2020-07-21,1.1348812550598613,1.1889249534772373,1.0808375566424853,IND
India,IND,OWID,Confirmed cases,Cori_step,2020-07-22,1.1348812550598613,1.1889249534772373,1.0808375566424853,IND
India,IND,OWID,Confirmed cases,Cori_step,2020-07-23,1.1348812550598613,1.1889249534772373,1.0808375566424853,IND
India,IND,OWID,Confirmed cases,Cori_step,2020-07-24,1.1348812550598613,1.1889249534772373,1.0808375566424853,IND
India,IND,OWID,Confirmed cases,Cori_step,2020-07-25,1.1348812550598613,1.1889249534772373,1.0808375566424853,IND
India,IND,OWID,Confirmed cases,Cori_step,2020-07-26,1.1348812550598613,1.1889249534772373,1.0808375566424853,IND
India,IND,OWID,Confirmed cases,Cori_step,2020-07-27,1.1348812550598613,1.1889249534772373,1.0808375566424853,IND
India,IND,OWID,Confirmed cases,Cori_step,2020-07-28,1.1348812550598613,1.1889249534772373,1.0808375566424853,IND
India,IND,OWID,Confirmed cases,Cori_step,2020-07-29,1.1348812550598613,1.1889249534772373,1.0808375566424853,IND
India,IND,OWID,Confirmed cases,Cori_step,2020-07-30,1.1348812550598613,1.1889249534772373,1.0808375566424853,IND
India,IND,OWID,Confirmed cases,Cori_step,2020-07-31,1.1348812550598613,1.1889249534772373,1.0808375566424853,IND
India,IND,OWID,Confirmed cases,Cori_step,2020-08-01,1.0246065342567923,1.0742239634253246,0.9749891050882601,IND
India,IND,OWID,Confirmed cases,Cori_step,2020-08-02,1.0246065342567923,1.0742239634253246,0.9749891050882601,IND
India,IND,OWID,Confirmed cases,Cori_step,2020-08-03,1.0246065342567923,1.0742239634253246,0.9749891050882601,IND
India,IND,OWID,Confirmed cases,Cori_step,2020-08-04,1.0246065342567923,1.0742239634253246,0.9749891050882601,IND
India,IND,OWID,Confirmed cases,Cori_step,2020-08-05,1.0246065342567923,1.0742239634253246,0.9749891050882601,IND
India,IND,OWID,Confirmed cases,Cori_step,2020-08-06,1.0246065342567923,1.0742239634253246,0.9749891050882601,IND
India,IND,OWID,Confirmed cases,Cori_step,2020-08-07,1.0246065342567923,1.0742239634253246,0.9749891050882601,IND
India,IND,OWID,Confirmed cases,Cori_step,2020-08-08,1.0246065342567923,1.0742239634253246,0.9749891050882601,IND
India,IND,OWID,Confirmed cases,Cori_step,2020-08-09,1.0246065342567923,1.0742239634253246,0.9749891050882601,IND
India,IND,OWID,Confirmed cases,Cori_step,2020-08-10,1.0246065342567923,1.0742239634253246,0.9749891050882601,IND
India,IND,OWID,Confirmed cases,Cori_step,2020-08-11,1.0246065342567923,1.0742239634253246,0.9749891050882601,IND
India,IND,OWID,Confirmed cases,Cori_step,2020-08-12,1.0246065342567923,1.0742239634253246,0.9749891050882601,IND
India,IND,OWID,Confirmed cases,Cori_step,2020-08-13,1.0246065342567923,1.0742239634253246,0.9749891050882601,IND
India,IND,OWID,Confirmed cases,Cori_step,2020-08-14,1.0246065342567923,1.0742239634253246,0.9749891050882601,IND
India,IND,OWID,Confirmed cases,Cori_step,2020-08-15,1.0246065342567923,1.0742239634253246,0.9749891050882601,IND
India,IND,OWID,Confirmed cases,Cori_step,2020-08-16,1.0246065342567923,1.0742239634253246,0.9749891050882601,IND
India,IND,OWID,Confirmed cases,Cori_step,2020-08-17,1.0246065342567923,1.0742239634253246,0.9749891050882601,IND
India,IND,OWID,Confirmed cases,Cori_step,2020-08-18,1.0246065342567923,1.0742239634253246,0.9749891050882601,IND
India,IND,OWID,Confirmed cases,Cori_step,2020-08-19,1.0246065342567923,1.0742239634253246,0.9749891050882601,IND
India,IND,OWID,Confirmed cases,Cori_step,2020-08-20,1.0246065342567923,1.0742239634253246,0.9749891050882601,IND
India,IND,OWID,Confirmed cases,Cori_step,2020-08-21,1.0246065342567923,1.0742239634253246,0.9749891050882601,IND
India,IND,OWID,Confirmed cases,Cori_step,2020-08-22,1.0246065342567923,1.0742239634253246,0.9749891050882601,IND
India,IND,OWID,Confirmed cases,Cori_step,2020-08-23,1.0246065342567923,1.0742239634253246,0.9749891050882601,IND
India,IND,OWID,Confirmed cases,Cori_step,2020-08-24,1.0246065342567923,1.0742239634253246,0.9749891050882601,IND
India,IND,OWID,Confirmed cases,Cori_step,2020-08-25,1.0246065342567923,1.0742239634253246,0.9749891050882601,IND
India,IND,OWID,Confirmed cases,Cori_step,2020-08-26,1.0246065342567923,1.0742239634253246,0.9749891050882601,IND
India,IND,OWID,Confirmed cases,Cori_step,2020-08-27,1.0246065342567923,1.0742239634253246,0.9749891050882601,IND
India,IND,OWID,Confirmed cases,Cori_step,2020-08-28,1.0246065342567923,1.0742239634253246,0.9749891050882601,IND
India,IND,OWID,Confirmed cases,Cori_step,2020-08-29,1.0246065342567923,1.0742239634253246,0.9749891050882601,IND
India,IND,OWID,Confirmed cases,Cori_step,2020-08-30,1.0246065342567923,1.0742239634253246,0.9749891050882601,IND
India,IND,OWID,Confirmed cases,Cori_step,2020-08-31,1.0246065342567923,1.0742239634253246,0.9749891050882601,IND
India,IND,OWID,Confirmed cases,Cori_step,2020-09-01,1.0246065342567923,1.0742239634253246,0.9749891050882601,IND
India,IND,OWID,Confirmed cases,Cori_step,2020-09-02,1.0246065342567923,1.0742239634253246,0.9749891050882601,IND
India,IND,OWID,Confirmed cases,Cori_step,2020-09-03,1.0246065342567923,1.0742239634253246,0.9749891050882601,IND
India,IND,OWID,Confirmed cases,Cori_step,2020-09-04,1.0246065342567923,1.0742239634253246,0.9749891050882601,IND
India,IND,OWID,Confirmed cases,Cori_step,2020-09-05,1.0246065342567923,1.0742239634253246,0.9749891050882601,IND
India,IND,OWID,Confirmed cases,Cori_step,2020-09-06,1.0246065342567923,1.0742239634253246,0.9749891050882601,IND
India,IND,OWID,Confirmed cases,Cori_step,2020-09-07,1.0246065342567923,1.0742239634253246,0.9749891050882601,IND
India,IND,OWID,Confirmed cases,Cori_step,2020-09-08,1.0246065342567923,1.0742239634253246,0.9749891050882601,IND
India,IND,OWID,Confirmed cases,Cori_step,2020-09-09,1.0246065342567923,1.0742239634253246,0.9749891050882601,IND
India,IND,OWID,Confirmed cases,Cori_step,2020-09-10,1.0246065342567923,1.0742239634253246,0.9749891050882601,IND
India,IND,OWID,Confirmed cases,Cori_step,2020-09-11,1.0246065342567923,1.0742239634253246,0.9749891050882601,IND
India,IND,OWID,Confirmed cases,Cori_step,2020-09-12,1.0246065342567923,1.0742239634253246,0.9749891050882601,IND
India,IND,OWID,Confirmed cases,Cori_step,2020-09-13,1.0246065342567923,1.0742239634253246,0.9749891050882601,IND
India,IND,OWID,Confirmed cases,Cori_step,2020-09-14,1.0246065342567923,1.0742239634253246,0.9749891050882601,IND
India,IND,OWID,Confirmed cases,Cori_step,2020-09-15,1.0246065342567923,1.0742239634253246,0.9749891050882601,IND
India,IND,OWID,Confirmed cases,Cori_step,2020-09-16,1.0246065342567923,1.0742239634253246,0.9749891050882601,IND
India,IND,OWID,Confirmed cases,Cori_step,2020-09-17,1.0246065342567923,1.0742239634253246,0.9749891050882601,IND
India,IND,OWID,Confirmed cases,Cori_step,2020-09-18,1.0246065342567923,1.0742239634253246,0.9749891050882601,IND
India,IND,OWID,Confirmed cases,Cori_step,2020-09-19,1.0246065342567923,1.0742239634253246,0.9749891050882601,IND
India,IND,OWID,Confirmed cases,Cori_step,2020-09-20,1.0246065342567923,1.0742239634253246,0.9749891050882601,IND
India,IND,OWID,Confirmed cases,Cori_step,2020-09-21,0.9370272817858684,1.1670400033567347,0.7070145602150021,IND
India,IND,OWID,Confirmed cases,Cori_step,2020-09-22,0.9370272817858684,1.1670400033567347,0.7070145602150021,IND
India,IND,OWID,Confirmed cases,Cori_step,2020-09-23,0.9370272817858684,1.1670400033567347,0.7070145602150021,IND
India,IND,OWID,Confirmed cases,Cori_step,2020-09-24,0.9370272817858684,1.1670400033567347,0.7070145602150021,IND
India,IND,OWID,Confirmed cases,Cori_step,2020-09-25,0.9370272817858684,1.1670400033567347,0.7070145602150021,IND
India,IND,OWID,Confirmed cases,Cori_step,2020-09-26,0.9370272817858684,1.1670400033567347,0.7070145602150021,IND
India,IND,OWID,Confirmed cases,Cori_step,2020-09-27,0.9370272817858684,1.1670400033567347,0.7070145602150021,IND
India,IND,OWID,Confirmed cases,Cori_step,2020-09-28,0.9370272817858684,1.1670400033567347,0.7070145602150021,IND
India,IND,OWID,Confirmed cases,Cori_step,2020-09-29,0.9370272817858684,1.1670400033567347,0.7070145602150021,IND
India,IND,OWID,Confirmed cases,Cori_step,2020-09-30,0.9370272817858684,1.1670400033567347,0.7070145602150021,IND
India,IND,OWID,Confirmed cases,Cori_step,2020-10-01,0.8928178577096698,1.0455795427131802,0.7400561727061595,IND
India,IND,OWID,Confirmed cases,Cori_step,2020-10-02,0.8928178577096698,1.0455795427131802,0.7400561727061595,IND
India,IND,OWID,Confirmed cases,Cori_step,2020-10-03,0.8928178577096698,1.0455795427131802,0.7400561727061595,IND
India,IND,OWID,Confirmed cases,Cori_step,2020-10-04,0.8928178577096698,1.0455795427131802,0.7400561727061595,IND
India,IND,OWID,Confirmed cases,Cori_step,2020-10-05,0.8928178577096698,1.0455795427131802,0.7400561727061595,IND
India,IND,OWID,Confirmed cases,Cori_step,2020-10-06,0.8928178577096698,1.0455795427131802,0.7400561727061595,IND
India,IND,OWID,Confirmed cases,Cori_step,2020-10-07,0.8928178577096698,1.0455795427131802,0.7400561727061595,IND
India,IND,OWID,Confirmed cases,Cori_step,2020-10-08,0.8928178577096698,1.0455795427131802,0.7400561727061595,IND
India,IND,OWID,Confirmed cases,Cori_step,2020-10-09,0.8928178577096698,1.0455795427131802,0.7400561727061595,IND
India,IND,OWID,Confirmed cases,Cori_step,2020-10-10,0.8928178577096698,1.0455795427131802,0.7400561727061595,IND
India,IND,OWID,Confirmed cases,Cori_step,2020-10-11,0.8928178577096698,1.0455795427131802,0.7400561727061595,IND
India,IND,OWID,Confirmed cases,Cori_step,2020-10-12,0.8928178577096698,1.0455795427131802,0.7400561727061595,IND
India,IND,OWID,Confirmed cases,Cori_step,2020-10-13,0.8928178577096698,1.0455795427131802,0.7400561727061595,IND
India,IND,OWID,Confirmed cases,Cori_step,2020-10-14,0.8928178577096698,1.0455795427131802,0.7400561727061595,IND
India,IND,OWID,Confirmed cases,Cori_step,2020-10-15,0.9609673065400547,1.1483670365601184,0.7735675765199909,IND
India,IND,OWID,Confirmed cases,Cori_step,2020-10-16,0.9609673065400547,1.1483670365601184,0.7735675765199909,IND
India,IND,OWID,Confirmed cases,Cori_step,2020-10-17,0.9609673065400547,1.1483670365601184,0.7735675765199909,IND
India,IND,OWID,Confirmed cases,Cori_step,2020-10-18,0.9609673065400547,1.1483670365601184,0.7735675765199909,IND
India,IND,OWID,Confirmed cases,Cori_step,2020-10-19,0.9609673065400547,1.1483670365601184,0.7735675765199909,IND
India,IND,OWID,Confirmed cases,Cori_step,2020-10-20,0.9609673065400547,1.1483670365601184,0.7735675765199909,IND
India,IND,OWID,Confirmed cases,Cori_step,2020-10-21,0.9609673065400547,1.1483670365601184,0.7735675765199909,IND
India,IND,OWID,Confirmed cases,Cori_step,2020-10-22,0.9609673065400547,1.1483670365601184,0.7735675765199909,IND
India,IND,OWID,Confirmed cases,Cori_step,2020-10-23,0.9609673065400547,1.1483670365601184,0.7735675765199909,IND
India,IND,OWID,Confirmed cases,Cori_step,2020-10-24,0.9609673065400547,1.1483670365601184,0.7735675765199909,IND
India,IND,OWID,Confirmed cases,Cori_step,2020-10-25,0.9609673065400547,1.1483670365601184,0.7735675765199909,IND
India,IND,OWID,Confirmed cases,Cori_step,2020-10-26,0.9609673065400547,1.1483670365601184,0.7735675765199909,IND
India,IND,OWID,Confirmed cases,Cori_step,2020-10-27,0.9762763861622434,1.061279734232206,0.8912730380922808,IND
India,IND,OWID,Confirmed cases,Cori_step,2020-10-28,0.9762763861622434,1.061279734232206,0.8912730380922808,IND
India,IND,OWID,Confirmed cases,Cori_step,2020-10-29,0.9762763861622434,1.061279734232206,0.8912730380922808,IND
India,IND,OWID,Confirmed cases,Cori_step,2020-10-30,0.9762763861622434,1.061279734232206,0.8912730380922808,IND
India,IND,OWID,Confirmed cases,Cori_step,2020-10-31,0.9762763861622434,1.061279734232206,0.8912730380922808,IND
India,IND,OWID,Confirmed cases,Cori_step,2020-11-01,0.9762763861622434,1.061279734232206,0.8912730380922808,IND
India,IND,OWID,Confirmed cases,Cori_step,2020-11-02,0.9762763861622434,1.061279734232206,0.8912730380922808,IND
India,IND,OWID,Confirmed cases,Cori_step,2020-11-03,0.9762763861622434,1.061279734232206,0.8912730380922808,IND
India,IND,OWID,Confirmed cases,Cori_step,2020-11-04,0.9762763861622434,1.061279734232206,0.8912730380922808,IND
India,IND,OWID,Confirmed cases,Cori_step,2020-11-05,0.9762763861622434,1.061279734232206,0.8912730380922808,IND
India,IND,OWID,Confirmed cases,Cori_step,2020-11-06,0.9762763861622434,1.061279734232206,0.8912730380922808,IND
India,IND,OWID,Confirmed cases,Cori_step,2020-11-07,0.9762763861622434,1.061279734232206,0.8912730380922808,IND
India,IND,OWID,Confirmed cases,Cori_step,2020-11-08,0.9762763861622434,1.061279734232206,0.8912730380922808,IND
India,IND,OWID,Confirmed cases,Cori_step,2020-11-09,0.9762763861622434,1.061279734232206,0.8912730380922808,IND
India,IND,OWID,Confirmed cases,Cori_step,2020-11-10,0.9762763861622434,1.061279734232206,0.8912730380922808,IND
India,IND,OWID,Confirmed cases,Cori_step,2020-11-11,0.9762763861622434,1.061279734232206,0.8912730380922808,IND
India,IND,OWID,Confirmed cases,Cori_step,2020-11-12,0.9762763861622434,1.061279734232206,0.8912730380922808,IND
India,IND,OWID,Confirmed cases,Cori_step,2020-11-13,0.9762763861622434,1.061279734232206,0.8912730380922808,IND
India,IND,OWID,Confirmed cases,Cori_step,2020-11-14,0.9762763861622434,1.061279734232206,0.8912730380922808,IND
India,IND,OWID,Confirmed cases,Cori_step,2020-11-15,0.9762763861622434,1.061279734232206,0.8912730380922808,IND
India,IND,OWID,Confirmed cases,Cori_step,2020-11-16,0.9762763861622434,1.061279734232206,0.8912730380922808,IND
India,IND,OWID,Confirmed cases,Cori_step,2020-11-17,0.9762763861622434,1.061279734232206,0.8912730380922808,IND
India,IND,OWID,Confirmed cases,Cori_step,2020-11-18,0.9762763861622434,1.061279734232206,0.8912730380922808,IND
India,IND,OWID,Confirmed cases,Cori_step,2020-11-19,0.9762763861622434,1.061279734232206,0.8912730380922808,IND
India,IND,OWID,Confirmed cases,Cori_step,2020-11-20,0.9762763861622434,1.061279734232206,0.8912730380922808,IND
India,IND,OWID,Confirmed cases,Cori_step,2020-11-21,0.9050750179411188,0.9429607484962733,0.8671892873859642,IND
India,IND,OWID,Confirmed cases,Cori_step,2020-11-22,0.9050750179411188,0.9429607484962733,0.8671892873859642,IND
India,IND,OWID,Confirmed cases,Cori_step,2020-11-23,0.9050750179411188,0.9429607484962733,0.8671892873859642,IND
India,IND,OWID,Confirmed cases,Cori_step,2020-11-24,0.9050750179411188,0.9429607484962733,0.8671892873859642,IND
India,IND,OWID,Confirmed cases,Cori_step,2020-11-25,0.9050750179411188,0.9429607484962733,0.8671892873859642,IND
India,IND,OWID,Confirmed cases,Cori_step,2020-11-26,0.9050750179411188,0.9429607484962733,0.8671892873859642,IND
India,IND,OWID,Confirmed cases,Cori_step,2020-11-27,0.9050750179411188,0.9429607484962733,0.8671892873859642,IND
India,IND,OWID,Confirmed cases,Cori_step,2020-11-28,0.9050750179411188,0.9429607484962733,0.8671892873859642,IND
India,IND,OWID,Confirmed cases,Cori_step,2020-11-29,0.9050750179411188,0.9429607484962733,0.8671892873859642,IND
India,IND,OWID,Confirmed cases,Cori_step,2020-11-30,0.9050750179411188,0.9429607484962733,0.8671892873859642,IND
India,IND,OWID,Confirmed cases,Cori_step,2020-12-01,0.9050750179411188,0.9429607484962733,0.8671892873859642,IND
India,IND,OWID,Confirmed cases,Cori_step,2020-12-02,0.9050750179411188,0.9429607484962733,0.8671892873859642,IND
India,IND,OWID,Confirmed cases,Cori_step,2020-12-03,0.9050750179411188,0.9429607484962733,0.8671892873859642,IND
India,IND,OWID,Confirmed cases,Cori_step,2020-12-04,0.9050750179411188,0.9429607484962733,0.8671892873859642,IND
India,IND,OWID,Confirmed cases,Cori_step,2020-12-05,0.9050750179411188,0.9429607484962733,0.8671892873859642,IND
India,IND,OWID,Confirmed cases,Cori_step,2020-12-06,0.9050750179411188,0.9429607484962733,0.8671892873859642,IND
India,IND,OWID,Confirmed cases,Cori_step,2020-12-07,0.9050750179411188,0.9429607484962733,0.8671892873859642,IND
India,IND,OWID,Confirmed cases,Cori_step,2020-12-08,0.9050750179411188,0.9429607484962733,0.8671892873859642,IND
India,IND,OWID,Confirmed cases,Cori_step,2020-12-09,0.9050750179411188,0.9429607484962733,0.8671892873859642,IND
India,IND,OWID,Confirmed cases,Cori_step,2020-12-10,0.9050750179411188,0.9429607484962733,0.8671892873859642,IND
India,IND,OWID,Confirmed cases,Cori_step,2020-12-11,0.9050750179411188,0.9429607484962733,0.8671892873859642,IND
India,IND,OWID,Confirmed cases,Cori_step,2020-12-12,0.9050750179411188,0.9429607484962733,0.8671892873859642,IND
India,IND,OWID,Confirmed cases,Cori_step,2020-12-13,0.9050750179411188,0.9429607484962733,0.8671892873859642,IND
India,IND,OWID,Confirmed cases,Cori_step,2020-12-14,0.9050750179411188,0.9429607484962733,0.8671892873859642,IND
India,IND,OWID,Confirmed cases,Cori_step,2020-12-15,0.9050750179411188,0.9429607484962733,0.8671892873859642,IND
India,IND,OWID,Confirmed cases,Cori_step,2020-12-16,0.9050750179411188,0.9429607484962733,0.8671892873859642,IND
India,IND,OWID,Confirmed cases,Cori_step,2020-12-17,0.9050750179411188,0.9429607484962733,0.8671892873859642,IND
India,IND,OWID,Confirmed cases,Cori_step,2020-12-18,0.9050750179411188,0.9429607484962733,0.8671892873859642,IND
India,IND,OWID,Confirmed cases,Cori_step,2020-12-19,0.9050750179411188,0.9429607484962733,0.8671892873859642,IND
India,IND,OWID,Confirmed cases,Cori_step,2020-12-20,0.9050750179411188,0.9429607484962733,0.8671892873859642,IND
India,IND,OWID,Confirmed cases,Cori_step,2020-12-21,0.9050750179411188,0.9429607484962733,0.8671892873859642,IND
India,IND,OWID,Confirmed cases,Cori_step,2020-12-22,0.9050750179411188,0.9429607484962733,0.8671892873859642,IND
India,IND,OWID,Confirmed cases,Cori_step,2020-12-23,0.9050750179411188,0.9429607484962733,0.8671892873859642,IND
India,IND,OWID,Confirmed cases,Cori_step,2020-12-24,0.9050750179411188,0.9429607484962733,0.8671892873859642,IND
India,IND,OWID,Confirmed cases,Cori_step,2020-12-25,0.9050750179411188,0.9429607484962733,0.8671892873859642,IND
India,IND,OWID,Confirmed cases,Cori_step,2020-12-26,0.9050750179411188,0.9429607484962733,0.8671892873859642,IND
India,IND,OWID,Confirmed cases,Cori_step,2020-12-27,0.9050750179411188,0.9429607484962733,0.8671892873859642,IND
India,IND,OWID,Confirmed cases,Cori_step,2020-12-28,0.9050750179411188,0.9429607484962733,0.8671892873859642,IND
India,IND,OWID,Confirmed cases,Cori_step,2020-12-29,0.9050750179411188,0.9429607484962733,0.8671892873859642,IND
India,IND,OWID,Confirmed cases,Cori_step,2020-12-30,0.9050750179411188,0.9429607484962733,0.8671892873859642,IND
India,IND,OWID,Confirmed cases,Cori_step,2020-12-31,0.9050750179411188,0.9429607484962733,0.8671892873859642,IND
India,IND,OWID,Confirmed cases,Cori_step,2021-01-01,0.9050750179411188,0.9429607484962733,0.8671892873859642,IND
India,IND,OWID,Confirmed cases,Cori_step,2021-01-02,0.9050750179411188,0.9429607484962733,0.8671892873859642,IND
India,IND,OWID,Confirmed cases,Cori_step,2021-01-03,0.9050750179411188,0.9429607484962733,0.8671892873859642,IND
India,IND,OWID,Confirmed cases,Cori_step,2021-01-04,0.9050750179411188,0.9429607484962733,0.8671892873859642,IND
India,IND,OWID,Confirmed cases,Cori_step,2021-01-05,0.9050750179411188,0.9429607484962733,0.8671892873859642,IND
India,IND,OWID,Confirmed cases,Cori_step,2021-01-06,0.9050750179411188,0.9429607484962733,0.8671892873859642,IND
India,IND,OWID,Confirmed cases,Cori_step,2021-01-07,0.9050750179411188,0.9429607484962733,0.8671892873859642,IND
India,IND,OWID,Confirmed cases,Cori_step,2021-01-08,0.9050750179411188,0.9429607484962733,0.8671892873859642,IND
India,IND,OWID,Confirmed cases,Cori_step,2021-01-09,0.9050750179411188,0.9429607484962733,0.8671892873859642,IND
India,IND,OWID,Confirmed cases,Cori_step,2021-01-10,0.9050750179411188,0.9429607484962733,0.8671892873859642,IND
India,IND,OWID,Confirmed cases,Cori_step,2021-01-11,0.9050750179411188,0.9429607484962733,0.8671892873859642,IND
India,IND,OWID,Confirmed cases,Cori_step,2021-01-12,0.9050750179411188,0.9429607484962733,0.8671892873859642,IND
India,IND,OWID,Confirmed cases,Cori_step,2021-01-13,0.9050750179411188,0.9429607484962733,0.8671892873859642,IND
India,IND,OWID,Confirmed cases,Cori_step,2021-01-14,0.9050750179411188,0.9429607484962733,0.8671892873859642,IND
India,IND,OWID,Confirmed cases,Cori_step,2021-01-15,0.9050750179411188,0.9429607484962733,0.8671892873859642,IND
India,IND,OWID,Confirmed cases,Cori_step,2021-01-16,0.9050750179411188,0.9429607484962733,0.8671892873859642,IND
India,IND,OWID,Confirmed cases,Cori_step,2021-01-17,0.9050750179411188,0.9429607484962733,0.8671892873859642,IND
India,IND,OWID,Confirmed cases,Cori_step,2021-01-18,0.9050750179411188,0.9429607484962733,0.8671892873859642,IND
India,IND,OWID,Confirmed cases,Cori_step,2021-01-19,0.9050750179411188,0.9429607484962733,0.8671892873859642,IND
India,IND,OWID,Confirmed cases,Cori_step,2021-01-20,0.9050750179411188,0.9429607484962733,0.8671892873859642,IND
India,IND,OWID,Confirmed cases,Cori_step,2021-01-21,0.9050750179411188,0.9429607484962733,0.8671892873859642,IND
India,IND,OWID,Confirmed cases,Cori_step,2021-01-22,0.9050750179411188,0.9429607484962733,0.8671892873859642,IND
India,IND,OWID,Confirmed cases,Cori_step,2021-01-23,0.9050750179411188,0.9429607484962733,0.8671892873859642,IND
India,IND,OWID,Confirmed cases,Cori_step,2021-01-24,0.9050750179411188,0.9429607484962733,0.8671892873859642,IND
India,IND,OWID,Confirmed cases,Cori_step,2021-01-25,0.9050750179411188,0.9429607484962733,0.8671892873859642,IND
India,IND,OWID,Confirmed cases,Cori_step,2021-01-26,0.9185675877614784,1.2112753055265628,0.625859869996394,IND
India,IND,OWID,Confirmed cases,Cori_step,2021-01-27,1.0643344298966684,1.1513652982868636,0.977303561506473,IND
India,IND,OWID,Confirmed cases,Cori_step,2021-01-28,1.0643344298966684,1.1513652982868636,0.977303561506473,IND
India,IND,OWID,Confirmed cases,Cori_step,2021-01-29,1.0643344298966684,1.1513652982868636,0.977303561506473,IND
India,IND,OWID,Confirmed cases,Cori_step,2021-01-30,1.0643344298966684,1.1513652982868636,0.977303561506473,IND
India,IND,OWID,Confirmed cases,Cori_step,2021-01-31,1.0643344298966684,1.1513652982868636,0.977303561506473,IND
India,IND,OWID,Confirmed cases,Cori_step,2021-02-01,1.0643344298966684,1.1513652982868636,0.977303561506473,IND
India,IND,OWID,Confirmed cases,Cori_step,2021-02-02,1.0643344298966684,1.1513652982868636,0.977303561506473,IND
India,IND,OWID,Confirmed cases,Cori_step,2021-02-03,1.0643344298966684,1.1513652982868636,0.977303561506473,IND
India,IND,OWID,Confirmed cases,Cori_step,2021-02-04,1.0643344298966684,1.1513652982868636,0.977303561506473,IND
India,IND,OWID,Confirmed cases,Cori_step,2021-02-05,1.0643344298966684,1.1513652982868636,0.977303561506473,IND
India,IND,OWID,Confirmed cases,Cori_step,2021-02-06,1.0643344298966684,1.1513652982868636,0.977303561506473,IND
India,IND,OWID,Confirmed cases,Cori_step,2021-02-07,1.0643344298966684,1.1513652982868636,0.977303561506473,IND
India,IND,OWID,Confirmed cases,Cori_step,2021-02-08,1.0643344298966684,1.1513652982868636,0.977303561506473,IND
India,IND,OWID,Confirmed cases,Cori_step,2021-02-09,1.0643344298966684,1.1513652982868636,0.977303561506473,IND
India,IND,OWID,Confirmed cases,Cori_step,2021-02-10,1.0643344298966684,1.1513652982868636,0.977303561506473,IND
India,IND,OWID,Confirmed cases,Cori_step,2021-02-11,1.0643344298966684,1.1513652982868636,0.977303561506473,IND
India,IND,OWID,Confirmed cases,Cori_step,2021-02-12,1.0643344298966684,1.1513652982868636,0.977303561506473,IND
India,IND,OWID,Confirmed cases,Cori_step,2021-02-13,1.0643344298966684,1.1513652982868636,0.977303561506473,IND
India,IND,OWID,Confirmed cases,Cori_step,2021-02-14,1.0643344298966684,1.1513652982868636,0.977303561506473,IND
India,IND,OWID,Confirmed cases,Cori_step,2021-02-15,1.0643344298966684,1.1513652982868636,0.977303561506473,IND
India,IND,OWID,Confirmed cases,Cori_step,2021-02-16,1.0643344298966684,1.1513652982868636,0.977303561506473,IND
India,IND,OWID,Confirmed cases,Cori_step,2021-02-17,1.0643344298966684,1.1513652982868636,0.977303561506473,IND
India,IND,OWID,Confirmed cases,Cori_step,2021-02-18,1.0643344298966684,1.1513652982868636,0.977303561506473,IND
India,IND,OWID,Confirmed cases,Cori_step,2021-02-19,1.0643344298966684,1.1513652982868636,0.977303561506473,IND
India,IND,OWID,Confirmed cases,Cori_step,2021-02-20,1.0643344298966684,1.1513652982868636,0.977303561506473,IND
India,IND,OWID,Confirmed cases,Cori_step,2021-02-21,1.0643344298966684,1.1513652982868636,0.977303561506473,IND
India,IND,OWID,Confirmed cases,Cori_step,2021-02-22,1.0643344298966684,1.1513652982868636,0.977303561506473,IND
India,IND,OWID,Confirmed cases,Cori_step,2021-02-23,1.0643344298966684,1.1513652982868636,0.977303561506473,IND
India,IND,OWID,Confirmed cases,Cori_step,2021-02-24,1.2826320825106765,1.483951146149773,1.08131301887158,IND
India,IND,OWID,Confirmed cases,Cori_step,2021-02-25,1.2826320825106765,1.483951146149773,1.08131301887158,IND
India,IND,OWID,Confirmed cases,Cori_step,2021-02-26,1.2826320825106765,1.483951146149773,1.08131301887158,IND
India,IND,OWID,Confirmed cases,Cori_step,2021-02-27,1.2826320825106765,1.483951146149773,1.08131301887158,IND
India,IND,OWID,Confirmed cases,Cori_step,2021-02-28,1.2826320825106765,1.483951146149773,1.08131301887158,IND
India,IND,OWID,Confirmed cases,Cori_step,2021-03-01,1.2826320825106765,1.483951146149773,1.08131301887158,IND
India,IND,OWID,Confirmed cases,Cori_step,2021-03-02,1.2826320825106765,1.483951146149773,1.08131301887158,IND
India,IND,OWID,Confirmed cases,Cori_step,2021-03-03,1.2826320825106765,1.483951146149773,1.08131301887158,IND
India,IND,OWID,Confirmed cases,Cori_step,2021-03-04,1.2826320825106765,1.483951146149773,1.08131301887158,IND
India,IND,OWID,Confirmed cases,Cori_step,2021-03-05,1.2826320825106765,1.483951146149773,1.08131301887158,IND
India,IND,OWID,Confirmed cases,Cori_step,2021-03-06,1.2826320825106765,1.483951146149773,1.08131301887158,IND
India,IND,OWID,Confirmed cases,Cori_step,2021-03-07,1.2826320825106765,1.483951146149773,1.08131301887158,IND
India,IND,OWID,Confirmed cases,Cori_step,2021-03-08,1.2826320825106765,1.483951146149773,1.08131301887158,IND
India,IND,OWID,Confirmed cases,Cori_step,2021-03-09,1.3548631960813282,1.4857724788424544,1.223953913320202,IND
India,IND,OWID,Confirmed cases,Cori_step,2021-03-10,1.3548631960813282,1.4857724788424544,1.223953913320202,IND
India,IND,OWID,Confirmed cases,Cori_step,2021-03-11,1.3548631960813282,1.4857724788424544,1.223953913320202,IND
India,IND,OWID,Confirmed cases,Cori_step,2021-03-12,1.3548631960813282,1.4857724788424544,1.223953913320202,IND
India,IND,OWID,Confirmed cases,Cori_step,2021-03-13,1.3548631960813282,1.4857724788424544,1.223953913320202,IND
India,IND,OWID,Confirmed cases,Cori_step,2021-03-14,1.3548631960813282,1.4857724788424544,1.223953913320202,IND
India,IND,OWID,Confirmed cases,Cori_step,2021-03-15,1.3548631960813282,1.4857724788424544,1.223953913320202,IND
India,IND,OWID,Confirmed cases,Cori_step,2021-03-16,1.3548631960813282,1.4857724788424544,1.223953913320202,IND
India,IND,OWID,Confirmed cases,Cori_step,2021-03-17,1.3548631960813282,1.4857724788424544,1.223953913320202,IND
India,IND,OWID,Confirmed cases,Cori_step,2021-03-18,1.3548631960813282,1.4857724788424544,1.223953913320202,IND
India,IND,OWID,Confirmed cases,Cori_step,2021-03-19,1.3548631960813282,1.4857724788424544,1.223953913320202,IND
India,IND,OWID,Confirmed cases,Cori_step,2021-03-20,1.3548631960813282,1.4857724788424544,1.223953913320202,IND
India,IND,OWID,Confirmed cases,Cori_step,2021-03-21,1.3548631960813282,1.4857724788424544,1.223953913320202,IND
India,IND,OWID,Confirmed cases,Cori_step,2021-03-22,1.3548631960813282,1.4857724788424544,1.223953913320202,IND
India,IND,OWID,Confirmed cases,Cori_step,2021-03-23,1.3548631960813282,1.4857724788424544,1.223953913320202,IND
India,IND,OWID,Confirmed cases,Cori_step,2021-03-24,1.3548631960813282,1.4857724788424544,1.223953913320202,IND
India,IND,OWID,Confirmed cases,Cori_step,2021-03-25,1.3548631960813282,1.4857724788424544,1.223953913320202,IND
India,IND,OWID,Confirmed cases,Cori_step,2021-03-26,1.3548631960813282,1.4857724788424544,1.223953913320202,IND
India,IND,OWID,Confirmed cases,Cori_step,2021-03-27,1.3548631960813282,1.4857724788424544,1.223953913320202,IND
India,IND,OWID,Confirmed cases,Cori_step,2021-03-28,1.3548631960813282,1.4857724788424544,1.223953913320202,IND
India,IND,OWID,Confirmed cases,Cori_step,2021-03-29,1.3548631960813282,1.4857724788424544,1.223953913320202,IND
India,IND,OWID,Confirmed cases,Cori_step,2021-03-30,1.3548631960813282,1.4857724788424544,1.223953913320202,IND
India,IND,OWID,Confirmed cases,Cori_step,2021-03-31,1.3548631960813282,1.4857724788424544,1.223953913320202,IND
India,IND,OWID,Confirmed cases,Cori_step,2021-04-01,1.3548631960813282,1.4857724788424544,1.223953913320202,IND
India,IND,OWID,Confirmed cases,Cori_step,2021-04-02,1.3548631960813282,1.4857724788424544,1.223953913320202,IND
India,IND,OWID,Confirmed cases,Cori_step,2021-04-03,1.4001367349482938,1.7276040293921995,1.0726694405043882,IND
India,IND,OWID,Confirmed cases,Cori_step,2021-04-04,1.4001367349482938,1.7276040293921995,1.0726694405043882,IND
India,IND,OWID,Confirmed cases,Cori_step,2021-04-05,1.2511490213108836,1.4561039330742582,1.046194109547509,IND
India,IND,OWID,Confirmed cases,Cori_step,2021-04-06,1.2511490213108836,1.4561039330742582,1.046194109547509,IND
India,IND,OWID,Confirmed cases,Cori_step,2021-04-07,1.2511490213108836,1.4561039330742582,1.046194109547509,IND
India,IND,OWID,Confirmed cases,Cori_step,2021-04-08,1.2511490213108836,1.4561039330742582,1.046194109547509,IND
India,IND,OWID,Confirmed cases,Cori_step,2021-04-09,1.2511490213108836,1.4561039330742582,1.046194109547509,IND
India,IND,OWID,Confirmed cases,Cori_step,2021-04-10,1.2511490213108836,1.4561039330742582,1.046194109547509,IND
India,IND,OWID,Confirmed cases,Cori_step,2021-04-11,1.2511490213108836,1.4561039330742582,1.046194109547509,IND
India,IND,OWID,Confirmed cases,Cori_step,2021-04-12,1.2511490213108836,1.4561039330742582,1.046194109547509,IND
India,IND,OWID,Confirmed cases,Cori_step,2021-04-13,1.2511490213108836,1.4561039330742582,1.046194109547509,IND
India,IND,OWID,Confirmed cases,Cori_step,2021-04-14,1.2511490213108836,1.4561039330742582,1.046194109547509,IND
India,IND,OWID,Confirmed cases,Cori_step,2021-04-15,1.2511490213108836,1.4561039330742582,1.046194109547509,IND
India,IND,OWID,Confirmed cases,Cori_step,2021-04-16,1.2511490213108836,1.4561039330742582,1.046194109547509,IND
India,IND,OWID,Confirmed cases,Cori_step,2021-04-17,1.2511490213108836,1.4561039330742582,1.046194109547509,IND
India,IND,OWID,Confirmed cases,Cori_step,2021-04-18,1.2511490213108836,1.4561039330742582,1.046194109547509,IND
India,IND,OWID,Confirmed cases,Cori_step,2021-04-19,0.9501810767510669,1.04531045383048,0.8550516996716537,IND
India,IND,OWID,Confirmed cases,Cori_step,2021-04-20,0.9501810767510669,1.04531045383048,0.8550516996716537,IND
India,IND,OWID,Confirmed cases,Cori_step,2021-04-21,0.9501810767510669,1.04531045383048,0.8550516996716537,IND
India,IND,OWID,Confirmed cases,Cori_step,2021-04-22,0.9501810767510669,1.04531045383048,0.8550516996716537,IND
India,IND,OWID,Confirmed cases,Cori_step,2021-04-23,0.9501810767510669,1.04531045383048,0.8550516996716537,IND
India,IND,OWID,Confirmed cases,Cori_step,2021-04-24,0.9501810767510669,1.04531045383048,0.8550516996716537,IND
India,IND,OWID,Confirmed cases,Cori_step,2021-04-25,0.9501810767510669,1.04531045383048,0.8550516996716537,IND
India,IND,OWID,Confirmed cases,Cori_step,2021-04-26,0.9501810767510669,1.04531045383048,0.8550516996716537,IND
India,IND,OWID,Confirmed cases,Cori_step,2021-04-27,0.9501810767510669,1.04531045383048,0.8550516996716537,IND
India,IND,OWID,Confirmed cases,Cori_step,2021-04-28,0.9501810767510669,1.04531045383048,0.8550516996716537,IND
India,IND,OWID,Confirmed cases,Cori_step,2021-04-29,0.9501810767510669,1.04531045383048,0.8550516996716537,IND
India,IND,OWID,Confirmed cases,Cori_step,2021-04-30,0.9501810767510669,1.04531045383048,0.8550516996716537,IND
India,IND,OWID,Confirmed cases,Cori_step,2021-05-01,0.9501810767510669,1.04531045383048,0.8550516996716537,IND
India,IND,OWID,Confirmed cases,Cori_step,2021-05-02,0.9501810767510669,1.04531045383048,0.8550516996716537,IND
India,IND,OWID,Confirmed cases,Cori_step,2021-05-03,0.9501810767510669,1.04531045383048,0.8550516996716537,IND
India,IND,OWID,Confirmed cases,Cori_step,2021-05-04,0.9501810767510669,1.04531045383048,0.8550516996716537,IND
India,IND,OWID,Confirmed cases,Cori_step,2021-05-05,0.9501810767510669,1.04531045383048,0.8550516996716537,IND
India,IND,OWID,Confirmed cases,Cori_step,2021-05-06,0.9501810767510669,1.04531045383048,0.8550516996716537,IND
India,IND,OWID,Confirmed cases,Cori_step,2021-05-07,0.9501810767510669,1.04531045383048,0.8550516996716537,IND
India,IND,OWID,Confirmed cases,Cori_step,2021-05-08,0.9501810767510669,1.04531045383048,0.8550516996716537,IND
India,IND,OWID,Confirmed cases,Cori_step,2021-05-09,0.9501810767510669,1.04531045383048,0.8550516996716537,IND
India,IND,OWID,Confirmed cases,Cori_step,2021-05-10,0.8267228581585131,0.8865951844940868,0.7668505318229394,IND
India,IND,OWID,Confirmed cases,Cori_step,2021-05-11,0.8267228581585131,0.8865951844940868,0.7668505318229394,IND
India,IND,OWID,Confirmed cases,Cori_step,2021-05-12,0.8267228581585131,0.8865951844940868,0.7668505318229394,IND
India,IND,OWID,Confirmed cases,Cori_step,2021-05-13,0.8267228581585131,0.8865951844940868,0.7668505318229394,IND
India,IND,OWID,Confirmed cases,Cori_step,2021-05-14,0.8267228581585131,0.8865951844940868,0.7668505318229394,IND
India,IND,OWID,Confirmed cases,Cori_step,2021-05-15,0.8267228581585131,0.8865951844940868,0.7668505318229394,IND
India,IND,OWID,Confirmed cases,Cori_step,2021-05-16,0.8267228581585131,0.8865951844940868,0.7668505318229394,IND
India,IND,OWID,Confirmed cases,Cori_step,2021-05-17,0.8267228581585131,0.8865951844940868,0.7668505318229394,IND
India,IND,OWID,Confirmed cases,Cori_step,2021-05-18,0.8267228581585131,0.8865951844940868,0.7668505318229394,IND
India,IND,OWID,Confirmed cases,Cori_step,2021-05-19,0.8267228581585131,0.8865951844940868,0.7668505318229394,IND
India,IND,OWID,Confirmed cases,Cori_step,2021-05-20,0.8267228581585131,0.8865951844940868,0.7668505318229394,IND
India,IND,OWID,Confirmed cases,Cori_step,2021-05-21,0.8267228581585131,0.8865951844940868,0.7668505318229394,IND
India,IND,OWID,Confirmed cases,Cori_step,2021-05-22,0.8267228581585131,0.8865951844940868,0.7668505318229394,IND
India,IND,OWID,Confirmed cases,Cori_step,2021-05-23,0.8267228581585131,0.8865951844940868,0.7668505318229394,IND
India,IND,OWID,Confirmed cases,Cori_step,2021-05-24,0.8267228581585131,0.8865951844940868,0.7668505318229394,IND
India,IND,OWID,Confirmed cases,Cori_step,2021-05-25,0.8267228581585131,0.8865951844940868,0.7668505318229394,IND
India,IND,OWID,Confirmed cases,Cori_step,2021-05-26,0.8267228581585131,0.8865951844940868,0.7668505318229394,IND
India,IND,OWID,Confirmed cases,Cori_step,2021-05-27,0.8267228581585131,0.8865951844940868,0.7668505318229394,IND
India,IND,OWID,Confirmed cases,Cori_step,2021-05-28,0.8267228581585131,0.8865951844940868,0.7668505318229394,IND
India,IND,OWID,Confirmed cases,Cori_step,2021-05-29,0.8267228581585131,0.8865951844940868,0.7668505318229394,IND
India,IND,OWID,Confirmed cases,Cori_step,2021-05-30,0.8267228581585131,0.8865951844940868,0.7668505318229394,IND
India,IND,OWID,Confirmed cases,Cori_step,2021-05-31,0.8267228581585131,0.8865951844940868,0.7668505318229394,IND
India,IND,OWID,Confirmed cases,Cori_step,2021-06-01,0.8267228581585131,0.8865951844940868,0.7668505318229394,IND
India,IND,OWID,Confirmed cases,Cori_step,2021-06-02,0.8267228581585131,0.8865951844940868,0.7668505318229394,IND
India,IND,OWID,Confirmed cases,Cori_step,2021-06-03,0.8267228581585131,0.8865951844940868,0.7668505318229394,IND
India,IND,OWID,Confirmed cases,Cori_step,2021-06-04,0.8267228581585131,0.8865951844940868,0.7668505318229394,IND
India,IND,OWID,Confirmed cases,Cori_step,2021-06-05,0.8267228581585131,0.8865951844940868,0.7668505318229394,IND
India,IND,OWID,Confirmed cases,Cori_step,2021-06-06,0.8267228581585131,0.8865951844940868,0.7668505318229394,IND
India,IND,OWID,Confirmed cases,Cori_step,2021-06-07,0.8267228581585131,0.8865951844940868,0.7668505318229394,IND
India,IND,OWID,Confirmed cases,Cori_step,2021-06-08,0.8267228581585131,0.8865951844940868,0.7668505318229394,IND
India,IND,OWID,Confirmed cases,Cori_step,2021-06-09,0.8267228581585131,0.8865951844940868,0.7668505318229394,IND
India,IND,OWID,Confirmed cases,Cori_step,2021-06-10,0.8267228581585131,0.8865951844940868,0.7668505318229394,IND
India,IND,OWID,Confirmed cases,Cori_step,2021-06-11,0.8267228581585131,0.8865951844940868,0.7668505318229394,IND
India,IND,OWID,Confirmed cases,Cori_step,2021-06-12,0.8267228581585131,0.8865951844940868,0.7668505318229394,IND
India,IND,OWID,Confirmed cases,Cori_step,2021-06-13,0.8267228581585131,0.8865951844940868,0.7668505318229394,IND
India,IND,OWID,Confirmed cases,Cori_step,2021-06-14,0.8267228581585131,0.8865951844940868,0.7668505318229394,IND
India,IND,OWID,Confirmed cases,Cori_step,2021-06-15,0.8267228581585131,0.8865951844940868,0.7668505318229394,IND
India,IND,OWID,Confirmed cases,Cori_step,2021-06-16,0.8267228581585131,0.8865951844940868,0.7668505318229394,IND
India,IND,OWID,Confirmed cases,Cori_step,2021-06-17,0.8267228581585131,0.8865951844940868,0.7668505318229394,IND
India,IND,OWID,Confirmed cases,Cori_step,2021-06-18,0.8267228581585131,0.8865951844940868,0.7668505318229394,IND
India,IND,OWID,Confirmed cases,Cori_step,2021-06-19,0.8267228581585131,0.8865951844940868,0.7668505318229394,IND
India,IND,OWID,Confirmed cases,Cori_step,2021-06-20,0.8267228581585131,0.8865951844940868,0.7668505318229394,IND
India,IND,OWID,Confirmed cases,Cori_step,2021-06-21,0.8267228581585131,0.8865951844940868,0.7668505318229394,IND
India,IND,OWID,Confirmed cases,Cori_step,2021-06-22,0.8267228581585131,0.8865951844940868,0.7668505318229394,IND
India,IND,OWID,Confirmed cases,Cori_step,2021-06-23,0.8267228581585131,0.8865951844940868,0.7668505318229394,IND
India,IND,OWID,Confirmed cases,Cori_step,2021-06-24,0.8267228581585131,0.8865951844940868,0.7668505318229394,IND
India,IND,OWID,Confirmed cases,Cori_step,2021-06-25,0.8267228581585131,0.8865951844940868,0.7668505318229394,IND
India,IND,OWID,Confirmed cases,Cori_step,2021-06-26,0.8267228581585131,0.8865951844940868,0.7668505318229394,IND
India,IND,OWID,Confirmed cases,Cori_step,2021-06-27,0.8267228581585131,0.8865951844940868,0.7668505318229394,IND
India,IND,OWID,Confirmed cases,Cori_step,2021-06-28,0.8267228581585131,0.8865951844940868,0.7668505318229394,IND
India,IND,OWID,Confirmed cases,Cori_step,2021-06-29,0.8267228581585131,0.8865951844940868,0.7668505318229394,IND
India,IND,OWID,Confirmed cases,Cori_step,2021-06-30,0.8267228581585131,0.8865951844940868,0.7668505318229394,IND
India,IND,OWID,Confirmed cases,Cori_step,2021-07-01,0.8267228581585131,0.8865951844940868,0.7668505318229394,IND
India,IND,OWID,Confirmed cases,Cori_step,2021-07-02,0.8267228581585131,0.8865951844940868,0.7668505318229394,IND
India,IND,OWID,Confirmed cases,Cori_step,2021-07-03,0.8267228581585131,0.8865951844940868,0.7668505318229394,IND
India,IND,OWID,Confirmed cases,Cori_step,2021-07-04,0.8267228581585131,0.8865951844940868,0.7668505318229394,IND
India,IND,OWID,Confirmed cases,Cori_step,2021-07-05,0.8267228581585131,0.8865951844940868,0.7668505318229394,IND
India,IND,OWID,Confirmed cases,Cori_step,2021-07-06,0.8267228581585131,0.8865951844940868,0.7668505318229394,IND
India,IND,OWID,Confirmed cases,Cori_step,2021-07-07,0.8267228581585131,0.8865951844940868,0.7668505318229394,IND
India,IND,OWID,Confirmed cases,Cori_step,2021-07-08,0.8267228581585131,0.8865951844940868,0.7668505318229394,IND
India,IND,OWID,Confirmed cases,Cori_step,2021-07-09,0.8267228581585131,0.8865951844940868,0.7668505318229394,IND
India,IND,OWID,Confirmed cases,Cori_step,2021-07-10,0.8267228581585131,0.8865951844940868,0.7668505318229394,IND
India,IND,OWID,Confirmed cases,Cori_step,2021-07-11,0.8267228581585131,0.8865951844940868,0.7668505318229394,IND
India,IND,OWID,Confirmed cases,Cori_step,2021-07-12,0.8267228581585131,0.8865951844940868,0.7668505318229394,IND
India,IND,OWID,Confirmed cases,Cori_step,2021-07-13,0.8267228581585131,0.8865951844940868,0.7668505318229394,IND
India,IND,OWID,Confirmed cases,Cori_step,2021-07-14,0.8267228581585131,0.8865951844940868,0.7668505318229394,IND
India,IND,OWID,Confirmed cases,Cori_step,2021-07-15,0.8267228581585131,0.8865951844940868,0.7668505318229394,IND
India,IND,OWID,Confirmed cases,Cori_step,2021-07-16,0.8267228581585131,0.8865951844940868,0.7668505318229394,IND
India,IND,OWID,Confirmed cases,Cori_step,2021-07-17,0.8267228581585131,0.8865951844940868,0.7668505318229394,IND
India,IND,OWID,Confirmed cases,Cori_step,2021-07-18,0.8267228581585131,0.8865951844940868,0.7668505318229394,IND
India,IND,OWID,Confirmed cases,Cori_step,2021-07-19,0.8267228581585131,0.8865951844940868,0.7668505318229394,IND
India,IND,OWID,Confirmed cases,Cori_step,2021-07-20,0.8267228581585131,0.8865951844940868,0.7668505318229394,IND
India,IND,OWID,Confirmed cases,Cori_step,2021-07-21,1.0140388639417823,1.259942733277167,0.7681349946063976,IND
India,IND,OWID,Confirmed cases,Cori_step,2021-07-22,1.0140388639417823,1.259942733277167,0.7681349946063976,IND
India,IND,OWID,Confirmed cases,Cori_step,2021-07-23,1.0140388639417823,1.259942733277167,0.7681349946063976,IND
India,IND,OWID,Confirmed cases,Cori_step,2021-07-24,1.0140388639417823,1.259942733277167,0.7681349946063976,IND
India,IND,OWID,Confirmed cases,Cori_step,2021-07-25,1.0140388639417823,1.259942733277167,0.7681349946063976,IND
India,IND,OWID,Confirmed cases,Cori_step,2021-07-26,0.956819813197544,1.0346098452893997,0.8790297811056882,IND
India,IND,OWID,Confirmed cases,Cori_step,2021-07-27,0.956819813197544,1.0346098452893997,0.8790297811056882,IND
India,IND,OWID,Confirmed cases,Cori_step,2021-07-28,0.956819813197544,1.0346098452893997,0.8790297811056882,IND
India,IND,OWID,Confirmed cases,Cori_step,2021-07-29,0.956819813197544,1.0346098452893997,0.8790297811056882,IND
India,IND,OWID,Confirmed cases,Cori_step,2021-07-30,0.956819813197544,1.0346098452893997,0.8790297811056882,IND
India,IND,OWID,Confirmed cases,Cori_step,2021-07-31,0.956819813197544,1.0346098452893997,0.8790297811056882,IND
India,IND,OWID,Confirmed cases,Cori_step,2021-08-01,0.956819813197544,1.0346098452893997,0.8790297811056882,IND
India,IND,OWID,Confirmed cases,Cori_step,2021-08-02,0.956819813197544,1.0346098452893997,0.8790297811056882,IND
India,IND,OWID,Confirmed cases,Cori_step,2021-08-03,0.956819813197544,1.0346098452893997,0.8790297811056882,IND
India,IND,OWID,Confirmed cases,Cori_step,2021-08-04,0.956819813197544,1.0346098452893997,0.8790297811056882,IND
India,IND,OWID,Confirmed cases,Cori_step,2021-08-05,0.956819813197544,1.0346098452893997,0.8790297811056882,IND
India,IND,OWID,Confirmed cases,Cori_step,2021-08-06,0.956819813197544,1.0346098452893997,0.8790297811056882,IND
India,IND,OWID,Confirmed cases,Cori_step,2021-08-07,0.956819813197544,1.0346098452893997,0.8790297811056882,IND
India,IND,OWID,Confirmed cases,Cori_step,2021-08-08,0.956819813197544,1.0346098452893997,0.8790297811056882,IND
India,IND,OWID,Confirmed cases,Cori_step,2021-08-09,0.956819813197544,1.0346098452893997,0.8790297811056882,IND
India,IND,OWID,Confirmed cases,Cori_step,2021-08-10,0.956819813197544,1.0346098452893997,0.8790297811056882,IND
India,IND,OWID,Confirmed cases,Cori_step,2021-08-11,0.956819813197544,1.0346098452893997,0.8790297811056882,IND
India,IND,OWID,Confirmed cases,Cori_step,2021-08-12,0.956819813197544,1.0346098452893997,0.8790297811056882,IND
India,IND,OWID,Confirmed cases,Cori_step,2021-08-13,0.956819813197544,1.0346098452893997,0.8790297811056882,IND
India,IND,OWID,Confirmed cases,Cori_step,2021-08-14,0.956819813197544,1.0346098452893997,0.8790297811056882,IND
India,IND,OWID,Confirmed cases,Cori_step,2021-08-15,0.9746373425458456,1.0547863366735266,0.8944883484181644,IND
India,IND,OWID,Confirmed cases,Cori_step,2021-08-16,0.9746373425458456,1.0547863366735266,0.8944883484181644,IND
India,IND,OWID,Confirmed cases,Cori_step,2021-08-17,0.9746373425458456,1.0547863366735266,0.8944883484181644,IND
India,IND,OWID,Confirmed cases,Cori_step,2021-08-18,0.9746373425458456,1.0547863366735266,0.8944883484181644,IND
India,IND,OWID,Confirmed cases,Cori_step,2021-08-19,0.9746373425458456,1.0547863366735266,0.8944883484181644,IND
India,IND,OWID,Confirmed cases,Cori_step,2021-08-20,0.9746373425458456,1.0547863366735266,0.8944883484181644,IND
India,IND,OWID,Confirmed cases,Cori_step,2021-08-21,0.9746373425458456,1.0547863366735266,0.8944883484181644,IND
India,IND,OWID,Confirmed cases,Cori_step,2021-08-22,0.9746373425458456,1.0547863366735266,0.8944883484181644,IND
India,IND,OWID,Confirmed cases,Cori_step,2021-08-23,0.9746373425458456,1.0547863366735266,0.8944883484181644,IND
India,IND,OWID,Confirmed cases,Cori_step,2021-08-24,0.9746373425458456,1.0547863366735266,0.8944883484181644,IND
India,IND,OWID,Confirmed cases,Cori_step,2021-08-25,0.9746373425458456,1.0547863366735266,0.8944883484181644,IND
India,IND,OWID,Confirmed cases,Cori_step,2021-08-26,0.9746373425458456,1.0547863366735266,0.8944883484181644,IND
India,IND,OWID,Confirmed cases,Cori_step,2021-08-27,0.9746373425458456,1.0547863366735266,0.8944883484181644,IND
India,IND,OWID,Confirmed cases,Cori_step,2021-08-28,0.9746373425458456,1.0547863366735266,0.8944883484181644,IND
India,IND,OWID,Confirmed cases,Cori_step,2021-08-29,0.9746373425458456,1.0547863366735266,0.8944883484181644,IND
India,IND,OWID,Confirmed cases,Cori_step,2021-08-30,0.9746373425458456,1.0547863366735266,0.8944883484181644,IND
India,IND,OWID,Confirmed cases,Cori_step,2021-08-31,0.9746373425458456,1.0547863366735266,0.8944883484181644,IND
India,IND,OWID,Confirmed cases,Cori_step,2021-09-01,0.9746373425458456,1.0547863366735266,0.8944883484181644,IND
India,IND,OWID,Confirmed cases,Cori_step,2021-09-02,0.9746373425458456,1.0547863366735266,0.8944883484181644,IND
India,IND,OWID,Confirmed cases,Cori_step,2021-09-03,0.9746373425458456,1.0547863366735266,0.8944883484181644,IND
India,IND,OWID,Confirmed cases,Cori_step,2021-09-04,0.9746373425458456,1.0547863366735266,0.8944883484181644,IND
India,IND,OWID,Confirmed cases,Cori_step,2021-09-05,0.9746373425458456,1.0547863366735266,0.8944883484181644,IND
India,IND,OWID,Confirmed cases,Cori_step,2021-09-06,0.9746373425458456,1.0547863366735266,0.8944883484181644,IND
India,IND,OWID,Confirmed cases,Cori_step,2021-09-07,0.9746373425458456,1.0547863366735266,0.8944883484181644,IND
India,IND,OWID,Confirmed cases,Cori_step,2021-09-08,0.912409100859279,0.9885480045147322,0.8362701972038257,IND
India,IND,OWID,Confirmed cases,Cori_step,2021-09-09,0.912409100859279,0.9885480045147322,0.8362701972038257,IND
India,IND,OWID,Confirmed cases,Cori_step,2021-09-10,0.912409100859279,0.9885480045147322,0.8362701972038257,IND
India,IND,OWID,Confirmed cases,Cori_step,2021-09-11,0.912409100859279,0.9885480045147322,0.8362701972038257,IND
India,IND,OWID,Confirmed cases,Cori_step,2021-09-12,0.912409100859279,0.9885480045147322,0.8362701972038257,IND
India,IND,OWID,Confirmed cases,Cori_step,2021-09-13,0.912409100859279,0.9885480045147322,0.8362701972038257,IND
India,IND,OWID,Confirmed cases,Cori_step,2021-09-14,0.912409100859279,0.9885480045147322,0.8362701972038257,IND
India,IND,OWID,Confirmed cases,Cori_step,2021-09-15,0.912409100859279,0.9885480045147322,0.8362701972038257,IND
India,IND,OWID,Confirmed cases,Cori_step,2021-09-16,0.912409100859279,0.9885480045147322,0.8362701972038257,IND
India,IND,OWID,Confirmed cases,Cori_step,2021-09-17,0.912409100859279,0.9885480045147322,0.8362701972038257,IND
India,IND,OWID,Confirmed cases,Cori_step,2021-09-18,0.912409100859279,0.9885480045147322,0.8362701972038257,IND
India,IND,OWID,Confirmed cases,Cori_step,2021-09-19,0.912409100859279,0.9885480045147322,0.8362701972038257,IND
India,IND,OWID,Confirmed cases,Cori_step,2021-09-20,0.912409100859279,0.9885480045147322,0.8362701972038257,IND
India,IND,OWID,Confirmed cases,Cori_step,2021-09-21,0.912409100859279,0.9885480045147322,0.8362701972038257,IND
India,IND,OWID,Confirmed cases,Cori_step,2021-09-22,0.912409100859279,0.9885480045147322,0.8362701972038257,IND
India,IND,OWID,Confirmed cases,Cori_step,2021-09-23,0.912409100859279,0.9885480045147322,0.8362701972038257,IND
India,IND,OWID,Confirmed cases,Cori_step,2021-09-24,0.912409100859279,0.9885480045147322,0.8362701972038257,IND
India,IND,OWID,Confirmed cases,Cori_step,2021-09-25,0.912409100859279,0.9885480045147322,0.8362701972038257,IND
India,IND,OWID,Confirmed cases,Cori_step,2021-09-26,0.912409100859279,0.9885480045147322,0.8362701972038257,IND
India,IND,OWID,Confirmed cases,Cori_step,2021-09-27,0.912409100859279,0.9885480045147322,0.8362701972038257,IND
India,IND,OWID,Confirmed cases,Cori_step,2021-09-28,0.912409100859279,0.9885480045147322,0.8362701972038257,IND
India,IND,OWID,Confirmed cases,Cori_step,2021-09-29,0.912409100859279,0.9885480045147322,0.8362701972038257,IND
India,IND,OWID,Confirmed cases,Cori_step,2021-09-30,0.912409100859279,0.9885480045147322,0.8362701972038257,IND
India,IND,OWID,Confirmed cases,Cori_step,2021-10-01,0.912409100859279,0.9885480045147322,0.8362701972038257,IND
India,IND,OWID,Confirmed cases,Cori_step,2021-10-02,0.912409100859279,0.9885480045147322,0.8362701972038257,IND
India,IND,OWID,Confirmed cases,Cori_step,2021-10-03,0.912409100859279,0.9885480045147322,0.8362701972038257,IND
India,IND,OWID,Confirmed cases,Cori_step,2021-10-04,0.912409100859279,0.9885480045147322,0.8362701972038257,IND
India,IND,OWID,Confirmed cases,Cori_step,2021-10-05,0.912409100859279,0.9885480045147322,0.8362701972038257,IND
India,IND,OWID,Confirmed cases,Cori_step,2021-10-06,0.912409100859279,0.9885480045147322,0.8362701972038257,IND
India,IND,OWID,Confirmed cases,Cori_step,2021-10-07,0.912409100859279,0.9885480045147322,0.8362701972038257,IND
India,IND,OWID,Confirmed cases,Cori_step,2021-10-08,0.912409100859279,0.9885480045147322,0.8362701972038257,IND
India,IND,OWID,Confirmed cases,Cori_step,2021-10-09,0.912409100859279,0.9885480045147322,0.8362701972038257,IND
India,IND,OWID,Confirmed cases,Cori_step,2021-10-10,0.912409100859279,0.9885480045147322,0.8362701972038257,IND
India,IND,OWID,Confirmed cases,Cori_step,2021-10-11,0.912409100859279,0.9885480045147322,0.8362701972038257,IND
India,IND,OWID,Confirmed cases,Cori_step,2021-10-12,0.9351634045757876,1.0985274584854348,0.7717993506661404,IND
India,IND,OWID,Confirmed cases,Cori_step,2021-10-13,0.9351634045757876,1.0985274584854348,0.7717993506661404,IND
India,IND,OWID,Confirmed cases,Cori_step,2021-10-14,0.9351634045757876,1.0985274584854348,0.7717993506661404,IND
India,IND,OWID,Confirmed cases,Cori_step,2021-10-15,0.9351634045757876,1.0985274584854348,0.7717993506661404,IND
India,IND,OWID,Confirmed cases,Cori_step,2021-10-16,0.9351634045757876,1.0985274584854348,0.7717993506661404,IND
India,IND,OWID,Confirmed cases,Cori_step,2021-10-17,0.9351634045757876,1.0985274584854348,0.7717993506661404,IND
India,IND,OWID,Confirmed cases,Cori_step,2021-10-18,0.9351634045757876,1.0985274584854348,0.7717993506661404,IND
India,IND,OWID,Confirmed cases,Cori_step,2021-10-19,0.9351634045757876,1.0985274584854348,0.7717993506661404,IND
India,IND,OWID,Confirmed cases,Cori_step,2021-10-20,0.9351634045757876,1.0985274584854348,0.7717993506661404,IND
India,IND,OWID,Confirmed cases,Cori_step,2021-10-21,0.9351634045757876,1.0985274584854348,0.7717993506661404,IND
India,IND,OWID,Confirmed cases,Cori_step,2021-10-22,0.9351634045757876,1.0985274584854348,0.7717993506661404,IND
India,IND,OWID,Confirmed cases,Cori_step,2021-10-23,0.9351634045757876,1.0985274584854348,0.7717993506661404,IND
India,IND,OWID,Confirmed cases,Cori_step,2021-10-24,0.9351634045757876,1.0985274584854348,0.7717993506661404,IND
India,IND,OWID,Confirmed cases,Cori_step,2021-10-25,0.9531931603453656,1.0790981847530305,0.8272881359377007,IND
India,IND,OWID,Confirmed cases,Cori_step,2021-10-26,0.9531931603453656,1.0790981847530305,0.8272881359377007,IND
India,IND,OWID,Confirmed cases,Cori_step,2021-10-27,0.9531931603453656,1.0790981847530305,0.8272881359377007,IND
India,IND,OWID,Confirmed cases,Cori_step,2021-10-28,0.9531931603453656,1.0790981847530305,0.8272881359377007,IND
India,IND,OWID,Confirmed cases,Cori_step,2021-10-29,0.9531931603453656,1.0790981847530305,0.8272881359377007,IND
India,IND,OWID,Confirmed cases,Cori_step,2021-10-30,0.9531931603453656,1.0790981847530305,0.8272881359377007,IND
India,IND,OWID,Confirmed cases,Cori_step,2021-10-31,0.9531931603453656,1.0790981847530305,0.8272881359377007,IND
India,IND,OWID,Confirmed cases,Cori_step,2021-11-01,0.9531931603453656,1.0790981847530305,0.8272881359377007,IND
India,IND,OWID,Confirmed cases,Cori_step,2021-11-02,0.9531931603453656,1.0790981847530305,0.8272881359377007,IND
India,IND,OWID,Confirmed cases,Cori_step,2021-11-03,0.9531931603453656,1.0790981847530305,0.8272881359377007,IND
India,IND,OWID,Confirmed cases,Cori_step,2021-11-04,0.9531931603453656,1.0790981847530305,0.8272881359377007,IND
India,IND,OWID,Confirmed cases,Cori_step,2021-11-05,0.9531931603453656,1.0790981847530305,0.8272881359377007,IND
India,IND,OWID,Confirmed cases,Cori_step,2021-11-06,0.9531931603453656,1.0790981847530305,0.8272881359377007,IND
India,IND,OWID,Confirmed cases,Cori_step,2021-11-07,0.9531931603453656,1.0790981847530305,0.8272881359377007,IND
India,IND,OWID,Confirmed cases,Cori_step,2021-11-08,0.9531931603453656,1.0790981847530305,0.8272881359377007,IND
India,IND,OWID,Confirmed cases,Cori_step,2021-11-09,0.8939925895748047,1.1867455695441937,0.6012396096054157,IND
India,IND,OWID,Confirmed cases,Cori_step,2021-11-10,0.8939925895748047,1.1867455695441937,0.6012396096054157,IND
India,IND,OWID,Confirmed cases,Cori_step,2021-11-11,0.8939925895748047,1.1867455695441937,0.6012396096054157,IND
India,IND,OWID,Confirmed cases,Cori_step,2021-11-12,0.8939925895748047,1.1867455695441937,0.6012396096054157,IND
India,IND,OWID,Confirmed cases,Cori_step,2021-11-13,0.8939925895748047,1.1867455695441937,0.6012396096054157,IND
India,IND,OWID,Confirmed cases,Cori_step,2021-11-14,0.9226226048665643,1.0960523782057066,0.7491928315274221,IND
India,IND,OWID,Confirmed cases,Cori_step,2021-11-15,0.9226226048665643,1.0960523782057066,0.7491928315274221,IND
India,IND,OWID,Confirmed cases,Cori_step,2021-11-16,0.9226226048665643,1.0960523782057066,0.7491928315274221,IND
India,IND,OWID,Confirmed cases,Cori_step,2021-11-17,0.9226226048665643,1.0960523782057066,0.7491928315274221,IND
India,IND,OWID,Confirmed cases,Cori_step,2021-11-18,0.9226226048665643,1.0960523782057066,0.7491928315274221,IND
India,IND,OWID,Confirmed cases,Cori_step,2021-11-19,0.9226226048665643,1.0960523782057066,0.7491928315274221,IND
India,IND,OWID,Confirmed cases,Cori_step,2021-11-20,0.9226226048665643,1.0960523782057066,0.7491928315274221,IND
India,IND,OWID,Confirmed cases,Cori_step,2021-11-21,0.9226226048665643,1.0960523782057066,0.7491928315274221,IND
India,IND,OWID,Confirmed cases,Cori_step,2021-11-22,0.9960812333064851,1.2433065928149172,0.7488558737980531,IND
India,IND,OWID,Confirmed cases,Cori_step,2021-11-23,0.9960812333064851,1.2433065928149172,0.7488558737980531,IND
India,IND,OWID,Confirmed cases,Cori_step,2021-11-24,0.9960812333064851,1.2433065928149172,0.7488558737980531,IND
India,IND,OWID,Confirmed cases,Cori_step,2021-11-25,0.9960812333064851,1.2433065928149172,0.7488558737980531,IND
India,IND,OWID,Confirmed cases,Cori_step,2021-11-26,0.9960812333064851,1.2433065928149172,0.7488558737980531,IND
India,IND,OWID,Confirmed cases,Cori_step,2021-11-27,0.9960812333064851,1.2433065928149172,0.7488558737980531,IND
India,IND,OWID,Confirmed cases,Cori_step,2021-11-28,0.9960812333064851,1.2433065928149172,0.7488558737980531,IND
India,IND,OWID,Confirmed cases,Cori_step,2021-11-29,0.9960812333064851,1.2433065928149172,0.7488558737980531,IND
India,IND,OWID,Confirmed cases,Cori_step,2021-11-30,0.9960812333064851,1.2433065928149172,0.7488558737980531,IND
India,IND,OWID,Confirmed cases,Cori_step,2021-12-01,0.9059356087625036,1.0764999659913672,0.73537125153364,IND
India,IND,OWID,Confirmed cases,Cori_step,2021-12-02,0.9059356087625036,1.0764999659913672,0.73537125153364,IND
India,IND,OWID,Confirmed cases,Cori_step,2021-12-03,0.9059356087625036,1.0764999659913672,0.73537125153364,IND
India,IND,OWID,Confirmed cases,Cori_step,2021-12-04,0.9059356087625036,1.0764999659913672,0.73537125153364,IND
India,IND,OWID,Confirmed cases,Cori_step,2021-12-05,0.9059356087625036,1.0764999659913672,0.73537125153364,IND
India,IND,OWID,Confirmed cases,Cori_step,2021-12-06,0.9059356087625036,1.0764999659913672,0.73537125153364,IND
India,IND,OWID,Confirmed cases,Cori_step,2021-12-07,0.9059356087625036,1.0764999659913672,0.73537125153364,IND
India,IND,OWID,Confirmed cases,Cori_step,2021-12-08,0.9059356087625036,1.0764999659913672,0.73537125153364,IND
India,IND,OWID,Confirmed cases,Cori_step,2021-12-09,0.9059356087625036,1.0764999659913672,0.73537125153364,IND
India,IND,OWID,Confirmed cases,Cori_step,2021-12-10,0.9059356087625036,1.0764999659913672,0.73537125153364,IND
India,IND,OWID,Confirmed cases,Cori_step,2021-12-11,0.9059356087625036,1.0764999659913672,0.73537125153364,IND
India,IND,OWID,Confirmed cases,Cori_step,2021-12-12,0.9059356087625036,1.0764999659913672,0.73537125153364,IND
India,IND,OWID,Confirmed cases,Cori_step,2021-12-13,0.9059356087625036,1.0764999659913672,0.73537125153364,IND
India,IND,OWID,Confirmed cases,Cori_step,2021-12-14,2.6474655293433673,3.0584983006282767,2.236432758058458,IND
India,IND,OWID,Confirmed cases,Cori_step,2021-12-15,2.6474655293433673,3.0584983006282767,2.236432758058458,IND
India,IND,OWID,Confirmed cases,Cori_step,2021-12-16,2.6474655293433673,3.0584983006282767,2.236432758058458,IND
India,IND,OWID,Confirmed cases,Cori_step,2021-12-17,2.6474655293433673,3.0584983006282767,2.236432758058458,IND
India,IND,OWID,Confirmed cases,Cori_step,2021-12-18,2.6474655293433673,3.0584983006282767,2.236432758058458,IND
India,IND,OWID,Confirmed cases,Cori_step,2021-12-19,2.6474655293433673,3.0584983006282767,2.236432758058458,IND
India,IND,OWID,Confirmed cases,Cori_step,2021-12-20,2.6474655293433673,3.0584983006282767,2.236432758058458,IND
India,IND,OWID,Confirmed cases,Cori_step,2021-12-21,2.6474655293433673,3.0584983006282767,2.236432758058458,IND
India,IND,OWID,Confirmed cases,Cori_step,2021-12-22,2.6474655293433673,3.0584983006282767,2.236432758058458,IND
India,IND,OWID,Confirmed cases,Cori_step,2021-12-23,2.6474655293433673,3.0584983006282767,2.236432758058458,IND
India,IND,OWID,Confirmed cases,Cori_step,2021-12-24,2.6474655293433673,3.0584983006282767,2.236432758058458,IND
India,IND,OWID,Confirmed cases,Cori_step,2021-12-25,2.6474655293433673,3.0584983006282767,2.236432758058458,IND
India,IND,OWID,Confirmed cases,Cori_step,2021-12-26,2.6474655293433673,3.0584983006282767,2.236432758058458,IND
India,IND,OWID,Confirmed cases,Cori_step,2021-12-27,2.6474655293433673,3.0584983006282767,2.236432758058458,IND
India,IND,OWID,Confirmed cases,Cori_step,2021-12-28,2.6474655293433673,3.0584983006282767,2.236432758058458,IND
India,IND,OWID,Confirmed cases,Cori_step,2021-12-29,2.3803869081331137,2.833905207507216,1.9268686087590112,IND
India,IND,OWID,Confirmed cases,Cori_step,2021-12-30,2.3803869081331137,2.833905207507216,1.9268686087590112,IND
India,IND,OWID,Confirmed cases,Cori_step,2021-12-31,1.8665070104810766,2.4606683087155607,1.2723457122465927,IND
India,IND,OWID,Deaths,Cori_slidingWindow,2020-03-16,2.0370644126774557,3.1569011742677136,0.9172276510871977,IND
India,IND,OWID,Deaths,Cori_slidingWindow,2020-03-17,2.161032636448836,3.8895865724703564,0.4324787004273154,IND
India,IND,OWID,Deaths,Cori_slidingWindow,2020-03-18,2.300971326344167,4.33687211582283,0.2650705368655033,IND
India,IND,OWID,Deaths,Cori_slidingWindow,2020-03-19,2.427723717194163,4.513166426795925,0.34228100759240165,IND
India,IND,OWID,Deaths,Cori_slidingWindow,2020-03-20,2.5251785194960026,4.402678701837559,0.6476783371544468,IND
India,IND,OWID,Deaths,Cori_slidingWindow,2020-03-21,2.5730195577921733,4.3056085747551425,0.8404305408292039,IND
India,IND,OWID,Deaths,Cori_slidingWindow,2020-03-22,2.540232436114909,4.109254617352363,0.9712102548774557,IND
India,IND,OWID,Deaths,Cori_slidingWindow,2020-03-23,2.408846344270081,3.91678341279528,0.900909275744882,IND
India,IND,OWID,Deaths,Cori_slidingWindow,2020-03-24,2.195733076715493,3.8619254923464386,0.5295406610845472,IND
India,IND,OWID,Deaths,Cori_slidingWindow,2020-03-25,1.9407629957386152,4.288549987784912,0,IND
India,IND,OWID,Deaths,Cori_slidingWindow,2020-03-26,1.6794569650270879,4.675889181284254,0,IND
India,IND,OWID,Deaths,Cori_slidingWindow,2020-03-27,1.433403894705011,4.2992727757472995,0,IND
India,IND,OWID,Deaths,Cori_slidingWindow,2020-03-28,1.2166531343498517,3.439888599220203,0,IND
India,IND,OWID,Deaths,Cori_slidingWindow,2020-03-29,1.0404421109868254,2.5961748974132948,0,IND
India,IND,OWID,Deaths,Cori_slidingWindow,2020-03-30,0.9100475194516515,2.08333106359917,0,IND
India,IND,OWID,Deaths,Cori_slidingWindow,2020-03-31,0.8237926421060894,1.9300784184093285,0,IND
India,IND,OWID,Deaths,Cori_slidingWindow,2020-04-01,0.7756460493266089,1.8865249422810029,0,IND
India,IND,OWID,Deaths,Cori_slidingWindow,2020-04-02,0.7603732594316084,1.8138287302249692,0,IND
India,IND,OWID,Deaths,Cori_slidingWindow,2020-04-03,0.7747336786454992,1.914804125312233,0,IND
India,IND,OWID,Deaths,Cori_slidingWindow,2020-04-04,0.8167470431454815,2.4292904957954127,0,IND
India,IND,OWID,Deaths,Cori_slidingWindow,2020-04-05,0.8841867009385648,2.6599571447753347,0,IND
India,IND,OWID,Deaths,Cori_slidingWindow,2020-04-06,0.9754471488523392,2.570002552020629,0,IND
India,IND,OWID,Deaths,Cori_slidingWindow,2020-04-07,1.0898895844966057,2.7338000247816083,0,IND
India,IND,OWID,Deaths,Cori_slidingWindow,2020-04-08,1.2255122349920011,3.3211610812430337,0,IND
India,IND,OWID,Deaths,Cori_slidingWindow,2020-04-09,1.3760775631953335,3.975107111575304,0,IND
India,IND,OWID,Deaths,Cori_slidingWindow,2020-04-10,1.526024855263052,4.530355300576865,0,IND
India,IND,OWID,Deaths,Cori_slidingWindow,2020-04-11,1.6569009873385065,5.782099384266447,0,IND
India,IND,OWID,Deaths,Cori_slidingWindow,2020-04-12,1.7575012844353806,6.687575252060138,0,IND
India,IND,OWID,Deaths,Cori_slidingWindow,2020-04-13,1.820386684447196,5.993087385517058,0,IND
India,IND,OWID,Deaths,Cori_slidingWindow,2020-04-14,1.8383968873024363,4.6129199410280375,0,IND
India,IND,OWID,Deaths,Cori_slidingWindow,2020-04-15,1.8088134730957577,4.105670050293739,0,IND
India,IND,OWID,Deaths,Cori_slidingWindow,2020-04-16,1.7389872993777789,4.611486925647791,0,IND
India,IND,OWID,Deaths,Cori_slidingWindow,2020-04-17,1.645009601579112,4.307916705394067,0,IND
India,IND,OWID,Deaths,Cori_slidingWindow,2020-04-18,1.5369451874339481,4.21608316657996,0,IND
India,IND,OWID,Deaths,Cori_slidingWindow,2020-04-19,1.4168525202006539,4.544912896741877,0,IND
India,IND,OWID,Deaths,Cori_slidingWindow,2020-04-20,1.2880922086184186,4.27091503764429,0,IND
India,IND,OWID,Deaths,Cori_slidingWindow,2020-04-21,1.1612349007116454,3.518639955638725,0,IND
India,IND,OWID,Deaths,Cori_slidingWindow,2020-04-22,1.049019266369259,2.881236365263484,0,IND
India,IND,OWID,Deaths,Cori_slidingWindow,2020-04-23,0.9591860691828262,2.504293866209763,0,IND
India,IND,OWID,Deaths,Cori_slidingWindow,2020-04-24,0.8927147102481439,2.2001360717539096,0,IND
India,IND,OWID,Deaths,Cori_slidingWindow,2020-04-25,0.8495054591826339,1.9004585899218174,0,IND
India,IND,OWID,Deaths,Cori_slidingWindow,2020-04-26,0.8294241738586194,1.7097312970501068,0,IND
India,IND,OWID,Deaths,Cori_slidingWindow,2020-04-27,0.8313803316297848,1.7564707375726627,0,IND
India,IND,OWID,Deaths,Cori_slidingWindow,2020-04-28,0.8529148829919326,1.9608379656660275,0,IND
India,IND,OWID,Deaths,Cori_slidingWindow,2020-04-29,0.8907565775380484,2.375892651927223,0,IND
India,IND,OWID,Deaths,Cori_slidingWindow,2020-04-30,0.9418801572316295,3.327007376447706,0,IND
India,IND,OWID,Deaths,Cori_slidingWindow,2020-05-01,1.0046997828200734,3.824562099532404,0,IND
India,IND,OWID,Deaths,Cori_slidingWindow,2020-05-02,1.076467500254879,3.460346314376201,0,IND
India,IND,OWID,Deaths,Cori_slidingWindow,2020-05-03,1.151029321928028,3.0090158710334,0,IND
India,IND,OWID,Deaths,Cori_slidingWindow,2020-05-04,1.219874511101938,4.6692188579362455,0,IND
India,IND,OWID,Deaths,Cori_slidingWindow,2020-05-05,1.2767393465319161,6.406773358583588,0,IND
India,IND,OWID,Deaths,Cori_slidingWindow,2020-05-06,1.3202860373857561,5.391729596896174,0,IND
India,IND,OWID,Deaths,Cori_slidingWindow,2020-05-07,1.352522063489256,4.4315129461490255,0,IND
India,IND,OWID,Deaths,Cori_slidingWindow,2020-05-08,1.3743088872821585,3.881693064244391,0,IND
India,IND,OWID,Deaths,Cori_slidingWindow,2020-05-09,1.3859480731014984,3.32724606851398,0,IND
India,IND,OWID,Deaths,Cori_slidingWindow,2020-05-10,1.3883494724252452,4.154443264179998,0,IND
India,IND,OWID,Deaths,Cori_slidingWindow,2020-05-11,1.3817440913608263,6.018004820341284,0,IND
India,IND,OWID,Deaths,Cori_slidingWindow,2020-05-12,1.3640275577774716,5.125622087162359,0,IND
India,IND,OWID,Deaths,Cori_slidingWindow,2020-05-13,1.3313736387980244,4.12657268936485,0,IND
India,IND,OWID,Deaths,Cori_slidingWindow,2020-05-14,1.2816459744436446,4.400029584969921,0,IND
India,IND,OWID,Deaths,Cori_slidingWindow,2020-05-15,1.217965099346976,4.218141196493544,0,IND
India,IND,OWID,Deaths,Cori_slidingWindow,2020-05-16,1.1473764964149755,3.4379121851542953,0,IND
India,IND,OWID,Deaths,Cori_slidingWindow,2020-05-17,1.0779703152622557,2.6925646348728076,0,IND
India,IND,OWID,Deaths,Cori_slidingWindow,2020-05-18,1.0191257695514406,2.2426600122192353,0,IND
India,IND,OWID,Deaths,Cori_slidingWindow,2020-05-19,0.9798620452967202,2.0315017542406966,0,IND
India,IND,OWID,Deaths,Cori_slidingWindow,2020-05-20,0.968068770963023,1.9107492509160107,0.02538829101003548,IND
India,IND,OWID,Deaths,Cori_slidingWindow,2020-05-21,0.9894449385545548,1.8223791882377296,0.1565106888713802,IND
India,IND,OWID,Deaths,Cori_slidingWindow,2020-05-22,1.0469708017317663,1.788236874072735,0.3057047293907975,IND
India,IND,OWID,Deaths,Cori_slidingWindow,2020-05-23,1.1443798780605086,1.8469362201297768,0.44182353599124036,IND
India,IND,OWID,Deaths,Cori_slidingWindow,2020-05-24,1.2877591418152015,2.0144921140392094,0.5610261695911936,IND
India,IND,OWID,Deaths,Cori_slidingWindow,2020-05-25,1.4650881588652547,2.275423893172325,0.6547524245581843,IND
India,IND,OWID,Deaths,Cori_slidingWindow,2020-05-26,1.643757973697969,2.7750792129496715,0.5124367344462666,IND
India,IND,OWID,Deaths,Cori_slidingWindow,2020-05-27,1.7936948741063394,4.108039061091283,0,IND
India,IND,OWID,Deaths,Cori_slidingWindow,2020-05-28,1.8998761798218327,5.620418450692856,0,IND
India,IND,OWID,Deaths,Cori_slidingWindow,2020-05-29,1.9390083983627864,5.613329448009624,0,IND
India,IND,OWID,Deaths,Cori_slidingWindow,2020-05-30,1.8736014740235825,4.582007563879695,0,IND
India,IND,OWID,Deaths,Cori_slidingWindow,2020-05-31,1.6982750285312374,3.4622444874767853,0,IND
India,IND,OWID,Deaths,Cori_slidingWindow,2020-06-01,1.4563685565409294,2.675942625958382,0.23679448712347684,IND
India,IND,OWID,Deaths,Cori_slidingWindow,2020-06-02,1.2012951141397876,2.3286333960104235,0.0739568322691515,IND
India,IND,OWID,Deaths,Cori_slidingWindow,2020-06-03,0.9672849743569463,2.5347130105058033,0,IND
India,IND,OWID,Deaths,Cori_slidingWindow,2020-06-04,0.768151453380497,2.847053995412617,0,IND
India,IND,OWID,Deaths,Cori_slidingWindow,2020-06-05,0.6130698989320258,2.6990130065415157,0,IND
India,IND,OWID,Deaths,Cori_slidingWindow,2020-06-06,0.5072250888042144,2.55799819413286,0,IND
India,IND,OWID,Deaths,Cori_slidingWindow,2020-06-07,0.44966230293220566,2.570358644677296,0,IND
India,IND,OWID,Deaths,Cori_slidingWindow,2020-06-08,0.43356055473898775,2.369363181747344,0,IND
India,IND,OWID,Deaths,Cori_slidingWindow,2020-06-09,0.4527325178114049,1.997804256372571,0,IND
India,IND,OWID,Deaths,Cori_slidingWindow,2020-06-10,0.5065320399709451,1.919013971148611,0,IND
India,IND,OWID,Deaths,Cori_slidingWindow,2020-06-11,0.6007337948385202,2.1831648493629863,0,IND
India,IND,OWID,Deaths,Cori_slidingWindow,2020-06-12,0.7421281058238233,2.3392854262065037,0,IND
India,IND,OWID,Deaths,Cori_slidingWindow,2020-06-13,0.9340385819843052,2.2551605010217775,0,IND
India,IND,OWID,Deaths,Cori_slidingWindow,2020-06-14,1.1680902590372364,2.176629588275139,0.15955092979933405,IND
India,IND,OWID,Deaths,Cori_slidingWindow,2020-06-15,1.4144519433407914,2.2873823051699143,0.5415215815116683,IND
India,IND,OWID,Deaths,Cori_slidingWindow,2020-06-16,1.623056785997353,2.498924414023408,0.7471891579712978,IND
India,IND,OWID,Deaths,Cori_slidingWindow,2020-06-17,1.743123072369322,2.6443006728128804,0.8419454719257639,IND
India,IND,OWID,Deaths,Cori_slidingWindow,2020-06-18,1.752944760410905,2.7658741847648725,0.7400153360569375,IND
India,IND,OWID,Deaths,Cori_slidingWindow,2020-06-19,1.6679292276650506,3.6158235433140593,0,IND
India,IND,OWID,Deaths,Cori_slidingWindow,2020-06-20,1.5249611327971542,5.467282628240607,0,IND
India,IND,OWID,Deaths,Cori_slidingWindow,2020-06-21,1.362081904708151,5.8180126162033705,0,IND
India,IND,OWID,Deaths,Cori_slidingWindow,2020-06-22,1.2082678145648913,4.895528471875252,0,IND
India,IND,OWID,Deaths,Cori_slidingWindow,2020-06-23,1.0817835678943748,3.783623886274415,0,IND
India,IND,OWID,Deaths,Cori_slidingWindow,2020-06-24,0.9911870686539959,2.899883734643586,0,IND
India,IND,OWID,Deaths,Cori_slidingWindow,2020-06-25,0.938471720185224,2.330148926895916,0,IND
India,IND,OWID,Deaths,Cori_slidingWindow,2020-06-26,0.9218224171312377,1.9786700147526992,0,IND
India,IND,OWID,Deaths,Cori_slidingWindow,2020-06-27,0.9372748295469266,1.7837989927063012,0.09075066638755214,IND
India,IND,OWID,Deaths,Cori_slidingWindow,2020-06-28,0.9786990005080207,1.878814528501709,0.0785834725143324,IND
India,IND,OWID,Deaths,Cori_slidingWindow,2020-06-29,1.038561749417121,4.030481429493974,0,IND
India,IND,OWID,Deaths,Cori_slidingWindow,2020-06-30,1.1084917481800898,7.007921408045702,0,IND
India,IND,OWID,Deaths,Cori_slidingWindow,2020-07-01,1.179633374676724,6.319891155828383,0,IND
India,IND,OWID,Deaths,Cori_slidingWindow,2020-07-02,1.241266625112581,5.636983265707157,0,IND
India,IND,OWID,Deaths,Cori_slidingWindow,2020-07-03,1.2825180714974742,5.667780363097858,0,IND
India,IND,OWID,Deaths,Cori_slidingWindow,2020-07-04,1.2967732277954034,4.694479404423486,0,IND
India,IND,OWID,Deaths,Cori_slidingWindow,2020-07-05,1.2851200904476805,3.5383763270246975,0,IND
India,IND,OWID,Deaths,Cori_slidingWindow,2020-07-06,1.2530191556023904,2.9446543127983578,0,IND
India,IND,OWID,Deaths,Cori_slidingWindow,2020-07-07,1.205578828511705,2.8988597163406356,0,IND
India,IND,OWID,Deaths,Cori_slidingWindow,2020-07-08,1.1463757447304634,3.05446260443457,0,IND
India,IND,OWID,Deaths,Cori_slidingWindow,2020-07-09,1.0808857298774939,3.1741229703791687,0,IND
India,IND,OWID,Deaths,Cori_slidingWindow,2020-07-10,1.017823281813918,3.2423046854523556,0,IND
India,IND,OWID,Deaths,Cori_slidingWindow,2020-07-11,0.9662514741313081,3.7399089588431207,0,IND
India,IND,OWID,Deaths,Cori_slidingWindow,2020-07-12,0.9319579854087254,4.569118244799701,0,IND
India,IND,OWID,Deaths,Cori_slidingWindow,2020-07-13,0.9159134288199676,5.925583906594051,0,IND
India,IND,OWID,Deaths,Cori_slidingWindow,2020-07-14,0.9168292977061919,6.4348433161547,0,IND
India,IND,OWID,Deaths,Cori_slidingWindow,2020-07-15,0.9326574306199628,4.6892992007979855,0,IND
India,IND,OWID,Deaths,Cori_slidingWindow,2020-07-16,0.9607307097226445,3.3741120436327887,0,IND
India,IND,OWID,Deaths,Cori_slidingWindow,2020-07-17,0.9973284224387198,2.7272225536404893,0,IND
India,IND,OWID,Deaths,Cori_slidingWindow,2020-07-18,1.0384658237762032,2.315018023062461,0,IND
India,IND,OWID,Deaths,Cori_slidingWindow,2020-07-19,1.0806306007911857,2.162097451645176,0,IND
India,IND,OWID,Deaths,Cori_slidingWindow,2020-07-20,1.1201313918098166,2.3778865084520424,0,IND
India,IND,OWID,Deaths,Cori_slidingWindow,2020-07-21,1.1524441463073658,2.746907482406323,0,IND
India,IND,OWID,Deaths,Cori_slidingWindow,2020-07-22,1.1734113158428263,3.1125654486740677,0,IND
India,IND,OWID,Deaths,Cori_slidingWindow,2020-07-23,1.180772122317891,4.171083709766519,0,IND
India,IND,OWID,Deaths,Cori_slidingWindow,2020-07-24,1.1743171274853752,5.331126111451957,0,IND
India,IND,OWID,Deaths,Cori_slidingWindow,2020-07-25,1.1554261559542975,4.476321625528259,0,IND
India,IND,OWID,Deaths,Cori_slidingWindow,2020-07-26,1.1268796041667306,3.321673797608019,0,IND
India,IND,OWID,Deaths,Cori_slidingWindow,2020-07-27,1.0928033492875229,2.6922988594108705,0,IND
India,IND,OWID,Deaths,Cori_slidingWindow,2020-07-28,1.0576753477297727,2.5321853596359007,0,IND
India,IND,OWID,Deaths,Cori_slidingWindow,2020-07-29,1.0251938951106472,2.8327299800527124,0,IND
India,IND,OWID,Deaths,Cori_slidingWindow,2020-07-30,0.9973986565645342,4.750818589802059,0,IND
India,IND,OWID,Deaths,Cori_slidingWindow,2020-07-31,0.9747222958963879,6.7345464632569385,0,IND
India,IND,OWID,Deaths,Cori_slidingWindow,2020-08-01,0.9575946758861414,6.303646549361956,0,IND
India,IND,OWID,Deaths,Cori_slidingWindow,2020-08-02,0.9469015933713333,5.769944500188626,0,IND
India,IND,OWID,Deaths,Cori_slidingWindow,2020-08-03,0.9430589140345454,7.023487101215597,0,IND
India,IND,OWID,Deaths,Cori_slidingWindow,2020-08-04,0.9448696779902667,8.695049381265783,0,IND
India,IND,OWID,Deaths,Cori_slidingWindow,2020-08-05,0.9494153404749555,7.4852997278002285,0,IND
India,IND,OWID,Deaths,Cori_slidingWindow,2020-08-06,0.9547991490700541,5.729881168051452,0,IND
India,IND,OWID,Deaths,Cori_slidingWindow,2020-08-07,0.9613438647639095,5.694163966394732,0,IND
India,IND,OWID,Deaths,Cori_slidingWindow,2020-08-08,0.9711573038050691,5.710662646290973,0,IND
India,IND,OWID,Deaths,Cori_slidingWindow,2020-08-09,0.9851832193023596,5.385232315307269,0,IND
India,IND,OWID,Deaths,Cori_slidingWindow,2020-08-10,1.0020309594674197,4.618971366159976,0,IND
India,IND,OWID,Deaths,Cori_slidingWindow,2020-08-11,1.0187901804347863,4.254322110743135,0,IND
India,IND,OWID,Deaths,Cori_slidingWindow,2020-08-12,1.0334191006101416,5.20644604034247,0,IND
India,IND,OWID,Deaths,Cori_slidingWindow,2020-08-13,1.0454501281175097,6.3296820657734845,0,IND
India,IND,OWID,Deaths,Cori_slidingWindow,2020-08-14,1.0555908431547039,6.240179758148979,0,IND
India,IND,OWID,Deaths,Cori_slidingWindow,2020-08-15,1.0645557682484763,5.579456392213483,0,IND
India,IND,OWID,Deaths,Cori_slidingWindow,2020-08-16,1.0727815531040974,5.044982436515063,0,IND
India,IND,OWID,Deaths,Cori_slidingWindow,2020-08-17,1.0813094829292582,4.092922360849601,0,IND
India,IND,OWID,Deaths,Cori_slidingWindow,2020-08-18,1.0904397579431093,3.1125865936836146,0,IND
India,IND,OWID,Deaths,Cori_slidingWindow,2020-08-19,1.098857795517978,2.474300618185824,0,IND
India,IND,OWID,Deaths,Cori_slidingWindow,2020-08-20,1.1045546812039968,2.6886705125676174,0,IND
India,IND,OWID,Deaths,Cori_slidingWindow,2020-08-21,1.1066600775634359,4.674102013580377,0,IND
India,IND,OWID,Deaths,Cori_slidingWindow,2020-08-22,1.1057666100093553,5.022452519402146,0,IND
India,IND,OWID,Deaths,Cori_slidingWindow,2020-08-23,1.1024037273354954,3.8656281068219576,0,IND
India,IND,OWID,Deaths,Cori_slidingWindow,2020-08-24,1.0967592000883706,5.108974352700031,0,IND
India,IND,OWID,Deaths,Cori_slidingWindow,2020-08-25,1.088547822287726,11.150634836070077,0,IND
India,IND,OWID,Deaths,Cori_slidingWindow,2020-08-26,1.0772460711817573,9.65596372080259,0,IND
India,IND,OWID,Deaths,Cori_slidingWindow,2020-08-27,1.0624139792846974,7.248816905673445,0,IND
India,IND,OWID,Deaths,Cori_slidingWindow,2020-08-28,1.0442344516838693,6.052150103221343,0,IND
India,IND,OWID,Deaths,Cori_slidingWindow,2020-08-29,1.0236275668647747,4.685190074773404,0,IND
India,IND,OWID,Deaths,Cori_slidingWindow,2020-08-30,1.0019328174838105,4.069160207229629,0,IND
India,IND,OWID,Deaths,Cori_slidingWindow,2020-08-31,0.9805801856696109,6.72163116751338,0,IND
India,IND,OWID,Deaths,Cori_slidingWindow,2020-09-01,0.960816440485308,8.149288054399987,0,IND
India,IND,OWID,Deaths,Cori_slidingWindow,2020-09-02,0.9435212715736971,6.048325874157303,0,IND
India,IND,OWID,Deaths,Cori_slidingWindow,2020-09-03,0.9291057434906053,4.060558894460997,0,IND
India,IND,OWID,Deaths,Cori_slidingWindow,2020-09-04,0.9182813640889461,4.221399011904697,0,IND
India,IND,OWID,Deaths,Cori_slidingWindow,2020-09-05,0.9122198993741968,5.298795063394246,0,IND
India,IND,OWID,Deaths,Cori_slidingWindow,2020-09-06,0.911867714256156,4.329096233866325,0,IND
India,IND,OWID,Deaths,Cori_slidingWindow,2020-09-07,0.917186353929698,4.53362170522534,0,IND
India,IND,OWID,Deaths,Cori_slidingWindow,2020-09-08,0.9264720030400261,7.718152142656457,0,IND
India,IND,OWID,Deaths,Cori_slidingWindow,2020-09-09,0.9375561323516629,8.083618841798335,0,IND
India,IND,OWID,Deaths,Cori_slidingWindow,2020-09-10,0.9488124468670276,6.164810803129502,0,IND
India,IND,OWID,Deaths,Cori_slidingWindow,2020-09-11,0.9595872043878825,4.531799326969857,0,IND
India,IND,OWID,Deaths,Cori_slidingWindow,2020-09-12,0.9692789280545312,4.059296122377693,0,IND
India,IND,OWID,Deaths,Cori_slidingWindow,2020-09-13,0.9765949574517067,3.8944983592275,0,IND
India,IND,OWID,Deaths,Cori_slidingWindow,2020-09-14,0.9802396908997169,3.3194562738262228,0,IND
India,IND,OWID,Deaths,Cori_slidingWindow,2020-09-15,0.9792932938219402,2.6270444694353414,0,IND
India,IND,OWID,Deaths,Cori_slidingWindow,2020-09-16,0.9727361518691477,2.1182939706103863,0,IND
India,IND,OWID,Deaths,Cori_slidingWindow,2020-09-17,0.9596861836637475,2.0025292147687015,0,IND
India,IND,OWID,Deaths,Cori_slidingWindow,2020-09-18,0.9407616556485209,2.899992531509186,0,IND
India,IND,OWID,Deaths,Cori_slidingWindow,2020-09-19,0.9185019579843356,5.366632527951969,0,IND
India,IND,OWID,Deaths,Cori_slidingWindow,2020-09-20,0.8967106714390058,5.992202137034015,0,IND
India,IND,OWID,Deaths,Cori_slidingWindow,2020-09-21,0.8794310064893585,4.692087197956778,0,IND
India,IND,OWID,Deaths,Cori_slidingWindow,2020-09-22,0.8692024230742413,6.354319982262613,0,IND
India,IND,OWID,Deaths,Cori_slidingWindow,2020-09-23,0.865903578903992,8.557357945278682,0,IND
India,IND,OWID,Deaths,Cori_slidingWindow,2020-09-24,0.867034737686341,6.106029115539135,0,IND
India,IND,OWID,Deaths,Cori_slidingWindow,2020-09-25,0.8707531008672033,4.784961206375846,0,IND
India,IND,OWID,Deaths,Cori_slidingWindow,2020-09-26,0.877278768209439,7.12505060416208,0,IND
India,IND,OWID,Deaths,Cori_slidingWindow,2020-09-27,0.8883607301093002,6.286781830148518,0,IND
India,IND,OWID,Deaths,Cori_slidingWindow,2020-09-28,0.9038237024556324,4.350888152322087,0,IND
India,IND,OWID,Deaths,Cori_slidingWindow,2020-09-29,0.9202509462775361,3.236656745349157,0,IND
India,IND,OWID,Deaths,Cori_slidingWindow,2020-09-30,0.93208541920689,2.731351402203128,0,IND
India,IND,OWID,Deaths,Cori_slidingWindow,2020-10-01,0.9344245128918988,2.4842502214856674,0,IND
India,IND,OWID,Deaths,Cori_slidingWindow,2020-10-02,0.9251732081357624,3.195218385023993,0,IND
India,IND,OWID,Deaths,Cori_slidingWindow,2020-10-03,0.9042109847508873,6.844604762926522,0,IND
India,IND,OWID,Deaths,Cori_slidingWindow,2020-10-04,0.8730567695019188,7.268350691938739,0,IND
India,IND,OWID,Deaths,Cori_slidingWindow,2020-10-05,0.8356485839954892,4.980965520041837,0,IND
India,IND,OWID,Deaths,Cori_slidingWindow,2020-10-06,0.7976965140675559,3.4976107804220784,0,IND
India,IND,OWID,Deaths,Cori_slidingWindow,2020-10-07,0.7645297952942315,4.220630311959991,0,IND
India,IND,OWID,Deaths,Cori_slidingWindow,2020-10-08,0.7399885179690217,9.936539876138049,0,IND
India,IND,OWID,Deaths,Cori_slidingWindow,2020-10-09,0.727070994153361,8.429690169442425,0,IND
India,IND,OWID,Deaths,Cori_slidingWindow,2020-10-10,0.7292492282305804,5.043684724629769,0,IND
India,IND,OWID,Deaths,Cori_slidingWindow,2020-10-11,0.7501289837504275,3.091285278938979,0,IND
India,IND,OWID,Deaths,Cori_slidingWindow,2020-10-12,0.790993277056811,2.4386454802622244,0,IND
India,IND,OWID,Deaths,Cori_slidingWindow,2020-10-13,0.8510177669879196,2.8950464358423758,0,IND
India,IND,OWID,Deaths,Cori_slidingWindow,2020-10-14,0.9285633296186269,6.8363984641806885,0,IND
India,IND,OWID,Deaths,Cori_slidingWindow,2020-10-15,1.0200386309952474,10.494929290148482,0,IND
India,IND,OWID,Deaths,Cori_slidingWindow,2020-10-16,1.1170876437647415,7.702217105159024,0,IND
India,IND,OWID,Deaths,Cori_slidingWindow,2020-10-17,1.205893233796639,7.6198451332184725,0,IND
India,IND,OWID,Deaths,Cori_slidingWindow,2020-10-18,1.2720975628561915,10.225341301844523,0,IND
India,IND,OWID,Deaths,Cori_slidingWindow,2020-10-19,1.3065710075694794,7.4572087123170014,0,IND
India,IND,OWID,Deaths,Cori_slidingWindow,2020-10-20,1.30406734618655,5.241097264983613,0,IND
India,IND,OWID,Deaths,Cori_slidingWindow,2020-10-21,1.2629908058908426,9.911819082830077,0,IND
India,IND,OWID,Deaths,Cori_slidingWindow,2020-10-22,1.1891460362923807,10.502641104113557,0,IND
India,IND,OWID,Deaths,Cori_slidingWindow,2020-10-23,1.0969857910588943,7.907074808982603,0,IND
India,IND,OWID,Deaths,Cori_slidingWindow,2020-10-24,1.0036471173810606,7.41398886815931,0,IND
India,IND,OWID,Deaths,Cori_slidingWindow,2020-10-25,0.9220968626501721,5.812712818253419,0,IND
India,IND,OWID,Deaths,Cori_slidingWindow,2020-10-26,0.8583215763441701,4.229111933324856,0,IND
India,IND,OWID,Deaths,Cori_slidingWindow,2020-10-27,0.814992776234928,4.364164170784919,0,IND
India,IND,OWID,Deaths,Cori_slidingWindow,2020-10-28,0.7930291778882981,5.662465980558842,0,IND
India,IND,OWID,Deaths,Cori_slidingWindow,2020-10-29,0.791677255960097,4.9364572951113885,0,IND
India,IND,OWID,Deaths,Cori_slidingWindow,2020-10-30,0.8091100262482694,4.522624589423721,0,IND
India,IND,OWID,Deaths,Cori_slidingWindow,2020-10-31,0.8429626196604383,5.115178087106567,0,IND
India,IND,OWID,Deaths,Cori_slidingWindow,2020-11-01,0.891318273377072,5.2962982605781,0,IND
India,IND,OWID,Deaths,Cori_slidingWindow,2020-11-02,0.951525116494437,4.627150362441875,0,IND
India,IND,OWID,Deaths,Cori_slidingWindow,2020-11-03,1.0168988438694764,3.811732582298335,0,IND
India,IND,OWID,Deaths,Cori_slidingWindow,2020-11-04,1.076291127536624,3.4496581153570487,0,IND
India,IND,OWID,Deaths,Cori_slidingWindow,2020-11-05,1.1189380520512027,3.518508673550299,0,IND
India,IND,OWID,Deaths,Cori_slidingWindow,2020-11-06,1.1398812919923307,4.164665186837655,0,IND
India,IND,OWID,Deaths,Cori_slidingWindow,2020-11-07,1.1396884120766588,5.105257553271164,0,IND
India,IND,OWID,Deaths,Cori_slidingWindow,2020-11-08,1.121921725111477,5.2693952066819545,0,IND
India,IND,OWID,Deaths,Cori_slidingWindow,2020-11-09,1.0918281798355312,4.991895676944191,0,IND
India,IND,OWID,Deaths,Cori_slidingWindow,2020-11-10,1.0569380267444153,9.687650820573145,0,IND
India,IND,OWID,Deaths,Cori_slidingWindow,2020-11-11,1.022986375647207,10.025691820588461,0,IND
India,IND,OWID,Deaths,Cori_slidingWindow,2020-11-12,0.9921366585785741,6.960746267882076,0,IND
India,IND,OWID,Deaths,Cori_slidingWindow,2020-11-13,0.9648269373583686,5.3182069022432295,0,IND
India,IND,OWID,Deaths,Cori_slidingWindow,2020-11-14,0.9420009888114053,5.322860219025668,0,IND
India,IND,OWID,Deaths,Cori_slidingWindow,2020-11-15,0.925821308662116,5.243990012646066,0,IND
India,IND,OWID,Deaths,Cori_slidingWindow,2020-11-16,0.9162546686167636,5.221164110777867,0,IND
India,IND,OWID,Deaths,Cori_slidingWindow,2020-11-17,0.9100428430283728,9.933963638070761,0,IND
India,IND,OWID,Deaths,Cori_slidingWindow,2020-11-18,0.9025430481302401,11.075119845998271,0,IND
India,IND,OWID,Deaths,Cori_slidingWindow,2020-11-19,0.8914915489700326,7.39312779495719,0,IND
India,IND,OWID,Deaths,Cori_slidingWindow,2020-11-20,0.8777135025257851,6.396359129474507,0,IND
India,IND,OWID,Deaths,Cori_slidingWindow,2020-11-21,0.8632644419609024,8.55194572346518,0,IND
India,IND,OWID,Deaths,Cori_slidingWindow,2020-11-22,0.8493352850478119,7.2700145712308535,0,IND
India,IND,OWID,Deaths,Cori_slidingWindow,2020-11-23,0.8373239864814671,6.590415436299962,0,IND
India,IND,OWID,Deaths,Cori_slidingWindow,2020-11-24,0.8290639040002853,9.18274990699225,0,IND
India,IND,OWID,Deaths,Cori_slidingWindow,2020-11-25,0.8263127460160106,7.555198196814386,0,IND
India,IND,OWID,Deaths,Cori_slidingWindow,2020-11-26,0.8300079456613191,9.359856772606227,0,IND
India,IND,OWID,Deaths,Cori_slidingWindow,2020-11-27,0.8399748240058779,8.163840206624132,0,IND
India,IND,OWID,Deaths,Cori_slidingWindow,2020-11-28,0.8555169454918203,7.623592469452883,0,IND
India,IND,OWID,Deaths,Cori_slidingWindow,2020-11-29,0.8755316020356818,6.064939720686025,0,IND
India,IND,OWID,Deaths,Cori_slidingWindow,2020-11-30,0.898294938340931,4.139324224469035,0,IND
India,IND,OWID,Deaths,Cori_slidingWindow,2020-12-01,0.9219132250575096,4.4770127823722285,0,IND
India,IND,OWID,Deaths,Cori_slidingWindow,2020-12-02,0.9444542266496627,12.036583086036702,0,IND
India,IND,OWID,Deaths,Cori_slidingWindow,2020-12-03,0.9633368296242374,13.11137606217089,0,IND
India,IND,OWID,Deaths,Cori_slidingWindow,2020-12-04,0.9754124248727084,8.793491943459758,0,IND
India,IND,OWID,Deaths,Cori_slidingWindow,2020-12-05,0.978382017572338,5.7109396269111405,0,IND
India,IND,OWID,Deaths,Cori_slidingWindow,2020-12-06,0.9720076189231279,3.9577758500767843,0,IND
India,IND,OWID,Deaths,Cori_slidingWindow,2020-12-07,0.9575590094616863,2.7534684978645303,0,IND
India,IND,OWID,Deaths,Cori_slidingWindow,2020-12-08,0.9368884235721191,1.9914347086384836,0,IND
India,IND,OWID,Deaths,Cori_slidingWindow,2020-12-09,0.9122123288799764,1.7401226359927602,0.0843020217671927,IND
India,IND,OWID,Deaths,Cori_slidingWindow,2020-12-10,0.8862839945143962,1.9991829557687946,0,IND
India,IND,OWID,Deaths,Cori_slidingWindow,2020-12-11,0.8620467687170533,2.5930093499784155,0,IND
India,IND,OWID,Deaths,Cori_slidingWindow,2020-12-12,0.8419250295767695,3.0152834766880785,0,IND
India,IND,OWID,Deaths,Cori_slidingWindow,2020-12-13,0.8271001277362547,2.825328657331758,0,IND
India,IND,OWID,Deaths,Cori_slidingWindow,2020-12-14,0.8175219868382999,2.240952374420962,0,IND
India,IND,OWID,Deaths,Cori_slidingWindow,2020-12-15,0.8127929917037686,1.9346365879914913,0,IND
India,IND,OWID,Deaths,Cori_slidingWindow,2020-12-16,0.8132253316523161,6.130545407734935,0,IND
India,IND,OWID,Deaths,Cori_slidingWindow,2020-12-17,0.8196856089561012,12.217660115921731,0,IND
India,IND,OWID,Deaths,Cori_slidingWindow,2020-12-18,0.832927563854605,9.343736640407295,0,IND
India,IND,OWID,Deaths,Cori_slidingWindow,2020-12-19,0.8522534278257407,7.260472584460089,0,IND
India,IND,OWID,Deaths,Cori_slidingWindow,2020-12-20,0.8760992487538767,7.7321973635046595,0,IND
India,IND,OWID,Deaths,Cori_slidingWindow,2020-12-21,0.9028716407347535,6.074978741994339,0,IND
India,IND,OWID,Deaths,Cori_slidingWindow,2020-12-22,0.9304130763347827,4.014904520548308,0,IND
India,IND,OWID,Deaths,Cori_slidingWindow,2020-12-23,0.9552444966111491,2.754675010695357,0,IND
India,IND,OWID,Deaths,Cori_slidingWindow,2020-12-24,0.9730324917618274,2.1373543895938116,0,IND
India,IND,OWID,Deaths,Cori_slidingWindow,2020-12-25,0.9806564149653242,1.890319794838493,0.07099303509215527,IND
India,IND,OWID,Deaths,Cori_slidingWindow,2020-12-26,0.9785397256161483,2.0499710652526955,0,IND
India,IND,OWID,Deaths,Cori_slidingWindow,2020-12-27,0.9682031711900425,6.653840066654151,0,IND
India,IND,OWID,Deaths,Cori_slidingWindow,2020-12-28,0.9501068607335328,14.105047400634756,0,IND
India,IND,OWID,Deaths,Cori_slidingWindow,2020-12-29,0.9241335168697745,11.943649661653994,0,IND
India,IND,OWID,Deaths,Cori_slidingWindow,2020-12-30,0.8924581464755995,7.979503439952522,0,IND
India,IND,OWID,Deaths,Cori_slidingWindow,2020-12-31,0.8601925745407581,16.68640939384694,0,IND
India,IND,OWID,Deaths,Cori_slidingWindow,2021-01-01,0.8324544322045883,14.012090881396661,0,IND
India,IND,OWID,Deaths,Cori_slidingWindow,2021-01-02,0.8122368130117871,7.447045302640255,0,IND
India,IND,OWID,Deaths,Cori_slidingWindow,2021-01-03,0.8019369469375811,4.219885633038772,0,IND
India,IND,OWID,Deaths,Cori_slidingWindow,2021-01-04,0.8032442481185341,2.8730667183790533,0,IND
India,IND,OWID,Deaths,Cori_slidingWindow,2021-01-05,0.8163939481589791,4.450935254677663,0,IND
India,IND,OWID,Deaths,Cori_slidingWindow,2021-01-06,0.8397256814418447,11.374810492322602,0,IND
India,IND,OWID,Deaths,Cori_slidingWindow,2021-01-07,0.8702393170636419,8.92565012961949,0,IND
India,IND,OWID,Deaths,Cori_slidingWindow,2021-01-08,0.903948746392595,5.100534108700764,0,IND
India,IND,OWID,Deaths,Cori_slidingWindow,2021-01-09,0.9361576095203668,3.0911218381702983,0,IND
India,IND,OWID,Deaths,Cori_slidingWindow,2021-01-10,0.9626557342976193,2.1940227526191003,0,IND
India,IND,OWID,Deaths,Cori_slidingWindow,2021-01-11,0.980165671915174,1.944644603410823,0.015686740419525114,IND
India,IND,OWID,Deaths,Cori_slidingWindow,2021-01-12,0.9854826122732327,2.066072284282229,0,IND
India,IND,OWID,Deaths,Cori_slidingWindow,2021-01-13,0.9756169625566907,2.1826105266552074,0,IND
India,IND,OWID,Deaths,Cori_slidingWindow,2021-01-14,0.9489212785548882,2.0931874614805555,0,IND
India,IND,OWID,Deaths,Cori_slidingWindow,2021-01-15,0.9087440558913441,1.860616134235582,0,IND
India,IND,OWID,Deaths,Cori_slidingWindow,2021-01-16,0.8624619854487355,1.631152404099577,0.093771566797894,IND
India,IND,OWID,Deaths,Cori_slidingWindow,2021-01-17,0.8179181284909357,1.5499838779743549,0.08585237900751652,IND
India,IND,OWID,Deaths,Cori_slidingWindow,2021-01-18,0.780514132500661,1.7165681301450129,0,IND
India,IND,OWID,Deaths,Cori_slidingWindow,2021-01-19,0.7532824569812879,2.13478518707024,0,IND
India,IND,OWID,Deaths,Cori_slidingWindow,2021-01-20,0.7390184302119011,2.5625888553302993,0,IND
India,IND,OWID,Deaths,Cori_slidingWindow,2021-01-21,0.7398963160696984,2.674728679080478,0,IND
India,IND,OWID,Deaths,Cori_slidingWindow,2021-01-22,0.756170845292567,2.5310983501452307,0,IND
India,IND,OWID,Deaths,Cori_slidingWindow,2021-01-23,0.7871078605343439,4.407241917277783,0,IND
India,IND,OWID,Deaths,Cori_slidingWindow,2021-01-24,0.8321438813784043,6.760398350724368,0,IND
India,IND,OWID,Deaths,Cori_slidingWindow,2021-01-25,0.8901051190374598,5.214872681879537,0,IND
India,IND,OWID,Deaths,Cori_slidingWindow,2021-01-26,0.9569076739267431,3.7966200190981465,0,IND
India,IND,OWID,Deaths,Cori_slidingWindow,2021-01-27,1.0249879587466342,7.5851448275937665,0,IND
India,IND,OWID,Deaths,Cori_slidingWindow,2021-01-28,1.0857381266216284,10.034220882612269,0,IND
India,IND,OWID,Deaths,Cori_slidingWindow,2021-01-29,1.134947233072076,6.806360979251328,0,IND
India,IND,OWID,Deaths,Cori_slidingWindow,2021-01-30,1.1720913820953018,7.563511163404574,0,IND
India,IND,OWID,Deaths,Cori_slidingWindow,2021-01-31,1.197609923173827,7.7188534601070655,0,IND
India,IND,OWID,Deaths,Cori_slidingWindow,2021-02-01,1.2102246642361558,5.304339009768722,0,IND
India,IND,OWID,Deaths,Cori_slidingWindow,2021-02-02,1.2091953506302375,3.843228623105646,0,IND
India,IND,OWID,Deaths,Cori_slidingWindow,2021-02-03,1.1975750716455782,3.5859258476435754,0,IND
India,IND,OWID,Deaths,Cori_slidingWindow,2021-02-04,1.181058444469246,3.8143507858235,0,IND
India,IND,OWID,Deaths,Cori_slidingWindow,2021-02-05,1.162670731642324,5.791961980407148,0,IND
India,IND,OWID,Deaths,Cori_slidingWindow,2021-02-06,1.1423817811028303,7.919959220024431,0,IND
India,IND,OWID,Deaths,Cori_slidingWindow,2021-02-07,1.1200628862304443,6.23332932162327,0,IND
India,IND,OWID,Deaths,Cori_slidingWindow,2021-02-08,1.0973462502989857,4.328357317325924,0,IND
India,IND,OWID,Deaths,Cori_slidingWindow,2021-02-09,1.0748973033051743,3.0813283810709247,0,IND
India,IND,OWID,Deaths,Cori_slidingWindow,2021-02-10,1.0498673143402328,2.6377862928805302,0,IND
India,IND,OWID,Deaths,Cori_slidingWindow,2021-02-11,1.0174350214498251,4.513541917723551,0,IND
India,IND,OWID,Deaths,Cori_slidingWindow,2021-02-12,0.977526990731534,6.491395539376948,0,IND
India,IND,OWID,Deaths,Cori_slidingWindow,2021-02-13,0.935907759826054,6.116236979324224,0,IND
India,IND,OWID,Deaths,Cori_slidingWindow,2021-02-14,0.90015497574906,4.649109060010288,0,IND
India,IND,OWID,Deaths,Cori_slidingWindow,2021-02-15,0.8753733555997085,3.5067706243543517,0,IND
India,IND,OWID,Deaths,Cori_slidingWindow,2021-02-16,0.8634168531148769,2.7270254898463215,0,IND
India,IND,OWID,Deaths,Cori_slidingWindow,2021-02-17,0.8661225990597449,2.232850826376628,0,IND
India,IND,OWID,Deaths,Cori_slidingWindow,2021-02-18,0.8853576279885302,1.9696202579615563,0,IND
India,IND,OWID,Deaths,Cori_slidingWindow,2021-02-19,0.9218477434115138,1.8522641998461205,0,IND
India,IND,OWID,Deaths,Cori_slidingWindow,2021-02-20,0.9752626781709335,1.870400740577088,0.08012461576477903,IND
India,IND,OWID,Deaths,Cori_slidingWindow,2021-02-21,1.0447994282974666,2.0999297890113935,0,IND
India,IND,OWID,Deaths,Cori_slidingWindow,2021-02-22,1.1289778544156444,2.510255239716333,0,IND
India,IND,OWID,Deaths,Cori_slidingWindow,2021-02-23,1.2229909067722207,2.8537277533419063,0,IND
India,IND,OWID,Deaths,Cori_slidingWindow,2021-02-24,1.316780684501947,3.075419456504667,0,IND
India,IND,OWID,Deaths,Cori_slidingWindow,2021-02-25,1.3985441855964185,4.974269434795898,0,IND
India,IND,OWID,Deaths,Cori_slidingWindow,2021-02-26,1.4588028087141143,8.403864788720659,0,IND
India,IND,OWID,Deaths,Cori_slidingWindow,2021-02-27,1.4912286080466777,8.328699043620293,0,IND
India,IND,OWID,Deaths,Cori_slidingWindow,2021-02-28,1.4930243381951076,7.003713775733215,0,IND
India,IND,OWID,Deaths,Cori_slidingWindow,2021-03-01,1.4663734092121747,6.232768352629893,0,IND
India,IND,OWID,Deaths,Cori_slidingWindow,2021-03-02,1.4191644227285294,5.123460354666878,0,IND
India,IND,OWID,Deaths,Cori_slidingWindow,2021-03-03,1.361688390660322,3.8639174704463324,0,IND
India,IND,OWID,Deaths,Cori_slidingWindow,2021-03-04,1.3050410423856411,2.9758692063079293,0,IND
India,IND,OWID,Deaths,Cori_slidingWindow,2021-03-05,1.2578008015439637,2.5533126061362523,0,IND
India,IND,OWID,Deaths,Cori_slidingWindow,2021-03-06,1.2241043274862002,3.705869795009132,0,IND
India,IND,OWID,Deaths,Cori_slidingWindow,2021-03-07,1.2061133143482416,4.86284083469014,0,IND
India,IND,OWID,Deaths,Cori_slidingWindow,2021-03-08,1.205541580967022,4.158202507364633,0,IND
India,IND,OWID,Deaths,Cori_slidingWindow,2021-03-09,1.2233242531614867,3.1811164229912956,0,IND
India,IND,OWID,Deaths,Cori_slidingWindow,2021-03-10,1.2572768580472482,2.5502639348024436,0,IND
India,IND,OWID,Deaths,Cori_slidingWindow,2021-03-11,1.300584282265564,2.2500466918043043,0.3511218727268238,IND
India,IND,OWID,Deaths,Cori_slidingWindow,2021-03-12,1.3473303540713895,2.5861738903296487,0.10848681781313041,IND
India,IND,OWID,Deaths,Cori_slidingWindow,2021-03-13,1.3955790727758355,4.5738240767404,0,IND
India,IND,OWID,Deaths,Cori_slidingWindow,2021-03-14,1.4467391605741198,7.548465198870945,0,IND
India,IND,OWID,Deaths,Cori_slidingWindow,2021-03-15,1.498024401246,8.529566018422575,0,IND
India,IND,OWID,Deaths,Cori_slidingWindow,2021-03-16,1.5398518454915253,6.949862344887879,0,IND
India,IND,OWID,Deaths,Cori_slidingWindow,2021-03-17,1.5599195140549331,4.871898883757549,0,IND
India,IND,OWID,Deaths,Cori_slidingWindow,2021-03-18,1.552149003386962,3.5116007525185706,0,IND
India,IND,OWID,Deaths,Cori_slidingWindow,2021-03-19,1.5195968005513594,2.8379357093978737,0.20125789170484487,IND
India,IND,OWID,Deaths,Cori_slidingWindow,2021-03-20,1.470739749736308,3.0405723702852754,0,IND
India,IND,OWID,Deaths,Cori_slidingWindow,2021-03-21,1.4162882436267472,4.042338999944696,0,IND
India,IND,OWID,Deaths,Cori_slidingWindow,2021-03-22,1.3646939959140636,4.169355457788077,0,IND
India,IND,OWID,Deaths,Cori_slidingWindow,2021-03-23,1.320958468840803,3.9292001569113157,0,IND
India,IND,OWID,Deaths,Cori_slidingWindow,2021-03-24,1.2884776002621015,4.141963728720531,0,IND
India,IND,OWID,Deaths,Cori_slidingWindow,2021-03-25,1.2693035967427198,4.301751684064843,0,IND
India,IND,OWID,Deaths,Cori_slidingWindow,2021-03-26,1.2636766208666252,3.8184504127804946,0,IND
India,IND,OWID,Deaths,Cori_slidingWindow,2021-03-27,1.2703859681395968,3.0779234693490896,0,IND
India,IND,OWID,Deaths,Cori_slidingWindow,2021-03-28,1.2891117513720294,2.5585207411299162,0.01970276161414275,IND
India,IND,OWID,Deaths,Cori_slidingWindow,2021-03-29,1.3213660803572036,2.3834031939896647,0.2593289667247427,IND
India,IND,OWID,Deaths,Cori_slidingWindow,2021-03-30,1.368129810716174,2.646687577775538,0.08957204365680971,IND
India,IND,OWID,Deaths,Cori_slidingWindow,2021-03-31,1.4261892989402307,3.5191766341129007,0,IND
India,IND,OWID,Deaths,Cori_slidingWindow,2021-04-01,1.4892558499420487,4.3665140417887685,0,IND
India,IND,OWID,Deaths,Cori_slidingWindow,2021-04-02,1.550571309062796,4.753174143477855,0,IND
India,IND,OWID,Deaths,Cori_slidingWindow,2021-04-03,1.6031862580846212,7.105108735998145,0,IND
India,IND,OWID,Deaths,Cori_slidingWindow,2021-04-04,1.6401573235919953,10.03538290694156,0,IND
India,IND,OWID,Deaths,Cori_slidingWindow,2021-04-05,1.6562214362398944,9.175229707075225,0,IND
India,IND,OWID,Deaths,Cori_slidingWindow,2021-04-06,1.6505046177582363,6.371808498602838,0,IND
India,IND,OWID,Deaths,Cori_slidingWindow,2021-04-07,1.6242364725647196,4.54001059187425,0,IND
India,IND,OWID,Deaths,Cori_slidingWindow,2021-04-08,1.579348281918409,4.365532207595042,0,IND
India,IND,OWID,Deaths,Cori_slidingWindow,2021-04-09,1.5199139398932744,4.279618286829652,0,IND
India,IND,OWID,Deaths,Cori_slidingWindow,2021-04-10,1.4524344313650766,3.6101609195136497,0,IND
India,IND,OWID,Deaths,Cori_slidingWindow,2021-04-11,1.3828580540824407,2.835222910112047,0,IND
India,IND,OWID,Deaths,Cori_slidingWindow,2021-04-12,1.3142698429980524,2.362264278131688,0.2662754078644165,IND
India,IND,OWID,Deaths,Cori_slidingWindow,2021-04-13,1.2477599975184512,2.52025940354274,0,IND
India,IND,OWID,Deaths,Cori_slidingWindow,2021-04-14,1.1846699515178718,3.395447417716679,0,IND
India,IND,OWID,Deaths,Cori_slidingWindow,2021-04-15,1.1272880151160538,4.069734484113372,0,IND
India,IND,OWID,Deaths,Cori_slidingWindow,2021-04-16,1.0779802956983375,3.8993237405861683,0,IND
India,IND,OWID,Deaths,Cori_slidingWindow,2021-04-17,1.0379939843631372,3.1674166983038283,0,IND
India,IND,OWID,Deaths,Cori_slidingWindow,2021-04-18,1.0072542980195702,2.4041446537004862,0,IND
India,IND,OWID,Deaths,Cori_slidingWindow,2021-04-19,0.9852513144817214,1.9311859806546163,0.03931664830882664,IND
India,IND,OWID,Deaths,Cori_slidingWindow,2021-04-20,0.971718924188096,1.8677442462501723,0.07569360212601972,IND
India,IND,OWID,Deaths,Cori_slidingWindow,2021-04-21,0.9659402830997715,2.2766140095555447,0,IND
India,IND,OWID,Deaths,Cori_slidingWindow,2021-04-22,0.9659793319058678,2.6762825340672403,0,IND
India,IND,OWID,Deaths,Cori_slidingWindow,2021-04-23,0.9693772136613731,2.5424198325414764,0,IND
India,IND,OWID,Deaths,Cori_slidingWindow,2021-04-24,0.9747063354303455,2.192738580042204,0,IND
India,IND,OWID,Deaths,Cori_slidingWindow,2021-04-25,0.9819328885926368,3.30776491039653,0,IND
India,IND,OWID,Deaths,Cori_slidingWindow,2021-04-26,0.9916361009031165,6.4084341231587025,0,IND
India,IND,OWID,Deaths,Cori_slidingWindow,2021-04-27,1.0034059941189781,6.308823317710177,0,IND
India,IND,OWID,Deaths,Cori_slidingWindow,2021-04-28,1.0160512696461113,4.601986000996134,0,IND
India,IND,OWID,Deaths,Cori_slidingWindow,2021-04-29,1.028289955649049,4.485727447619421,0,IND
India,IND,OWID,Deaths,Cori_slidingWindow,2021-04-30,1.039232400639864,5.516073927298844,0,IND
India,IND,OWID,Deaths,Cori_slidingWindow,2021-05-01,1.0480871191247072,4.727794745504957,0,IND
India,IND,OWID,Deaths,Cori_slidingWindow,2021-05-02,1.0535901595640675,3.478056912314458,0,IND
India,IND,OWID,Deaths,Cori_slidingWindow,2021-05-03,1.0542586706175483,2.6322929152419547,0,IND
India,IND,OWID,Deaths,Cori_slidingWindow,2021-05-04,1.0486962134841613,2.194429154340793,0,IND
India,IND,OWID,Deaths,Cori_slidingWindow,2021-05-05,1.0359794155160893,1.9476525293957465,0.12430630163643208,IND
India,IND,OWID,Deaths,Cori_slidingWindow,2021-05-06,1.0161396910071852,2.420176821949936,0,IND
India,IND,OWID,Deaths,Cori_slidingWindow,2021-05-07,0.99040039607156,4.528906657994364,0,IND
India,IND,OWID,Deaths,Cori_slidingWindow,2021-05-08,0.9601211987023079,4.627356686848987,0,IND
India,IND,OWID,Deaths,Cori_slidingWindow,2021-05-09,0.9258774469060079,3.3419906735746983,0,IND
India,IND,OWID,Deaths,Cori_slidingWindow,2021-05-10,0.8875478519434032,2.486093836736785,0,IND
India,IND,OWID,Deaths,Cori_slidingWindow,2021-05-11,0.845599742903993,2.1032580545479616,0,IND
India,IND,OWID,Deaths,Cori_slidingWindow,2021-05-12,0.8021908508353882,1.85779477997679,0,IND
India,IND,OWID,Deaths,Cori_slidingWindow,2021-05-13,0.7604715487294411,1.609933981737632,0,IND
India,IND,OWID,Deaths,Cori_slidingWindow,2021-05-14,0.7233897384714743,1.3789850476114927,0.06779442933145596,IND
India,IND,OWID,Deaths,Cori_slidingWindow,2021-05-15,0.6931101895239976,1.2209211968494311,0.165299182198564,IND
India,IND,OWID,Deaths,Cori_slidingWindow,2021-05-16,0.6716418762730871,1.2049168962797716,0.13836685626640266,IND
India,IND,OWID,Deaths,Cori_slidingWindow,2021-05-17,0.6613151534584241,1.350956790357507,0,IND
India,IND,OWID,Deaths,Cori_slidingWindow,2021-05-18,0.6668962173726932,1.5162899978208042,0,IND
India,IND,OWID,Deaths,Cori_slidingWindow,2021-05-19,0.6940512559707761,1.5970738591792304,0,IND
India,IND,OWID,Deaths,Cori_slidingWindow,2021-05-20,0.746144144368926,1.6200997082998587,0,IND
India,IND,OWID,Deaths,Cori_slidingWindow,2021-05-21,0.8192327458336655,1.7949165851319402,0,IND
India,IND,OWID,Deaths,Cori_slidingWindow,2021-05-22,0.9053046897757511,2.555863937366135,0,IND
India,IND,OWID,Deaths,Cori_slidingWindow,2021-05-23,0.9987858927866157,3.6059100163839393,0,IND
India,IND,OWID,Deaths,Cori_slidingWindow,2021-05-24,1.0997019796372662,3.7778083844289467,0,IND
India,IND,OWID,Deaths,Cori_slidingWindow,2021-05-25,1.203077243355581,3.5877003009286232,0,IND
India,IND,OWID,Deaths,Cori_slidingWindow,2021-05-26,1.2887166076425665,3.876810500000192,0,IND
India,IND,OWID,Deaths,Cori_slidingWindow,2021-05-27,1.3283114336419846,4.706712448500176,0,IND
India,IND,OWID,Deaths,Cori_slidingWindow,2021-05-28,1.3059288633509913,4.709137026729577,0,IND
India,IND,OWID,Deaths,Cori_slidingWindow,2021-05-29,1.2274335392775215,3.993366655103438,0,IND
India,IND,OWID,Deaths,Cori_slidingWindow,2021-05-30,1.1078000175801666,3.3224612896191648,0,IND
India,IND,OWID,Deaths,Cori_slidingWindow,2021-05-31,0.9617146847632464,2.8737720287206363,0,IND
India,IND,OWID,Deaths,Cori_slidingWindow,2021-06-01,0.8052002905613573,3.2276389168481927,0,IND
India,IND,OWID,Deaths,Cori_slidingWindow,2021-06-02,0.6583373637384508,5.617403247790637,0,IND
India,IND,OWID,Deaths,Cori_slidingWindow,2021-06-03,0.5379955055952896,6.111443529173319,0,IND
India,IND,OWID,Deaths,Cori_slidingWindow,2021-06-04,0.45086511797710577,4.822463611910563,0,IND
India,IND,OWID,Deaths,Cori_slidingWindow,2021-06-05,0.3933215189355678,4.194019901060534,0,IND
India,IND,OWID,Deaths,Cori_slidingWindow,2021-06-06,0.3593834942725202,3.4691954803718033,0,IND
India,IND,OWID,Deaths,Cori_slidingWindow,2021-06-07,0.34549539356151415,2.3884281677650914,0,IND
India,IND,OWID,Deaths,Cori_slidingWindow,2021-06-08,0.3522575211458276,1.5150875620022153,0,IND
India,IND,OWID,Deaths,Cori_slidingWindow,2021-06-09,0.382032272754509,1.0898085136617417,0,IND
India,IND,OWID,Deaths,Cori_slidingWindow,2021-06-10,0.4385337978229525,1.2810326483005579,0,IND
India,IND,OWID,Deaths,Cori_slidingWindow,2021-06-11,0.5268960654969992,3.7887443403631433,0,IND
India,IND,OWID,Deaths,Cori_slidingWindow,2021-06-12,0.6531641298295074,7.784552091461379,0,IND
India,IND,OWID,Deaths,Cori_slidingWindow,2021-06-13,0.8200254868359824,6.670953236778028,0,IND
India,IND,OWID,Deaths,Cori_slidingWindow,2021-06-14,1.0201237269975796,4.559927282438742,0,IND
India,IND,OWID,Deaths,Cori_slidingWindow,2021-06-15,1.2311333817017927,4.370369075972585,0,IND
India,IND,OWID,Deaths,Cori_slidingWindow,2021-06-16,1.4199562315904346,7.953436122447522,0,IND
India,IND,OWID,Deaths,Cori_slidingWindow,2021-06-17,1.548296977006077,8.803387474803792,0,IND
India,IND,OWID,Deaths,Cori_slidingWindow,2021-06-18,1.5903390908711954,6.916063526730489,0,IND
India,IND,OWID,Deaths,Cori_slidingWindow,2021-06-19,1.5512740110810583,6.293965365210826,0,IND
India,IND,OWID,Deaths,Cori_slidingWindow,2021-06-20,1.4630201518008665,8.998449345130666,0,IND
India,IND,OWID,Deaths,Cori_slidingWindow,2021-06-21,1.3593416157902993,8.482686020342452,0,IND
India,IND,OWID,Deaths,Cori_slidingWindow,2021-06-22,1.2566728256831785,5.706030143013258,0,IND
India,IND,OWID,Deaths,Cori_slidingWindow,2021-06-23,1.1595520118291853,4.3646699384121215,0,IND
India,IND,OWID,Deaths,Cori_slidingWindow,2021-06-24,1.076943385076399,5.2864999415385,0,IND
India,IND,OWID,Deaths,Cori_slidingWindow,2021-06-25,1.0212236346063632,6.082877324367407,0,IND
India,IND,OWID,Deaths,Cori_slidingWindow,2021-06-26,0.9970714081383191,5.522611464716504,0,IND
India,IND,OWID,Deaths,Cori_slidingWindow,2021-06-27,0.9964269955899607,4.367799244451495,0,IND
India,IND,OWID,Deaths,Cori_slidingWindow,2021-06-28,0.9984290187017647,3.241943118196845,0,IND
India,IND,OWID,Deaths,Cori_slidingWindow,2021-06-29,0.9903596708805896,2.5626078392080323,0,IND
India,IND,OWID,Deaths,Cori_slidingWindow,2021-06-30,0.9783171288663566,6.594093335848554,0,IND
India,IND,OWID,Deaths,Cori_slidingWindow,2021-07-01,0.980821392163652,10.747059789711567,0,IND
India,IND,OWID,Deaths,Cori_slidingWindow,2021-07-02,1.0024151994789041,7.4435793584228716,0,IND
India,IND,OWID,Deaths,Cori_slidingWindow,2021-07-03,1.0254348662519417,4.825627179092018,0,IND
India,IND,OWID,Deaths,Cori_slidingWindow,2021-07-04,1.0212338328975743,3.582888808788347,0,IND
India,IND,OWID,Deaths,Cori_slidingWindow,2021-07-05,0.9797427900299653,2.9580677809301625,0,IND
India,IND,OWID,Deaths,Cori_slidingWindow,2021-07-06,0.9085228248642743,4.8903244077933845,0,IND
India,IND,OWID,Deaths,Cori_slidingWindow,2021-07-07,0.8200102062738395,7.665084655226997,0,IND
India,IND,OWID,Deaths,Cori_slidingWindow,2021-07-08,0.7238809669386733,6.046256687126583,0,IND
India,IND,OWID,Deaths,Cori_slidingWindow,2021-07-09,0.6293523463873496,5.302458612670365,0,IND
India,IND,OWID,Deaths,Cori_slidingWindow,2021-07-10,0.5509259022256154,6.9661377172945835,0,IND
India,IND,OWID,Deaths,Cori_slidingWindow,2021-07-11,0.5004997831444563,5.903350062076468,0,IND
India,IND,OWID,Deaths,Cori_slidingWindow,2021-07-12,0.48047699429023716,3.976835016128326,0,IND
India,IND,OWID,Deaths,Cori_slidingWindow,2021-07-13,0.48896669767981915,2.9125641930364834,0,IND
India,IND,OWID,Deaths,Cori_slidingWindow,2021-07-14,0.522645439108179,6.6949949916968565,0,IND
India,IND,OWID,Deaths,Cori_slidingWindow,2021-07-15,0.5809444049293074,9.8290986137689,0,IND
India,IND,OWID,Deaths,Cori_slidingWindow,2021-07-16,0.668776652896293,6.658198251231756,0,IND
India,IND,OWID,Deaths,Cori_slidingWindow,2021-07-17,0.7923434298684244,5.54154861850853,0,IND
India,IND,OWID,Deaths,Cori_slidingWindow,2021-07-18,0.9551841740822936,6.859844386019584,0,IND
India,IND,OWID,Deaths,Cori_slidingWindow,2021-07-19,1.1498730937441488,5.755445021323151,0,IND
India,IND,OWID,Deaths,Cori_slidingWindow,2021-07-20,1.3503008617610688,8.052615673062988,0,IND
India,IND,OWID,Deaths,Cori_slidingWindow,2021-07-21,1.5125048290829022,14.136444006453562,0,IND
India,IND,OWID,Deaths,Cori_slidingWindow,2021-07-22,1.5924625166953266,14.681222951449392,0,IND
India,IND,OWID,Deaths,Cori_slidingWindow,2021-07-23,1.57251912890817,10.49156796218511,0,IND
India,IND,OWID,Deaths,Cori_slidingWindow,2021-07-24,1.4696841468404405,6.527144142457894,0,IND
India,IND,OWID,Deaths,Cori_slidingWindow,2021-07-25,1.321925057116925,4.088942944404656,0,IND
India,IND,OWID,Deaths,Cori_slidingWindow,2021-07-26,1.1657688614494062,4.157369253429903,0,IND
India,IND,OWID,Deaths,Cori_slidingWindow,2021-07-27,1.025101410101802,10.415987405287028,0,IND
India,IND,OWID,Deaths,Cori_slidingWindow,2021-07-28,0.9112083473546618,10.374922387515456,0,IND
India,IND,OWID,Deaths,Cori_slidingWindow,2021-07-29,0.8285296588191103,6.793410614945423,0,IND
India,IND,OWID,Deaths,Cori_slidingWindow,2021-07-30,0.778217246247794,4.978462251599201,0,IND
India,IND,OWID,Deaths,Cori_slidingWindow,2021-07-31,0.759120274484578,5.85123277794237,0,IND
India,IND,OWID,Deaths,Cori_slidingWindow,2021-08-01,0.7685625888522345,5.473207261133366,0,IND
India,IND,OWID,Deaths,Cori_slidingWindow,2021-08-02,0.8020370009377772,5.405098650725257,0,IND
India,IND,OWID,Deaths,Cori_slidingWindow,2021-08-03,0.8549733265451552,12.036705780459904,0,IND
India,IND,OWID,Deaths,Cori_slidingWindow,2021-08-04,0.9238181183534964,13.157626249068246,0,IND
India,IND,OWID,Deaths,Cori_slidingWindow,2021-08-05,1.003770147139713,11.521790291525134,0,IND
India,IND,OWID,Deaths,Cori_slidingWindow,2021-08-06,1.0861378872237848,11.37495739738074,0,IND
India,IND,OWID,Deaths,Cori_slidingWindow,2021-08-07,1.1596486578501304,9.680697369909824,0,IND
India,IND,OWID,Deaths,Cori_slidingWindow,2021-08-08,1.2141632956361197,6.952023593348452,0,IND
India,IND,OWID,Deaths,Cori_slidingWindow,2021-08-09,1.2402988974069296,4.9556179273205005,0,IND
India,IND,OWID,Deaths,Cori_slidingWindow,2021-08-10,1.2279755910728245,7.473741351724995,0,IND
India,IND,OWID,Deaths,Cori_slidingWindow,2021-08-11,1.1738677341358335,7.447199833688363,0,IND
India,IND,OWID,Deaths,Cori_slidingWindow,2021-08-12,1.0871021946653385,5.380449506286968,0,IND
India,IND,OWID,Deaths,Cori_slidingWindow,2021-08-13,0.9834941847538734,5.949691592271678,0,IND
India,IND,OWID,Deaths,Cori_slidingWindow,2021-08-14,0.8778568985550212,5.2288419172100875,0,IND
India,IND,OWID,Deaths,Cori_slidingWindow,2021-08-15,0.7805761679981547,3.910770591329035,0,IND
India,IND,OWID,Deaths,Cori_slidingWindow,2021-08-16,0.6986515242644672,2.8592265234603333,0,IND
India,IND,OWID,Deaths,Cori_slidingWindow,2021-08-17,0.635330584071477,2.2213017405047144,0,IND
India,IND,OWID,Deaths,Cori_slidingWindow,2021-08-18,0.5908796837378862,2.4921805122445813,0,IND
India,IND,OWID,Deaths,Cori_slidingWindow,2021-08-19,0.5653385798169765,3.2650186538991974,0,IND
India,IND,OWID,Deaths,Cori_slidingWindow,2021-08-20,0.5606296081208532,3.6941782663382536,0,IND
India,IND,OWID,Deaths,Cori_slidingWindow,2021-08-21,0.5805366170754949,6.753839377464901,0,IND
India,IND,OWID,Deaths,Cori_slidingWindow,2021-08-22,0.6284815523106418,8.239515443531962,0,IND
India,IND,OWID,Deaths,Cori_slidingWindow,2021-08-23,0.7065268491137832,6.086192346485907,0,IND
India,IND,OWID,Deaths,Cori_slidingWindow,2021-08-24,0.8145628413743619,4.356283283600373,0,IND
India,IND,OWID,Deaths,Cori_slidingWindow,2021-08-25,0.9482374260395146,7.759479809516118,0,IND
India,IND,OWID,Deaths,Cori_slidingWindow,2021-08-26,1.0963668836801579,8.997820576690701,0,IND
India,IND,OWID,Deaths,Cori_slidingWindow,2021-08-27,1.2398292290876995,6.256915423478347,0,IND
India,IND,OWID,Deaths,Cori_slidingWindow,2021-08-28,1.357141531322678,4.25556234097154,0,IND
India,IND,OWID,Deaths,Cori_slidingWindow,2021-08-29,1.4312458898569411,3.182466497516069,0,IND
India,IND,OWID,Deaths,Cori_slidingWindow,2021-08-30,1.452269709866583,3.052821826377466,0,IND
India,IND,OWID,Deaths,Cori_slidingWindow,2021-08-31,1.4193586467622474,3.686773816393025,0,IND
India,IND,OWID,Deaths,Cori_slidingWindow,2021-09-01,1.3417286117993013,7.879577646554855,0,IND
India,IND,OWID,Deaths,Cori_slidingWindow,2021-09-02,1.2367527684209578,11.936361744187526,0,IND
India,IND,OWID,Deaths,Cori_slidingWindow,2021-09-03,1.1231309719538998,7.967348594014268,0,IND
India,IND,OWID,Deaths,Cori_slidingWindow,2021-09-04,1.015640532787125,5.152638860114662,0,IND
India,IND,OWID,Deaths,Cori_slidingWindow,2021-09-05,0.9227260624338931,5.719303354484108,0,IND
India,IND,OWID,Deaths,Cori_slidingWindow,2021-09-06,0.848285606323089,5.762018274546469,0,IND
India,IND,OWID,Deaths,Cori_slidingWindow,2021-09-07,0.7932828799094147,3.8238563822136085,0,IND
India,IND,OWID,Deaths,Cori_slidingWindow,2021-09-08,0.7575121997566379,2.368618396108232,0,IND
India,IND,OWID,Deaths,Cori_slidingWindow,2021-09-09,0.7408691629059746,1.7922409936162005,0,IND
India,IND,OWID,Deaths,Cori_slidingWindow,2021-09-10,0.7432621388416415,4.220926241247702,0,IND
India,IND,OWID,Deaths,Cori_slidingWindow,2021-09-11,0.7645705088195291,10.034216391940538,0,IND
India,IND,OWID,Deaths,Cori_slidingWindow,2021-09-12,0.8040301776819591,9.691108325792905,0,IND
India,IND,OWID,Deaths,Cori_slidingWindow,2021-09-13,0.8594679993253921,6.521581218783949,0,IND
India,IND,OWID,Deaths,Cori_slidingWindow,2021-09-14,0.9264416125040279,8.28823915303213,0,IND
India,IND,OWID,Deaths,Cori_slidingWindow,2021-09-15,0.9972593539204487,10.152770361682478,0,IND
India,IND,OWID,Deaths,Cori_slidingWindow,2021-09-16,1.0627464237525992,7.033546028067386,0,IND
India,IND,OWID,Deaths,Cori_slidingWindow,2021-09-17,1.1142916236250218,5.724349391760864,0,IND
India,IND,OWID,Deaths,Cori_slidingWindow,2021-09-18,1.1459465287198671,8.381992683563684,0,IND
India,IND,OWID,Deaths,Cori_slidingWindow,2021-09-19,1.15405162594081,7.3630088647655185,0,IND
India,IND,OWID,Deaths,Cori_slidingWindow,2021-09-20,1.135372182423567,5.10291167952298,0,IND
India,IND,OWID,Deaths,Cori_slidingWindow,2021-09-21,1.0874569009051942,3.5300370297874597,0,IND
India,IND,OWID,Deaths,Cori_slidingWindow,2021-09-22,1.0112533726537503,2.7111494751397016,0,IND
India,IND,OWID,Deaths,Cori_slidingWindow,2021-09-23,0.915358082969248,2.3015640254293546,0,IND
India,IND,OWID,Deaths,Cori_slidingWindow,2021-09-24,0.8134013933619992,2.1421388805255654,0,IND
India,IND,OWID,Deaths,Cori_slidingWindow,2021-09-25,0.7190718735229921,2.254512852443463,0,IND
India,IND,OWID,Deaths,Cori_slidingWindow,2021-09-26,0.6463915725296258,2.438171868778948,0,IND
India,IND,OWID,Deaths,Cori_slidingWindow,2021-09-27,0.6051898878813154,2.661764081712781,0,IND
India,IND,OWID,Deaths,Cori_slidingWindow,2021-09-28,0.5984564461125483,6.283303091534262,0,IND
India,IND,OWID,Deaths,Cori_slidingWindow,2021-09-29,0.6229002701579448,10.919690625285012,0,IND
India,IND,OWID,Deaths,Cori_slidingWindow,2021-09-30,0.6802081271093698,8.170364280091729,0,IND
India,IND,OWID,Deaths,Cori_slidingWindow,2021-10-01,0.7860140400305624,5.594332386450799,0,IND
India,IND,OWID,Deaths,Cori_slidingWindow,2021-10-02,0.9595965477032895,6.188988581185042,0,IND
India,IND,OWID,Deaths,Cori_slidingWindow,2021-10-03,1.2158419780246659,8.037564333061225,0,IND
India,IND,OWID,Deaths,Cori_slidingWindow,2021-10-04,1.5696447546438221,7.220718561962598,0,IND
India,IND,OWID,Deaths,Cori_slidingWindow,2021-10-05,2.00941504256336,6.423153595581859,0,IND
India,IND,OWID,Deaths,Cori_slidingWindow,2021-10-06,2.4550869902241033,8.020586514532344,0,IND
India,IND,OWID,Deaths,Cori_slidingWindow,2021-10-07,2.7706821663715937,9.83319777234906,0,IND
India,IND,OWID,Deaths,Cori_slidingWindow,2021-10-08,2.846553828523926,12.969675791697636,0,IND
India,IND,OWID,Deaths,Cori_slidingWindow,2021-10-09,2.6823293165060282,15.782509637863532,0,IND
India,IND,OWID,Deaths,Cori_slidingWindow,2021-10-10,2.3497537207421466,13.682407912646418,0,IND
India,IND,OWID,Deaths,Cori_slidingWindow,2021-10-11,1.934098813859525,11.956286594316243,0,IND
India,IND,OWID,Deaths,Cori_slidingWindow,2021-10-12,1.5147301116784984,9.018110794188042,0,IND
India,IND,OWID,Deaths,Cori_slidingWindow,2021-10-13,1.1492825110429614,5.124351757673625,0,IND
India,IND,OWID,Deaths,Cori_slidingWindow,2021-10-14,0.8650307243800174,2.808400145434527,0,IND
India,IND,OWID,Deaths,Cori_slidingWindow,2021-10-15,0.6603339776648587,1.7477006257429644,0,IND
India,IND,OWID,Deaths,Cori_slidingWindow,2021-10-16,0.5191551474571285,1.8133406449200673,0,IND
India,IND,OWID,Deaths,Cori_slidingWindow,2021-10-17,0.4286171160459355,2.1399262901326925,0,IND
India,IND,OWID,Deaths,Cori_slidingWindow,2021-10-18,0.38092983822079746,1.9531676121474717,0,IND
India,IND,OWID,Deaths,Cori_slidingWindow,2021-10-19,0.3714200659221933,1.6767433889093246,0,IND
India,IND,OWID,Deaths,Cori_slidingWindow,2021-10-20,0.39729134142286376,1.7747599289389147,0,IND
India,IND,OWID,Deaths,Cori_slidingWindow,2021-10-21,0.45888467326345594,2.0836745824743064,0,IND
India,IND,OWID,Deaths,Cori_slidingWindow,2021-10-22,0.561291905274116,2.131720464597298,0,IND
India,IND,OWID,Deaths,Cori_slidingWindow,2021-10-23,0.7136873071743722,1.980843059076209,0,IND
India,IND,OWID,Deaths,Cori_slidingWindow,2021-10-24,0.9180323209293603,2.086565824321039,0,IND
India,IND,OWID,Deaths,Cori_slidingWindow,2021-10-25,1.1530153803624177,5.646937997675922,0,IND
India,IND,OWID,Deaths,Cori_slidingWindow,2021-10-26,1.3688146252095383,10.044568427013154,0,IND
India,IND,OWID,Deaths,Cori_slidingWindow,2021-10-27,1.5107785723782805,8.426121833879607,0,IND
India,IND,OWID,Deaths,Cori_slidingWindow,2021-10-28,1.5505059548549083,5.8021363694701344,0,IND
India,IND,OWID,Deaths,Cori_slidingWindow,2021-10-29,1.4978748104119912,4.529311292111921,0,IND
India,IND,OWID,Deaths,Cori_slidingWindow,2021-10-30,1.3858996723491044,8.131586264167984,0,IND
India,IND,OWID,Deaths,Cori_slidingWindow,2021-10-31,1.2525296742778826,11.128784704191235,0,IND
India,IND,OWID,Deaths,Cori_slidingWindow,2021-11-01,1.1233448913297732,8.044064056409587,0,IND
India,IND,OWID,Deaths,Cori_slidingWindow,2021-11-02,1.0092693738677887,5.432991693025765,0,IND
India,IND,OWID,Deaths,Cori_slidingWindow,2021-11-03,0.9146195071246607,15.001324061594424,0,IND
India,IND,OWID,Deaths,Cori_slidingWindow,2021-11-04,0.8419383258338351,22.827122431040323,0,IND
India,IND,OWID,Deaths,Cori_slidingWindow,2021-11-05,0.7924347870614051,15.323868621116754,0,IND
India,IND,OWID,Deaths,Cori_slidingWindow,2021-11-06,0.7650413216205371,8.422378065925233,0,IND
India,IND,OWID,Deaths,Cori_slidingWindow,2021-11-07,0.7597450407412683,4.6704898630349225,0,IND
India,IND,OWID,Deaths,Cori_slidingWindow,2021-11-08,0.7861186327478371,2.9161716086276694,0,IND
India,IND,OWID,Deaths,Cori_slidingWindow,2021-11-09,0.8593823673660956,2.3445425768533363,0,IND
India,IND,OWID,Deaths,Cori_slidingWindow,2021-11-10,0.9899128565222061,2.9228386045850008,0,IND
India,IND,OWID,Deaths,Cori_slidingWindow,2021-11-11,1.1718445423888137,3.7210203693687047,0,IND
India,IND,OWID,Deaths,Cori_slidingWindow,2021-11-12,1.3697042287523098,3.8564621858489447,0,IND
India,IND,OWID,Deaths,Cori_slidingWindow,2021-11-13,1.5435599421593693,4.31933818162803,0,IND
India,IND,OWID,Deaths,Cori_slidingWindow,2021-11-14,1.6859253442433035,4.353998310585437,0,IND
India,IND,OWID,Deaths,Cori_slidingWindow,2021-11-15,1.8120628809291752,3.942498779375411,0,IND
India,IND,OWID,Deaths,Cori_slidingWindow,2021-11-16,1.9052949427894588,3.67044873791424,0.14014114766467767,IND
India,IND,OWID,Deaths,Cori_slidingWindow,2021-11-17,1.9147382600054499,3.545026764667429,0.28444975534347106,IND
India,IND,OWID,Deaths,Cori_slidingWindow,2021-11-18,1.7964104485162606,3.3356550213492087,0.2571658756833124,IND
India,IND,OWID,Deaths,Cori_slidingWindow,2021-11-19,1.5727664780699493,3.7082573785671293,0,IND
India,IND,OWID,Deaths,Cori_slidingWindow,2021-11-20,1.296891146825257,4.749752609629315,0,IND
India,IND,OWID,Deaths,Cori_slidingWindow,2021-11-21,1.0138433985594368,4.123039852167218,0,IND
India,IND,OWID,Deaths,Cori_slidingWindow,2021-11-22,0.7537492655552016,2.976402129902141,0,IND
India,IND,OWID,Deaths,Cori_slidingWindow,2021-11-23,0.538065396326131,3.1590828547115417,0,IND
India,IND,OWID,Deaths,Cori_slidingWindow,2021-11-24,0.3827267359649254,6.5448694103843925,0,IND
India,IND,OWID,Deaths,Cori_slidingWindow,2021-11-25,0.2871447042240929,5.876536081570875,0,IND
India,IND,OWID,Deaths,Cori_slidingWindow,2021-11-26,0.2366009851791096,3.830770262728075,0,IND
India,IND,OWID,Deaths,Cori_slidingWindow,2021-11-27,0.21834137444824336,3.0841713316010693,0,IND
India,IND,OWID,Deaths,Cori_slidingWindow,2021-11-28,0.22613816895691755,3.0056317655198654,0,IND
India,IND,OWID,Deaths,Cori_slidingWindow,2021-11-29,0.26285903444249364,2.707564851578027,0,IND
India,IND,OWID,Deaths,Cori_slidingWindow,2021-11-30,0.3412953065100261,2.197838646216083,0,IND
India,IND,OWID,Deaths,Cori_slidingWindow,2021-12-01,0.4900226095276426,1.8578962468791107,0,IND
India,IND,OWID,Deaths,Cori_slidingWindow,2021-12-02,0.7549982934802759,2.093926202078717,0,IND
India,IND,OWID,Deaths,Cori_slidingWindow,2021-12-03,1.1796090772493064,4.198309471763117,0,IND
India,IND,OWID,Deaths,Cori_slidingWindow,2021-12-04,1.7457881129202355,6.091235073800172,0,IND
India,IND,OWID,Deaths,Cori_slidingWindow,2021-12-05,2.309809550581485,5.95755834606075,0,IND
India,IND,OWID,Deaths,Cori_slidingWindow,2021-12-06,2.654047792918539,5.8138396422329635,0,IND
India,IND,OWID,Deaths,Cori_slidingWindow,2021-12-07,2.6542229436089055,11.33421592939181,0,IND
India,IND,OWID,Deaths,Cori_slidingWindow,2021-12-08,2.3625956469399885,14.81727872071773,0,IND
India,IND,OWID,Deaths,Cori_slidingWindow,2021-12-09,1.9339329961084704,10.047864668570304,0,IND
India,IND,OWID,Deaths,Cori_slidingWindow,2021-12-10,1.509494431310397,6.791114646254321,0,IND
India,IND,OWID,Deaths,Cori_slidingWindow,2021-12-11,1.1631996670556668,5.3823157558105414,0,IND
India,IND,OWID,Deaths,Cori_slidingWindow,2021-12-12,0.9103248876670605,3.918879753956525,0,IND
India,IND,OWID,Deaths,Cori_slidingWindow,2021-12-13,0.7373055993602529,2.936180704482836,0,IND
India,IND,OWID,Deaths,Cori_slidingWindow,2021-12-14,0.6268858569730601,2.4669205726342143,0,IND
India,IND,OWID,Deaths,Cori_slidingWindow,2021-12-15,0.5657249967225039,2.2674741401367813,0,IND
India,IND,OWID,Deaths,Cori_slidingWindow,2021-12-16,0.5458585619417914,2.1877228728325706,0,IND
India,IND,OWID,Deaths,Cori_slidingWindow,2021-12-17,0.5636906903334097,2.0525391887577005,0,IND
India,IND,OWID,Deaths,Cori_slidingWindow,2021-12-18,0.6190849776666906,1.7839996866399979,0,IND
India,IND,OWID,Deaths,Cori_slidingWindow,2021-12-19,0.7132131746269568,1.7584305342490334,0,IND
India,IND,OWID,Deaths,Cori_slidingWindow,2021-12-20,0.8446401663942357,3.715921260928041,0,IND
India,IND,OWID,Deaths,Cori_slidingWindow,2021-12-21,1.0044456033164713,5.417156387375806,0,IND
India,IND,OWID,Deaths,Cori_slidingWindow,2021-12-22,1.1723174120084752,4.756507673971168,0,IND
India,IND,OWID,Deaths,Cori_slidingWindow,2021-12-23,1.3214019724543846,5.466981734524175,0,IND
India,IND,OWID,Deaths,Cori_slidingWindow,2021-12-24,1.4298862519037572,6.280418154130562,0,IND
India,IND,OWID,Deaths,Cori_slidingWindow,2021-12-25,1.4894221562843304,5.652831487525734,0,IND
India,IND,OWID,Deaths,Cori_slidingWindow,2021-12-26,1.504242386230286,5.713509750127905,0,IND
India,IND,OWID,Deaths,Cori_slidingWindow,2021-12-27,1.4836659150739355,5.476694117076623,0,IND
India,IND,OWID,Deaths,Cori_slidingWindow,2021-12-28,1.4382628194248428,4.470004534005298,0,IND
India,IND,OWID,Deaths,Cori_slidingWindow,2021-12-29,1.3774306614364193,3.4065377222726436,0,IND
India,IND,OWID,Deaths,Cori_slidingWindow,2021-12-30,1.3081704598129007,2.8468742416373516,0,IND
India,IND,OWID,Deaths,Cori_slidingWindow,2021-12-31,1.2378420693216248,2.6685281458128074,0,IND
India,IND,OWID,Deaths,Cori_step,2020-03-14,1.927209881081045,3.5555474711820065,0.7933538859532769,IND
India,IND,OWID,Deaths,Cori_step,2020-03-15,1.9988616969760273,3.5189389149380284,0.6776087768633678,IND
India,IND,OWID,Deaths,Cori_step,2020-03-16,2.221593787380195,4.148898860291013,0.29428871446937777,IND
India,IND,OWID,Deaths,Cori_step,2020-03-17,2.221593787380195,4.207046557018356,0.23614101774203444,IND
India,IND,OWID,Deaths,Cori_step,2020-03-18,2.4173604339942836,4.6422282116098454,0.1924926563787217,IND
India,IND,OWID,Deaths,Cori_step,2020-03-19,2.5209960652651366,4.770779814774739,0.2712123157555335,IND
India,IND,OWID,Deaths,Cori_step,2020-03-20,2.589803396822734,4.461599469073612,0.7180073245718568,IND
India,IND,OWID,Deaths,Cori_step,2020-03-21,2.58403714908069,4.2824769286322,0.8855973695291792,IND
India,IND,OWID,Deaths,Cori_step,2020-03-22,2.465427932363325,4.019737372915515,0.9111184918111348,IND
India,IND,OWID,Deaths,Cori_step,2020-03-23,2.0976611885415912,3.9673535719000217,0.22796880518316098,IND
India,IND,OWID,Deaths,Cori_step,2020-03-24,2.0976611885415912,3.9673535719000217,0.22796880518316098,IND
India,IND,OWID,Deaths,Cori_step,2020-03-25,1.3438530593555762,1.6327221767720552,1.0549839419390972,IND
India,IND,OWID,Deaths,Cori_step,2020-03-26,1.3438530593555762,1.6327221767720552,1.0549839419390972,IND
India,IND,OWID,Deaths,Cori_step,2020-03-27,1.3438530593555762,1.6327221767720552,1.0549839419390972,IND
India,IND,OWID,Deaths,Cori_step,2020-03-28,1.3438530593555762,1.6327221767720552,1.0549839419390972,IND
India,IND,OWID,Deaths,Cori_step,2020-03-29,1.3438530593555762,1.6327221767720552,1.0549839419390972,IND
India,IND,OWID,Deaths,Cori_step,2020-03-30,1.3438530593555762,1.6327221767720552,1.0549839419390972,IND
India,IND,OWID,Deaths,Cori_step,2020-03-31,1.3438530593555762,1.6327221767720552,1.0549839419390972,IND
India,IND,OWID,Deaths,Cori_step,2020-04-01,1.3438530593555762,1.6327221767720552,1.0549839419390972,IND
India,IND,OWID,Deaths,Cori_step,2020-04-02,1.3438530593555762,1.6327221767720552,1.0549839419390972,IND
India,IND,OWID,Deaths,Cori_step,2020-04-03,1.3438530593555762,1.6327221767720552,1.0549839419390972,IND
India,IND,OWID,Deaths,Cori_step,2020-04-04,1.3438530593555762,1.6327221767720552,1.0549839419390972,IND
India,IND,OWID,Deaths,Cori_step,2020-04-05,1.3438530593555762,1.6327221767720552,1.0549839419390972,IND
India,IND,OWID,Deaths,Cori_step,2020-04-06,1.3438530593555762,1.6327221767720552,1.0549839419390972,IND
India,IND,OWID,Deaths,Cori_step,2020-04-07,1.3438530593555762,1.6327221767720552,1.0549839419390972,IND
India,IND,OWID,Deaths,Cori_step,2020-04-08,1.3438530593555762,1.6327221767720552,1.0549839419390972,IND
India,IND,OWID,Deaths,Cori_step,2020-04-09,1.3438530593555762,1.6327221767720552,1.0549839419390972,IND
India,IND,OWID,Deaths,Cori_step,2020-04-10,1.3438530593555762,1.6327221767720552,1.0549839419390972,IND
India,IND,OWID,Deaths,Cori_step,2020-04-11,1.3438530593555762,1.6327221767720552,1.0549839419390972,IND
India,IND,OWID,Deaths,Cori_step,2020-04-12,1.3438530593555762,1.6327221767720552,1.0549839419390972,IND
India,IND,OWID,Deaths,Cori_step,2020-04-13,1.3438530593555762,1.6327221767720552,1.0549839419390972,IND
India,IND,OWID,Deaths,Cori_step,2020-04-14,1.3438530593555762,1.6327221767720552,1.0549839419390972,IND
India,IND,OWID,Deaths,Cori_step,2020-04-15,1.3438530593555762,1.6327221767720552,1.0549839419390972,IND
India,IND,OWID,Deaths,Cori_step,2020-04-16,1.3438530593555762,1.6327221767720552,1.0549839419390972,IND
India,IND,OWID,Deaths,Cori_step,2020-04-17,1.3438530593555762,1.6327221767720552,1.0549839419390972,IND
India,IND,OWID,Deaths,Cori_step,2020-04-18,1.3438530593555762,1.6327221767720552,1.0549839419390972,IND
India,IND,OWID,Deaths,Cori_step,2020-04-19,1.3438530593555762,1.6327221767720552,1.0549839419390972,IND
India,IND,OWID,Deaths,Cori_step,2020-04-20,0.9687470204195359,1.405080507725969,0.5324135331131028,IND
India,IND,OWID,Deaths,Cori_step,2020-04-21,0.9687470204195359,1.405080507725969,0.5324135331131028,IND
India,IND,OWID,Deaths,Cori_step,2020-04-22,0.9687470204195359,1.405080507725969,0.5324135331131028,IND
India,IND,OWID,Deaths,Cori_step,2020-04-23,0.9687470204195359,1.405080507725969,0.5324135331131028,IND
India,IND,OWID,Deaths,Cori_step,2020-04-24,0.9687470204195359,1.405080507725969,0.5324135331131028,IND
India,IND,OWID,Deaths,Cori_step,2020-04-25,0.9687470204195359,1.405080507725969,0.5324135331131028,IND
India,IND,OWID,Deaths,Cori_step,2020-04-26,0.9687470204195359,1.405080507725969,0.5324135331131028,IND
India,IND,OWID,Deaths,Cori_step,2020-04-27,0.9687470204195359,1.405080507725969,0.5324135331131028,IND
India,IND,OWID,Deaths,Cori_step,2020-04-28,0.9687470204195359,1.405080507725969,0.5324135331131028,IND
India,IND,OWID,Deaths,Cori_step,2020-04-29,0.9687470204195359,1.405080507725969,0.5324135331131028,IND
India,IND,OWID,Deaths,Cori_step,2020-04-30,0.9687470204195359,1.405080507725969,0.5324135331131028,IND
India,IND,OWID,Deaths,Cori_step,2020-05-01,0.9687470204195359,1.405080507725969,0.5324135331131028,IND
India,IND,OWID,Deaths,Cori_step,2020-05-02,0.9687470204195359,1.405080507725969,0.5324135331131028,IND
India,IND,OWID,Deaths,Cori_step,2020-05-03,0.9687470204195359,1.405080507725969,0.5324135331131028,IND
India,IND,OWID,Deaths,Cori_step,2020-05-04,1.42114385515667,1.864282244513635,0.978005465799705,IND
India,IND,OWID,Deaths,Cori_step,2020-05-05,1.42114385515667,1.864282244513635,0.978005465799705,IND
India,IND,OWID,Deaths,Cori_step,2020-05-06,1.42114385515667,1.864282244513635,0.978005465799705,IND
India,IND,OWID,Deaths,Cori_step,2020-05-07,1.42114385515667,1.864282244513635,0.978005465799705,IND
India,IND,OWID,Deaths,Cori_step,2020-05-08,1.42114385515667,1.864282244513635,0.978005465799705,IND
India,IND,OWID,Deaths,Cori_step,2020-05-09,1.42114385515667,1.864282244513635,0.978005465799705,IND
India,IND,OWID,Deaths,Cori_step,2020-05-10,1.42114385515667,1.864282244513635,0.978005465799705,IND
India,IND,OWID,Deaths,Cori_step,2020-05-11,1.42114385515667,1.864282244513635,0.978005465799705,IND
India,IND,OWID,Deaths,Cori_step,2020-05-12,1.42114385515667,1.864282244513635,0.978005465799705,IND
India,IND,OWID,Deaths,Cori_step,2020-05-13,1.42114385515667,1.864282244513635,0.978005465799705,IND
India,IND,OWID,Deaths,Cori_step,2020-05-14,1.42114385515667,1.864282244513635,0.978005465799705,IND
India,IND,OWID,Deaths,Cori_step,2020-05-15,1.42114385515667,1.864282244513635,0.978005465799705,IND
India,IND,OWID,Deaths,Cori_step,2020-05-16,1.42114385515667,1.864282244513635,0.978005465799705,IND
India,IND,OWID,Deaths,Cori_step,2020-05-17,1.42114385515667,1.864282244513635,0.978005465799705,IND
India,IND,OWID,Deaths,Cori_step,2020-05-18,1.42114385515667,1.864282244513635,0.978005465799705,IND
India,IND,OWID,Deaths,Cori_step,2020-05-19,1.42114385515667,1.864282244513635,0.978005465799705,IND
India,IND,OWID,Deaths,Cori_step,2020-05-20,1.42114385515667,1.864282244513635,0.978005465799705,IND
India,IND,OWID,Deaths,Cori_step,2020-05-21,1.42114385515667,1.864282244513635,0.978005465799705,IND
India,IND,OWID,Deaths,Cori_step,2020-05-22,1.42114385515667,1.864282244513635,0.978005465799705,IND
India,IND,OWID,Deaths,Cori_step,2020-05-23,1.42114385515667,1.864282244513635,0.978005465799705,IND
India,IND,OWID,Deaths,Cori_step,2020-05-24,1.42114385515667,1.864282244513635,0.978005465799705,IND
India,IND,OWID,Deaths,Cori_step,2020-05-25,1.42114385515667,1.864282244513635,0.978005465799705,IND
India,IND,OWID,Deaths,Cori_step,2020-05-26,1.42114385515667,1.864282244513635,0.978005465799705,IND
India,IND,OWID,Deaths,Cori_step,2020-05-27,1.42114385515667,1.864282244513635,0.978005465799705,IND
India,IND,OWID,Deaths,Cori_step,2020-05-28,1.42114385515667,1.864282244513635,0.978005465799705,IND
India,IND,OWID,Deaths,Cori_step,2020-05-29,1.42114385515667,1.864282244513635,0.978005465799705,IND
India,IND,OWID,Deaths,Cori_step,2020-05-30,1.42114385515667,1.864282244513635,0.978005465799705,IND
India,IND,OWID,Deaths,Cori_step,2020-05-31,1.42114385515667,1.864282244513635,0.978005465799705,IND
India,IND,OWID,Deaths,Cori_step,2020-06-01,1.0335593252365678,1.2018704537286113,0.8652481967445244,IND
India,IND,OWID,Deaths,Cori_step,2020-06-02,1.0335593252365678,1.2018704537286113,0.8652481967445244,IND
India,IND,OWID,Deaths,Cori_step,2020-06-03,1.0335593252365678,1.2018704537286113,0.8652481967445244,IND
India,IND,OWID,Deaths,Cori_step,2020-06-04,1.0335593252365678,1.2018704537286113,0.8652481967445244,IND
India,IND,OWID,Deaths,Cori_step,2020-06-05,1.0335593252365678,1.2018704537286113,0.8652481967445244,IND
India,IND,OWID,Deaths,Cori_step,2020-06-06,1.0335593252365678,1.2018704537286113,0.8652481967445244,IND
India,IND,OWID,Deaths,Cori_step,2020-06-07,1.0335593252365678,1.2018704537286113,0.8652481967445244,IND
India,IND,OWID,Deaths,Cori_step,2020-06-08,1.0335593252365678,1.2018704537286113,0.8652481967445244,IND
India,IND,OWID,Deaths,Cori_step,2020-06-09,1.0335593252365678,1.2018704537286113,0.8652481967445244,IND
India,IND,OWID,Deaths,Cori_step,2020-06-10,1.0335593252365678,1.2018704537286113,0.8652481967445244,IND
India,IND,OWID,Deaths,Cori_step,2020-06-11,1.0335593252365678,1.2018704537286113,0.8652481967445244,IND
India,IND,OWID,Deaths,Cori_step,2020-06-12,1.0335593252365678,1.2018704537286113,0.8652481967445244,IND
India,IND,OWID,Deaths,Cori_step,2020-06-13,1.0335593252365678,1.2018704537286113,0.8652481967445244,IND
India,IND,OWID,Deaths,Cori_step,2020-06-14,1.0335593252365678,1.2018704537286113,0.8652481967445244,IND
India,IND,OWID,Deaths,Cori_step,2020-06-15,1.0335593252365678,1.2018704537286113,0.8652481967445244,IND
India,IND,OWID,Deaths,Cori_step,2020-06-16,1.0335593252365678,1.2018704537286113,0.8652481967445244,IND
India,IND,OWID,Deaths,Cori_step,2020-06-17,1.0335593252365678,1.2018704537286113,0.8652481967445244,IND
India,IND,OWID,Deaths,Cori_step,2020-06-18,1.0335593252365678,1.2018704537286113,0.8652481967445244,IND
India,IND,OWID,Deaths,Cori_step,2020-06-19,1.0335593252365678,1.2018704537286113,0.8652481967445244,IND
India,IND,OWID,Deaths,Cori_step,2020-06-20,1.0335593252365678,1.2018704537286113,0.8652481967445244,IND
India,IND,OWID,Deaths,Cori_step,2020-06-21,1.0335593252365678,1.2018704537286113,0.8652481967445244,IND
India,IND,OWID,Deaths,Cori_step,2020-06-22,1.0335593252365678,1.2018704537286113,0.8652481967445244,IND
India,IND,OWID,Deaths,Cori_step,2020-06-23,1.0335593252365678,1.2018704537286113,0.8652481967445244,IND
India,IND,OWID,Deaths,Cori_step,2020-06-24,1.0335593252365678,1.2018704537286113,0.8652481967445244,IND
India,IND,OWID,Deaths,Cori_step,2020-06-25,1.0335593252365678,1.2018704537286113,0.8652481967445244,IND
India,IND,OWID,Deaths,Cori_step,2020-06-26,1.0335593252365678,1.2018704537286113,0.8652481967445244,IND
India,IND,OWID,Deaths,Cori_step,2020-06-27,1.0335593252365678,1.2018704537286113,0.8652481967445244,IND
India,IND,OWID,Deaths,Cori_step,2020-06-28,1.0335593252365678,1.2018704537286113,0.8652481967445244,IND
India,IND,OWID,Deaths,Cori_step,2020-06-29,1.0335593252365678,1.2018704537286113,0.8652481967445244,IND
India,IND,OWID,Deaths,Cori_step,2020-06-30,1.0335593252365678,1.2018704537286113,0.8652481967445244,IND
India,IND,OWID,Deaths,Cori_step,2020-07-01,1.0335593252365678,1.2018704537286113,0.8652481967445244,IND
India,IND,OWID,Deaths,Cori_step,2020-07-02,1.0335593252365678,1.2018704537286113,0.8652481967445244,IND
India,IND,OWID,Deaths,Cori_step,2020-07-03,1.0335593252365678,1.2018704537286113,0.8652481967445244,IND
India,IND,OWID,Deaths,Cori_step,2020-07-04,1.0335593252365678,1.2018704537286113,0.8652481967445244,IND
India,IND,OWID,Deaths,Cori_step,2020-07-05,1.0335593252365678,1.2018704537286113,0.8652481967445244,IND
India,IND,OWID,Deaths,Cori_step,2020-07-06,1.0335593252365678,1.2018704537286113,0.8652481967445244,IND
India,IND,OWID,Deaths,Cori_step,2020-07-07,1.0335593252365678,1.2018704537286113,0.8652481967445244,IND
India,IND,OWID,Deaths,Cori_step,2020-07-08,1.0335593252365678,1.2018704537286113,0.8652481967445244,IND
India,IND,OWID,Deaths,Cori_step,2020-07-09,1.0335593252365678,1.2018704537286113,0.8652481967445244,IND
India,IND,OWID,Deaths,Cori_step,2020-07-10,1.0335593252365678,1.2018704537286113,0.8652481967445244,IND
India,IND,OWID,Deaths,Cori_step,2020-07-11,1.0335593252365678,1.2018704537286113,0.8652481967445244,IND
India,IND,OWID,Deaths,Cori_step,2020-07-12,1.0335593252365678,1.2018704537286113,0.8652481967445244,IND
India,IND,OWID,Deaths,Cori_step,2020-07-13,1.0335593252365678,1.2018704537286113,0.8652481967445244,IND
India,IND,OWID,Deaths,Cori_step,2020-07-14,1.0335593252365678,1.2018704537286113,0.8652481967445244,IND
India,IND,OWID,Deaths,Cori_step,2020-07-15,1.0335593252365678,1.2018704537286113,0.8652481967445244,IND
India,IND,OWID,Deaths,Cori_step,2020-07-16,1.0335593252365678,1.2018704537286113,0.8652481967445244,IND
India,IND,OWID,Deaths,Cori_step,2020-07-17,1.0335593252365678,1.2018704537286113,0.8652481967445244,IND
India,IND,OWID,Deaths,Cori_step,2020-07-18,1.0335593252365678,1.2018704537286113,0.8652481967445244,IND
India,IND,OWID,Deaths,Cori_step,2020-07-19,1.0335593252365678,1.2018704537286113,0.8652481967445244,IND
India,IND,OWID,Deaths,Cori_step,2020-07-20,1.0335593252365678,1.2018704537286113,0.8652481967445244,IND
India,IND,OWID,Deaths,Cori_step,2020-07-21,1.0335593252365678,1.2018704537286113,0.8652481967445244,IND
India,IND,OWID,Deaths,Cori_step,2020-07-22,1.0335593252365678,1.2018704537286113,0.8652481967445244,IND
India,IND,OWID,Deaths,Cori_step,2020-07-23,1.0335593252365678,1.2018704537286113,0.8652481967445244,IND
India,IND,OWID,Deaths,Cori_step,2020-07-24,1.0335593252365678,1.2018704537286113,0.8652481967445244,IND
India,IND,OWID,Deaths,Cori_step,2020-07-25,1.0335593252365678,1.2018704537286113,0.8652481967445244,IND
India,IND,OWID,Deaths,Cori_step,2020-07-26,1.0335593252365678,1.2018704537286113,0.8652481967445244,IND
India,IND,OWID,Deaths,Cori_step,2020-07-27,1.0335593252365678,1.2018704537286113,0.8652481967445244,IND
India,IND,OWID,Deaths,Cori_step,2020-07-28,1.0335593252365678,1.2018704537286113,0.8652481967445244,IND
India,IND,OWID,Deaths,Cori_step,2020-07-29,1.0335593252365678,1.2018704537286113,0.8652481967445244,IND
India,IND,OWID,Deaths,Cori_step,2020-07-30,1.0335593252365678,1.2018704537286113,0.8652481967445244,IND
India,IND,OWID,Deaths,Cori_step,2020-07-31,1.0335593252365678,1.2018704537286113,0.8652481967445244,IND
India,IND,OWID,Deaths,Cori_step,2020-08-01,0.994102494814674,1.1074805350801002,0.880724454549248,IND
India,IND,OWID,Deaths,Cori_step,2020-08-02,0.994102494814674,1.1074805350801002,0.880724454549248,IND
India,IND,OWID,Deaths,Cori_step,2020-08-03,0.994102494814674,1.1074805350801002,0.880724454549248,IND
India,IND,OWID,Deaths,Cori_step,2020-08-04,0.994102494814674,1.1074805350801002,0.880724454549248,IND
India,IND,OWID,Deaths,Cori_step,2020-08-05,0.994102494814674,1.1074805350801002,0.880724454549248,IND
India,IND,OWID,Deaths,Cori_step,2020-08-06,0.994102494814674,1.1074805350801002,0.880724454549248,IND
India,IND,OWID,Deaths,Cori_step,2020-08-07,0.994102494814674,1.1074805350801002,0.880724454549248,IND
India,IND,OWID,Deaths,Cori_step,2020-08-08,0.994102494814674,1.1074805350801002,0.880724454549248,IND
India,IND,OWID,Deaths,Cori_step,2020-08-09,0.994102494814674,1.1074805350801002,0.880724454549248,IND
India,IND,OWID,Deaths,Cori_step,2020-08-10,0.994102494814674,1.1074805350801002,0.880724454549248,IND
India,IND,OWID,Deaths,Cori_step,2020-08-11,0.994102494814674,1.1074805350801002,0.880724454549248,IND
India,IND,OWID,Deaths,Cori_step,2020-08-12,0.994102494814674,1.1074805350801002,0.880724454549248,IND
India,IND,OWID,Deaths,Cori_step,2020-08-13,0.994102494814674,1.1074805350801002,0.880724454549248,IND
India,IND,OWID,Deaths,Cori_step,2020-08-14,0.994102494814674,1.1074805350801002,0.880724454549248,IND
India,IND,OWID,Deaths,Cori_step,2020-08-15,0.994102494814674,1.1074805350801002,0.880724454549248,IND
India,IND,OWID,Deaths,Cori_step,2020-08-16,0.994102494814674,1.1074805350801002,0.880724454549248,IND
India,IND,OWID,Deaths,Cori_step,2020-08-17,0.994102494814674,1.1074805350801002,0.880724454549248,IND
India,IND,OWID,Deaths,Cori_step,2020-08-18,0.994102494814674,1.1074805350801002,0.880724454549248,IND
India,IND,OWID,Deaths,Cori_step,2020-08-19,0.994102494814674,1.1074805350801002,0.880724454549248,IND
India,IND,OWID,Deaths,Cori_step,2020-08-20,0.994102494814674,1.1074805350801002,0.880724454549248,IND
India,IND,OWID,Deaths,Cori_step,2020-08-21,0.994102494814674,1.1074805350801002,0.880724454549248,IND
India,IND,OWID,Deaths,Cori_step,2020-08-22,0.994102494814674,1.1074805350801002,0.880724454549248,IND
India,IND,OWID,Deaths,Cori_step,2020-08-23,0.994102494814674,1.1074805350801002,0.880724454549248,IND
India,IND,OWID,Deaths,Cori_step,2020-08-24,0.994102494814674,1.1074805350801002,0.880724454549248,IND
India,IND,OWID,Deaths,Cori_step,2020-08-25,0.994102494814674,1.1074805350801002,0.880724454549248,IND
India,IND,OWID,Deaths,Cori_step,2020-08-26,0.994102494814674,1.1074805350801002,0.880724454549248,IND
India,IND,OWID,Deaths,Cori_step,2020-08-27,0.994102494814674,1.1074805350801002,0.880724454549248,IND
India,IND,OWID,Deaths,Cori_step,2020-08-28,0.994102494814674,1.1074805350801002,0.880724454549248,IND
India,IND,OWID,Deaths,Cori_step,2020-08-29,0.994102494814674,1.1074805350801002,0.880724454549248,IND
India,IND,OWID,Deaths,Cori_step,2020-08-30,0.994102494814674,1.1074805350801002,0.880724454549248,IND
India,IND,OWID,Deaths,Cori_step,2020-08-31,0.994102494814674,1.1074805350801002,0.880724454549248,IND
India,IND,OWID,Deaths,Cori_step,2020-09-01,0.994102494814674,1.1074805350801002,0.880724454549248,IND
India,IND,OWID,Deaths,Cori_step,2020-09-02,0.994102494814674,1.1074805350801002,0.880724454549248,IND
India,IND,OWID,Deaths,Cori_step,2020-09-03,0.994102494814674,1.1074805350801002,0.880724454549248,IND
India,IND,OWID,Deaths,Cori_step,2020-09-04,0.994102494814674,1.1074805350801002,0.880724454549248,IND
India,IND,OWID,Deaths,Cori_step,2020-09-05,0.994102494814674,1.1074805350801002,0.880724454549248,IND
India,IND,OWID,Deaths,Cori_step,2020-09-06,0.994102494814674,1.1074805350801002,0.880724454549248,IND
India,IND,OWID,Deaths,Cori_step,2020-09-07,0.994102494814674,1.1074805350801002,0.880724454549248,IND
India,IND,OWID,Deaths,Cori_step,2020-09-08,0.994102494814674,1.1074805350801002,0.880724454549248,IND
India,IND,OWID,Deaths,Cori_step,2020-09-09,0.994102494814674,1.1074805350801002,0.880724454549248,IND
India,IND,OWID,Deaths,Cori_step,2020-09-10,0.994102494814674,1.1074805350801002,0.880724454549248,IND
India,IND,OWID,Deaths,Cori_step,2020-09-11,0.994102494814674,1.1074805350801002,0.880724454549248,IND
India,IND,OWID,Deaths,Cori_step,2020-09-12,0.994102494814674,1.1074805350801002,0.880724454549248,IND
India,IND,OWID,Deaths,Cori_step,2020-09-13,0.994102494814674,1.1074805350801002,0.880724454549248,IND
India,IND,OWID,Deaths,Cori_step,2020-09-14,0.994102494814674,1.1074805350801002,0.880724454549248,IND
India,IND,OWID,Deaths,Cori_step,2020-09-15,0.994102494814674,1.1074805350801002,0.880724454549248,IND
India,IND,OWID,Deaths,Cori_step,2020-09-16,0.994102494814674,1.1074805350801002,0.880724454549248,IND
India,IND,OWID,Deaths,Cori_step,2020-09-17,0.994102494814674,1.1074805350801002,0.880724454549248,IND
India,IND,OWID,Deaths,Cori_step,2020-09-18,0.994102494814674,1.1074805350801002,0.880724454549248,IND
India,IND,OWID,Deaths,Cori_step,2020-09-19,0.994102494814674,1.1074805350801002,0.880724454549248,IND
India,IND,OWID,Deaths,Cori_step,2020-09-20,0.994102494814674,1.1074805350801002,0.880724454549248,IND
India,IND,OWID,Deaths,Cori_step,2020-09-21,0.8909614913902949,2.195322951029475,0,IND
India,IND,OWID,Deaths,Cori_step,2020-09-22,0.8909614913902949,2.195322951029475,0,IND
India,IND,OWID,Deaths,Cori_step,2020-09-23,0.8909614913902949,2.195322951029475,0,IND
India,IND,OWID,Deaths,Cori_step,2020-09-24,0.8909614913902949,2.195322951029475,0,IND
India,IND,OWID,Deaths,Cori_step,2020-09-25,0.8909614913902949,2.195322951029475,0,IND
India,IND,OWID,Deaths,Cori_step,2020-09-26,0.8909614913902949,2.195322951029475,0,IND
India,IND,OWID,Deaths,Cori_step,2020-09-27,0.8909614913902949,2.195322951029475,0,IND
India,IND,OWID,Deaths,Cori_step,2020-09-28,0.8909614913902949,2.195322951029475,0,IND
India,IND,OWID,Deaths,Cori_step,2020-09-29,0.8909614913902949,2.195322951029475,0,IND
India,IND,OWID,Deaths,Cori_step,2020-09-30,0.8909614913902949,2.195322951029475,0,IND
India,IND,OWID,Deaths,Cori_step,2020-10-01,0.8269330745395359,1.5433562676473211,0.11050988143175067,IND
India,IND,OWID,Deaths,Cori_step,2020-10-02,0.8269330745395359,1.5433562676473211,0.11050988143175067,IND
India,IND,OWID,Deaths,Cori_step,2020-10-03,0.8269330745395359,1.5433562676473211,0.11050988143175067,IND
India,IND,OWID,Deaths,Cori_step,2020-10-04,0.8269330745395359,1.5433562676473211,0.11050988143175067,IND
India,IND,OWID,Deaths,Cori_step,2020-10-05,0.8269330745395359,1.5433562676473211,0.11050988143175067,IND
India,IND,OWID,Deaths,Cori_step,2020-10-06,0.8269330745395359,1.5433562676473211,0.11050988143175067,IND
India,IND,OWID,Deaths,Cori_step,2020-10-07,0.8269330745395359,1.5433562676473211,0.11050988143175067,IND
India,IND,OWID,Deaths,Cori_step,2020-10-08,0.8269330745395359,1.5433562676473211,0.11050988143175067,IND
India,IND,OWID,Deaths,Cori_step,2020-10-09,0.8269330745395359,1.5433562676473211,0.11050988143175067,IND
India,IND,OWID,Deaths,Cori_step,2020-10-10,0.8269330745395359,1.5433562676473211,0.11050988143175067,IND
India,IND,OWID,Deaths,Cori_step,2020-10-11,0.8269330745395359,1.5433562676473211,0.11050988143175067,IND
India,IND,OWID,Deaths,Cori_step,2020-10-12,0.8269330745395359,1.5433562676473211,0.11050988143175067,IND
India,IND,OWID,Deaths,Cori_step,2020-10-13,0.8269330745395359,1.5433562676473211,0.11050988143175067,IND
India,IND,OWID,Deaths,Cori_step,2020-10-14,0.8269330745395359,1.5433562676473211,0.11050988143175067,IND
India,IND,OWID,Deaths,Cori_step,2020-10-15,1.0975892165090508,3.1726528866811554,0,IND
India,IND,OWID,Deaths,Cori_step,2020-10-16,1.0975892165090508,3.1726528866811554,0,IND
India,IND,OWID,Deaths,Cori_step,2020-10-17,1.0975892165090508,3.1726528866811554,0,IND
India,IND,OWID,Deaths,Cori_step,2020-10-18,1.0975892165090508,3.1726528866811554,0,IND
India,IND,OWID,Deaths,Cori_step,2020-10-19,1.0975892165090508,3.1726528866811554,0,IND
India,IND,OWID,Deaths,Cori_step,2020-10-20,1.0975892165090508,3.1726528866811554,0,IND
India,IND,OWID,Deaths,Cori_step,2020-10-21,1.0975892165090508,3.1726528866811554,0,IND
India,IND,OWID,Deaths,Cori_step,2020-10-22,1.0975892165090508,3.1726528866811554,0,IND
India,IND,OWID,Deaths,Cori_step,2020-10-23,1.0975892165090508,3.1726528866811554,0,IND
India,IND,OWID,Deaths,Cori_step,2020-10-24,1.0975892165090508,3.1726528866811554,0,IND
India,IND,OWID,Deaths,Cori_step,2020-10-25,1.0975892165090508,3.1726528866811554,0,IND
India,IND,OWID,Deaths,Cori_step,2020-10-26,1.0975892165090508,3.1726528866811554,0,IND
India,IND,OWID,Deaths,Cori_step,2020-10-27,0.9570740654156649,1.255997484458905,0.6581506463724247,IND
India,IND,OWID,Deaths,Cori_step,2020-10-28,0.9570740654156649,1.255997484458905,0.6581506463724247,IND
India,IND,OWID,Deaths,Cori_step,2020-10-29,0.9570740654156649,1.255997484458905,0.6581506463724247,IND
India,IND,OWID,Deaths,Cori_step,2020-10-30,0.9570740654156649,1.255997484458905,0.6581506463724247,IND
India,IND,OWID,Deaths,Cori_step,2020-10-31,0.9570740654156649,1.255997484458905,0.6581506463724247,IND
India,IND,OWID,Deaths,Cori_step,2020-11-01,0.9570740654156649,1.255997484458905,0.6581506463724247,IND
India,IND,OWID,Deaths,Cori_step,2020-11-02,0.9570740654156649,1.255997484458905,0.6581506463724247,IND
India,IND,OWID,Deaths,Cori_step,2020-11-03,0.9570740654156649,1.255997484458905,0.6581506463724247,IND
India,IND,OWID,Deaths,Cori_step,2020-11-04,0.9570740654156649,1.255997484458905,0.6581506463724247,IND
India,IND,OWID,Deaths,Cori_step,2020-11-05,0.9570740654156649,1.255997484458905,0.6581506463724247,IND
India,IND,OWID,Deaths,Cori_step,2020-11-06,0.9570740654156649,1.255997484458905,0.6581506463724247,IND
India,IND,OWID,Deaths,Cori_step,2020-11-07,0.9570740654156649,1.255997484458905,0.6581506463724247,IND
India,IND,OWID,Deaths,Cori_step,2020-11-08,0.9570740654156649,1.255997484458905,0.6581506463724247,IND
India,IND,OWID,Deaths,Cori_step,2020-11-09,0.9570740654156649,1.255997484458905,0.6581506463724247,IND
India,IND,OWID,Deaths,Cori_step,2020-11-10,0.9570740654156649,1.255997484458905,0.6581506463724247,IND
India,IND,OWID,Deaths,Cori_step,2020-11-11,0.9570740654156649,1.255997484458905,0.6581506463724247,IND
India,IND,OWID,Deaths,Cori_step,2020-11-12,0.9570740654156649,1.255997484458905,0.6581506463724247,IND
India,IND,OWID,Deaths,Cori_step,2020-11-13,0.9570740654156649,1.255997484458905,0.6581506463724247,IND
India,IND,OWID,Deaths,Cori_step,2020-11-14,0.9570740654156649,1.255997484458905,0.6581506463724247,IND
India,IND,OWID,Deaths,Cori_step,2020-11-15,0.9570740654156649,1.255997484458905,0.6581506463724247,IND
India,IND,OWID,Deaths,Cori_step,2020-11-16,0.9570740654156649,1.255997484458905,0.6581506463724247,IND
India,IND,OWID,Deaths,Cori_step,2020-11-17,0.9570740654156649,1.255997484458905,0.6581506463724247,IND
India,IND,OWID,Deaths,Cori_step,2020-11-18,0.9570740654156649,1.255997484458905,0.6581506463724247,IND
India,IND,OWID,Deaths,Cori_step,2020-11-19,0.9570740654156649,1.255997484458905,0.6581506463724247,IND
India,IND,OWID,Deaths,Cori_step,2020-11-20,0.9570740654156649,1.255997484458905,0.6581506463724247,IND
India,IND,OWID,Deaths,Cori_step,2020-11-21,0.8811045026765324,1.0033576845267416,0.7588513208263232,IND
India,IND,OWID,Deaths,Cori_step,2020-11-22,0.8811045026765324,1.0033576845267416,0.7588513208263232,IND
India,IND,OWID,Deaths,Cori_step,2020-11-23,0.8811045026765324,1.0033576845267416,0.7588513208263232,IND
India,IND,OWID,Deaths,Cori_step,2020-11-24,0.8811045026765324,1.0033576845267416,0.7588513208263232,IND
India,IND,OWID,Deaths,Cori_step,2020-11-25,0.8811045026765324,1.0033576845267416,0.7588513208263232,IND
India,IND,OWID,Deaths,Cori_step,2020-11-26,0.8811045026765324,1.0033576845267416,0.7588513208263232,IND
India,IND,OWID,Deaths,Cori_step,2020-11-27,0.8811045026765324,1.0033576845267416,0.7588513208263232,IND
India,IND,OWID,Deaths,Cori_step,2020-11-28,0.8811045026765324,1.0033576845267416,0.7588513208263232,IND
India,IND,OWID,Deaths,Cori_step,2020-11-29,0.8811045026765324,1.0033576845267416,0.7588513208263232,IND
India,IND,OWID,Deaths,Cori_step,2020-11-30,0.8811045026765324,1.0033576845267416,0.7588513208263232,IND
India,IND,OWID,Deaths,Cori_step,2020-12-01,0.8811045026765324,1.0033576845267416,0.7588513208263232,IND
India,IND,OWID,Deaths,Cori_step,2020-12-02,0.8811045026765324,1.0033576845267416,0.7588513208263232,IND
India,IND,OWID,Deaths,Cori_step,2020-12-03,0.8811045026765324,1.0033576845267416,0.7588513208263232,IND
India,IND,OWID,Deaths,Cori_step,2020-12-04,0.8811045026765324,1.0033576845267416,0.7588513208263232,IND
India,IND,OWID,Deaths,Cori_step,2020-12-05,0.8811045026765324,1.0033576845267416,0.7588513208263232,IND
India,IND,OWID,Deaths,Cori_step,2020-12-06,0.8811045026765324,1.0033576845267416,0.7588513208263232,IND
India,IND,OWID,Deaths,Cori_step,2020-12-07,0.8811045026765324,1.0033576845267416,0.7588513208263232,IND
India,IND,OWID,Deaths,Cori_step,2020-12-08,0.8811045026765324,1.0033576845267416,0.7588513208263232,IND
India,IND,OWID,Deaths,Cori_step,2020-12-09,0.8811045026765324,1.0033576845267416,0.7588513208263232,IND
India,IND,OWID,Deaths,Cori_step,2020-12-10,0.8811045026765324,1.0033576845267416,0.7588513208263232,IND
India,IND,OWID,Deaths,Cori_step,2020-12-11,0.8811045026765324,1.0033576845267416,0.7588513208263232,IND
India,IND,OWID,Deaths,Cori_step,2020-12-12,0.8811045026765324,1.0033576845267416,0.7588513208263232,IND
India,IND,OWID,Deaths,Cori_step,2020-12-13,0.8811045026765324,1.0033576845267416,0.7588513208263232,IND
India,IND,OWID,Deaths,Cori_step,2020-12-14,0.8811045026765324,1.0033576845267416,0.7588513208263232,IND
India,IND,OWID,Deaths,Cori_step,2020-12-15,0.8811045026765324,1.0033576845267416,0.7588513208263232,IND
India,IND,OWID,Deaths,Cori_step,2020-12-16,0.8811045026765324,1.0033576845267416,0.7588513208263232,IND
India,IND,OWID,Deaths,Cori_step,2020-12-17,0.8811045026765324,1.0033576845267416,0.7588513208263232,IND
India,IND,OWID,Deaths,Cori_step,2020-12-18,0.8811045026765324,1.0033576845267416,0.7588513208263232,IND
India,IND,OWID,Deaths,Cori_step,2020-12-19,0.8811045026765324,1.0033576845267416,0.7588513208263232,IND
India,IND,OWID,Deaths,Cori_step,2020-12-20,0.8811045026765324,1.0033576845267416,0.7588513208263232,IND
India,IND,OWID,Deaths,Cori_step,2020-12-21,0.8811045026765324,1.0033576845267416,0.7588513208263232,IND
India,IND,OWID,Deaths,Cori_step,2020-12-22,0.8811045026765324,1.0033576845267416,0.7588513208263232,IND
India,IND,OWID,Deaths,Cori_step,2020-12-23,0.8811045026765324,1.0033576845267416,0.7588513208263232,IND
India,IND,OWID,Deaths,Cori_step,2020-12-24,0.8811045026765324,1.0033576845267416,0.7588513208263232,IND
India,IND,OWID,Deaths,Cori_step,2020-12-25,0.8811045026765324,1.0033576845267416,0.7588513208263232,IND
India,IND,OWID,Deaths,Cori_step,2020-12-26,0.8811045026765324,1.0033576845267416,0.7588513208263232,IND
India,IND,OWID,Deaths,Cori_step,2020-12-27,0.8811045026765324,1.0033576845267416,0.7588513208263232,IND
India,IND,OWID,Deaths,Cori_step,2020-12-28,0.8811045026765324,1.0033576845267416,0.7588513208263232,IND
India,IND,OWID,Deaths,Cori_step,2020-12-29,0.8811045026765324,1.0033576845267416,0.7588513208263232,IND
India,IND,OWID,Deaths,Cori_step,2020-12-30,0.8811045026765324,1.0033576845267416,0.7588513208263232,IND
India,IND,OWID,Deaths,Cori_step,2020-12-31,0.8811045026765324,1.0033576845267416,0.7588513208263232,IND
India,IND,OWID,Deaths,Cori_step,2021-01-01,0.8811045026765324,1.0033576845267416,0.7588513208263232,IND
India,IND,OWID,Deaths,Cori_step,2021-01-02,0.8811045026765324,1.0033576845267416,0.7588513208263232,IND
India,IND,OWID,Deaths,Cori_step,2021-01-03,0.8811045026765324,1.0033576845267416,0.7588513208263232,IND
India,IND,OWID,Deaths,Cori_step,2021-01-04,0.8811045026765324,1.0033576845267416,0.7588513208263232,IND
India,IND,OWID,Deaths,Cori_step,2021-01-05,0.8811045026765324,1.0033576845267416,0.7588513208263232,IND
India,IND,OWID,Deaths,Cori_step,2021-01-06,0.8811045026765324,1.0033576845267416,0.7588513208263232,IND
India,IND,OWID,Deaths,Cori_step,2021-01-07,0.8811045026765324,1.0033576845267416,0.7588513208263232,IND
India,IND,OWID,Deaths,Cori_step,2021-01-08,0.8811045026765324,1.0033576845267416,0.7588513208263232,IND
India,IND,OWID,Deaths,Cori_step,2021-01-09,0.8811045026765324,1.0033576845267416,0.7588513208263232,IND
India,IND,OWID,Deaths,Cori_step,2021-01-10,0.8811045026765324,1.0033576845267416,0.7588513208263232,IND
India,IND,OWID,Deaths,Cori_step,2021-01-11,0.8811045026765324,1.0033576845267416,0.7588513208263232,IND
India,IND,OWID,Deaths,Cori_step,2021-01-12,0.8811045026765324,1.0033576845267416,0.7588513208263232,IND
India,IND,OWID,Deaths,Cori_step,2021-01-13,0.8811045026765324,1.0033576845267416,0.7588513208263232,IND
India,IND,OWID,Deaths,Cori_step,2021-01-14,0.8811045026765324,1.0033576845267416,0.7588513208263232,IND
India,IND,OWID,Deaths,Cori_step,2021-01-15,0.8811045026765324,1.0033576845267416,0.7588513208263232,IND
India,IND,OWID,Deaths,Cori_step,2021-01-16,0.8811045026765324,1.0033576845267416,0.7588513208263232,IND
India,IND,OWID,Deaths,Cori_step,2021-01-17,0.8811045026765324,1.0033576845267416,0.7588513208263232,IND
India,IND,OWID,Deaths,Cori_step,2021-01-18,0.8811045026765324,1.0033576845267416,0.7588513208263232,IND
India,IND,OWID,Deaths,Cori_step,2021-01-19,0.8811045026765324,1.0033576845267416,0.7588513208263232,IND
India,IND,OWID,Deaths,Cori_step,2021-01-20,0.8811045026765324,1.0033576845267416,0.7588513208263232,IND
India,IND,OWID,Deaths,Cori_step,2021-01-21,0.8811045026765324,1.0033576845267416,0.7588513208263232,IND
India,IND,OWID,Deaths,Cori_step,2021-01-22,0.8811045026765324,1.0033576845267416,0.7588513208263232,IND
India,IND,OWID,Deaths,Cori_step,2021-01-23,0.8811045026765324,1.0033576845267416,0.7588513208263232,IND
India,IND,OWID,Deaths,Cori_step,2021-01-24,0.8811045026765324,1.0033576845267416,0.7588513208263232,IND
India,IND,OWID,Deaths,Cori_step,2021-01-25,0.8811045026765324,1.0033576845267416,0.7588513208263232,IND
India,IND,OWID,Deaths,Cori_step,2021-01-26,1.0284399216187268,6.1964811927624375,0,IND
India,IND,OWID,Deaths,Cori_step,2021-01-27,1.0591922605754018,1.3968935701527088,0.7214909509980949,IND
India,IND,OWID,Deaths,Cori_step,2021-01-28,1.0591922605754018,1.3968935701527088,0.7214909509980949,IND
India,IND,OWID,Deaths,Cori_step,2021-01-29,1.0591922605754018,1.3968935701527088,0.7214909509980949,IND
India,IND,OWID,Deaths,Cori_step,2021-01-30,1.0591922605754018,1.3968935701527088,0.7214909509980949,IND
India,IND,OWID,Deaths,Cori_step,2021-01-31,1.0591922605754018,1.3968935701527088,0.7214909509980949,IND
India,IND,OWID,Deaths,Cori_step,2021-02-01,1.0591922605754018,1.3968935701527088,0.7214909509980949,IND
India,IND,OWID,Deaths,Cori_step,2021-02-02,1.0591922605754018,1.3968935701527088,0.7214909509980949,IND
India,IND,OWID,Deaths,Cori_step,2021-02-03,1.0591922605754018,1.3968935701527088,0.7214909509980949,IND
India,IND,OWID,Deaths,Cori_step,2021-02-04,1.0591922605754018,1.3968935701527088,0.7214909509980949,IND
India,IND,OWID,Deaths,Cori_step,2021-02-05,1.0591922605754018,1.3968935701527088,0.7214909509980949,IND
India,IND,OWID,Deaths,Cori_step,2021-02-06,1.0591922605754018,1.3968935701527088,0.7214909509980949,IND
India,IND,OWID,Deaths,Cori_step,2021-02-07,1.0591922605754018,1.3968935701527088,0.7214909509980949,IND
India,IND,OWID,Deaths,Cori_step,2021-02-08,1.0591922605754018,1.3968935701527088,0.7214909509980949,IND
India,IND,OWID,Deaths,Cori_step,2021-02-09,1.0591922605754018,1.3968935701527088,0.7214909509980949,IND
India,IND,OWID,Deaths,Cori_step,2021-02-10,1.0591922605754018,1.3968935701527088,0.7214909509980949,IND
India,IND,OWID,Deaths,Cori_step,2021-02-11,1.0591922605754018,1.3968935701527088,0.7214909509980949,IND
India,IND,OWID,Deaths,Cori_step,2021-02-12,1.0591922605754018,1.3968935701527088,0.7214909509980949,IND
India,IND,OWID,Deaths,Cori_step,2021-02-13,1.0591922605754018,1.3968935701527088,0.7214909509980949,IND
India,IND,OWID,Deaths,Cori_step,2021-02-14,1.0591922605754018,1.3968935701527088,0.7214909509980949,IND
India,IND,OWID,Deaths,Cori_step,2021-02-15,1.0591922605754018,1.3968935701527088,0.7214909509980949,IND
India,IND,OWID,Deaths,Cori_step,2021-02-16,1.0591922605754018,1.3968935701527088,0.7214909509980949,IND
India,IND,OWID,Deaths,Cori_step,2021-02-17,1.0591922605754018,1.3968935701527088,0.7214909509980949,IND
India,IND,OWID,Deaths,Cori_step,2021-02-18,1.0591922605754018,1.3968935701527088,0.7214909509980949,IND
India,IND,OWID,Deaths,Cori_step,2021-02-19,1.0591922605754018,1.3968935701527088,0.7214909509980949,IND
India,IND,OWID,Deaths,Cori_step,2021-02-20,1.0591922605754018,1.3968935701527088,0.7214909509980949,IND
India,IND,OWID,Deaths,Cori_step,2021-02-21,1.0591922605754018,1.3968935701527088,0.7214909509980949,IND
India,IND,OWID,Deaths,Cori_step,2021-02-22,1.0591922605754018,1.3968935701527088,0.7214909509980949,IND
India,IND,OWID,Deaths,Cori_step,2021-02-23,1.0591922605754018,1.3968935701527088,0.7214909509980949,IND
India,IND,OWID,Deaths,Cori_step,2021-02-24,1.3208626665316323,1.9127775349647438,0.7289477980985207,IND
India,IND,OWID,Deaths,Cori_step,2021-02-25,1.3208626665316323,1.9127775349647438,0.7289477980985207,IND
India,IND,OWID,Deaths,Cori_step,2021-02-26,1.3208626665316323,1.9127775349647438,0.7289477980985207,IND
India,IND,OWID,Deaths,Cori_step,2021-02-27,1.3208626665316323,1.9127775349647438,0.7289477980985207,IND
India,IND,OWID,Deaths,Cori_step,2021-02-28,1.3208626665316323,1.9127775349647438,0.7289477980985207,IND
India,IND,OWID,Deaths,Cori_step,2021-03-01,1.3208626665316323,1.9127775349647438,0.7289477980985207,IND
India,IND,OWID,Deaths,Cori_step,2021-03-02,1.3208626665316323,1.9127775349647438,0.7289477980985207,IND
India,IND,OWID,Deaths,Cori_step,2021-03-03,1.3208626665316323,1.9127775349647438,0.7289477980985207,IND
India,IND,OWID,Deaths,Cori_step,2021-03-04,1.3208626665316323,1.9127775349647438,0.7289477980985207,IND
India,IND,OWID,Deaths,Cori_step,2021-03-05,1.3208626665316323,1.9127775349647438,0.7289477980985207,IND
India,IND,OWID,Deaths,Cori_step,2021-03-06,1.3208626665316323,1.9127775349647438,0.7289477980985207,IND
India,IND,OWID,Deaths,Cori_step,2021-03-07,1.3208626665316323,1.9127775349647438,0.7289477980985207,IND
India,IND,OWID,Deaths,Cori_step,2021-03-08,1.3208626665316323,1.9127775349647438,0.7289477980985207,IND
India,IND,OWID,Deaths,Cori_step,2021-03-09,1.4074424714500373,2.0332109232006914,0.7816740196993834,IND
India,IND,OWID,Deaths,Cori_step,2021-03-10,1.4074424714500373,2.0332109232006914,0.7816740196993834,IND
India,IND,OWID,Deaths,Cori_step,2021-03-11,1.4074424714500373,2.0332109232006914,0.7816740196993834,IND
India,IND,OWID,Deaths,Cori_step,2021-03-12,1.4074424714500373,2.0332109232006914,0.7816740196993834,IND
India,IND,OWID,Deaths,Cori_step,2021-03-13,1.4074424714500373,2.0332109232006914,0.7816740196993834,IND
India,IND,OWID,Deaths,Cori_step,2021-03-14,1.4074424714500373,2.0332109232006914,0.7816740196993834,IND
India,IND,OWID,Deaths,Cori_step,2021-03-15,1.4074424714500373,2.0332109232006914,0.7816740196993834,IND
India,IND,OWID,Deaths,Cori_step,2021-03-16,1.4074424714500373,2.0332109232006914,0.7816740196993834,IND
India,IND,OWID,Deaths,Cori_step,2021-03-17,1.4074424714500373,2.0332109232006914,0.7816740196993834,IND
India,IND,OWID,Deaths,Cori_step,2021-03-18,1.4074424714500373,2.0332109232006914,0.7816740196993834,IND
India,IND,OWID,Deaths,Cori_step,2021-03-19,1.4074424714500373,2.0332109232006914,0.7816740196993834,IND
India,IND,OWID,Deaths,Cori_step,2021-03-20,1.4074424714500373,2.0332109232006914,0.7816740196993834,IND
India,IND,OWID,Deaths,Cori_step,2021-03-21,1.4074424714500373,2.0332109232006914,0.7816740196993834,IND
India,IND,OWID,Deaths,Cori_step,2021-03-22,1.4074424714500373,2.0332109232006914,0.7816740196993834,IND
India,IND,OWID,Deaths,Cori_step,2021-03-23,1.4074424714500373,2.0332109232006914,0.7816740196993834,IND
India,IND,OWID,Deaths,Cori_step,2021-03-24,1.4074424714500373,2.0332109232006914,0.7816740196993834,IND
India,IND,OWID,Deaths,Cori_step,2021-03-25,1.4074424714500373,2.0332109232006914,0.7816740196993834,IND
India,IND,OWID,Deaths,Cori_step,2021-03-26,1.4074424714500373,2.0332109232006914,0.7816740196993834,IND
India,IND,OWID,Deaths,Cori_step,2021-03-27,1.4074424714500373,2.0332109232006914,0.7816740196993834,IND
India,IND,OWID,Deaths,Cori_step,2021-03-28,1.4074424714500373,2.0332109232006914,0.7816740196993834,IND
India,IND,OWID,Deaths,Cori_step,2021-03-29,1.4074424714500373,2.0332109232006914,0.7816740196993834,IND
India,IND,OWID,Deaths,Cori_step,2021-03-30,1.4074424714500373,2.0332109232006914,0.7816740196993834,IND
India,IND,OWID,Deaths,Cori_step,2021-03-31,1.4074424714500373,2.0332109232006914,0.7816740196993834,IND
India,IND,OWID,Deaths,Cori_step,2021-04-01,1.4074424714500373,2.0332109232006914,0.7816740196993834,IND
India,IND,OWID,Deaths,Cori_step,2021-04-02,1.4074424714500373,2.0332109232006914,0.7816740196993834,IND
India,IND,OWID,Deaths,Cori_step,2021-04-03,1.6551891372859653,10.829139681096365,0,IND
India,IND,OWID,Deaths,Cori_step,2021-04-04,1.6551891372859653,10.829139681096365,0,IND
India,IND,OWID,Deaths,Cori_step,2021-04-05,1.2400999522976048,2.063964638768488,0.41623526582672177,IND
India,IND,OWID,Deaths,Cori_step,2021-04-06,1.2400999522976048,2.063964638768488,0.41623526582672177,IND
India,IND,OWID,Deaths,Cori_step,2021-04-07,1.2400999522976048,2.063964638768488,0.41623526582672177,IND
India,IND,OWID,Deaths,Cori_step,2021-04-08,1.2400999522976048,2.063964638768488,0.41623526582672177,IND
India,IND,OWID,Deaths,Cori_step,2021-04-09,1.2400999522976048,2.063964638768488,0.41623526582672177,IND
India,IND,OWID,Deaths,Cori_step,2021-04-10,1.2400999522976048,2.063964638768488,0.41623526582672177,IND
India,IND,OWID,Deaths,Cori_step,2021-04-11,1.2400999522976048,2.063964638768488,0.41623526582672177,IND
India,IND,OWID,Deaths,Cori_step,2021-04-12,1.2400999522976048,2.063964638768488,0.41623526582672177,IND
India,IND,OWID,Deaths,Cori_step,2021-04-13,1.2400999522976048,2.063964638768488,0.41623526582672177,IND
India,IND,OWID,Deaths,Cori_step,2021-04-14,1.2400999522976048,2.063964638768488,0.41623526582672177,IND
India,IND,OWID,Deaths,Cori_step,2021-04-15,1.2400999522976048,2.063964638768488,0.41623526582672177,IND
India,IND,OWID,Deaths,Cori_step,2021-04-16,1.2400999522976048,2.063964638768488,0.41623526582672177,IND
India,IND,OWID,Deaths,Cori_step,2021-04-17,1.2400999522976048,2.063964638768488,0.41623526582672177,IND
India,IND,OWID,Deaths,Cori_step,2021-04-18,1.2400999522976048,2.063964638768488,0.41623526582672177,IND
India,IND,OWID,Deaths,Cori_step,2021-04-19,0.9965099221477075,1.2365155428391945,0.7565043014562205,IND
India,IND,OWID,Deaths,Cori_step,2021-04-20,0.9965099221477075,1.2365155428391945,0.7565043014562205,IND
India,IND,OWID,Deaths,Cori_step,2021-04-21,0.9965099221477075,1.2365155428391945,0.7565043014562205,IND
India,IND,OWID,Deaths,Cori_step,2021-04-22,0.9965099221477075,1.2365155428391945,0.7565043014562205,IND
India,IND,OWID,Deaths,Cori_step,2021-04-23,0.9965099221477075,1.2365155428391945,0.7565043014562205,IND
India,IND,OWID,Deaths,Cori_step,2021-04-24,0.9965099221477075,1.2365155428391945,0.7565043014562205,IND
India,IND,OWID,Deaths,Cori_step,2021-04-25,0.9965099221477075,1.2365155428391945,0.7565043014562205,IND
India,IND,OWID,Deaths,Cori_step,2021-04-26,0.9965099221477075,1.2365155428391945,0.7565043014562205,IND
India,IND,OWID,Deaths,Cori_step,2021-04-27,0.9965099221477075,1.2365155428391945,0.7565043014562205,IND
India,IND,OWID,Deaths,Cori_step,2021-04-28,0.9965099221477075,1.2365155428391945,0.7565043014562205,IND
India,IND,OWID,Deaths,Cori_step,2021-04-29,0.9965099221477075,1.2365155428391945,0.7565043014562205,IND
India,IND,OWID,Deaths,Cori_step,2021-04-30,0.9965099221477075,1.2365155428391945,0.7565043014562205,IND
India,IND,OWID,Deaths,Cori_step,2021-05-01,0.9965099221477075,1.2365155428391945,0.7565043014562205,IND
India,IND,OWID,Deaths,Cori_step,2021-05-02,0.9965099221477075,1.2365155428391945,0.7565043014562205,IND
India,IND,OWID,Deaths,Cori_step,2021-05-03,0.9965099221477075,1.2365155428391945,0.7565043014562205,IND
India,IND,OWID,Deaths,Cori_step,2021-05-04,0.9965099221477075,1.2365155428391945,0.7565043014562205,IND
India,IND,OWID,Deaths,Cori_step,2021-05-05,0.9965099221477075,1.2365155428391945,0.7565043014562205,IND
India,IND,OWID,Deaths,Cori_step,2021-05-06,0.9965099221477075,1.2365155428391945,0.7565043014562205,IND
India,IND,OWID,Deaths,Cori_step,2021-05-07,0.9965099221477075,1.2365155428391945,0.7565043014562205,IND
India,IND,OWID,Deaths,Cori_step,2021-05-08,0.9965099221477075,1.2365155428391945,0.7565043014562205,IND
India,IND,OWID,Deaths,Cori_step,2021-05-09,0.9965099221477075,1.2365155428391945,0.7565043014562205,IND
India,IND,OWID,Deaths,Cori_step,2021-05-10,0.8358365932021024,0.9565635492382423,0.7151096371659624,IND
India,IND,OWID,Deaths,Cori_step,2021-05-11,0.8358365932021024,0.9565635492382423,0.7151096371659624,IND
India,IND,OWID,Deaths,Cori_step,2021-05-12,0.8358365932021024,0.9565635492382423,0.7151096371659624,IND
India,IND,OWID,Deaths,Cori_step,2021-05-13,0.8358365932021024,0.9565635492382423,0.7151096371659624,IND
India,IND,OWID,Deaths,Cori_step,2021-05-14,0.8358365932021024,0.9565635492382423,0.7151096371659624,IND
India,IND,OWID,Deaths,Cori_step,2021-05-15,0.8358365932021024,0.9565635492382423,0.7151096371659624,IND
India,IND,OWID,Deaths,Cori_step,2021-05-16,0.8358365932021024,0.9565635492382423,0.7151096371659624,IND
India,IND,OWID,Deaths,Cori_step,2021-05-17,0.8358365932021024,0.9565635492382423,0.7151096371659624,IND
India,IND,OWID,Deaths,Cori_step,2021-05-18,0.8358365932021024,0.9565635492382423,0.7151096371659624,IND
India,IND,OWID,Deaths,Cori_step,2021-05-19,0.8358365932021024,0.9565635492382423,0.7151096371659624,IND
India,IND,OWID,Deaths,Cori_step,2021-05-20,0.8358365932021024,0.9565635492382423,0.7151096371659624,IND
India,IND,OWID,Deaths,Cori_step,2021-05-21,0.8358365932021024,0.9565635492382423,0.7151096371659624,IND
India,IND,OWID,Deaths,Cori_step,2021-05-22,0.8358365932021024,0.9565635492382423,0.7151096371659624,IND
India,IND,OWID,Deaths,Cori_step,2021-05-23,0.8358365932021024,0.9565635492382423,0.7151096371659624,IND
India,IND,OWID,Deaths,Cori_step,2021-05-24,0.8358365932021024,0.9565635492382423,0.7151096371659624,IND
India,IND,OWID,Deaths,Cori_step,2021-05-25,0.8358365932021024,0.9565635492382423,0.7151096371659624,IND
India,IND,OWID,Deaths,Cori_step,2021-05-26,0.8358365932021024,0.9565635492382423,0.7151096371659624,IND
India,IND,OWID,Deaths,Cori_step,2021-05-27,0.8358365932021024,0.9565635492382423,0.7151096371659624,IND
India,IND,OWID,Deaths,Cori_step,2021-05-28,0.8358365932021024,0.9565635492382423,0.7151096371659624,IND
India,IND,OWID,Deaths,Cori_step,2021-05-29,0.8358365932021024,0.9565635492382423,0.7151096371659624,IND
India,IND,OWID,Deaths,Cori_step,2021-05-30,0.8358365932021024,0.9565635492382423,0.7151096371659624,IND
India,IND,OWID,Deaths,Cori_step,2021-05-31,0.8358365932021024,0.9565635492382423,0.7151096371659624,IND
India,IND,OWID,Deaths,Cori_step,2021-06-01,0.8358365932021024,0.9565635492382423,0.7151096371659624,IND
India,IND,OWID,Deaths,Cori_step,2021-06-02,0.8358365932021024,0.9565635492382423,0.7151096371659624,IND
India,IND,OWID,Deaths,Cori_step,2021-06-03,0.8358365932021024,0.9565635492382423,0.7151096371659624,IND
India,IND,OWID,Deaths,Cori_step,2021-06-04,0.8358365932021024,0.9565635492382423,0.7151096371659624,IND
India,IND,OWID,Deaths,Cori_step,2021-06-05,0.8358365932021024,0.9565635492382423,0.7151096371659624,IND
India,IND,OWID,Deaths,Cori_step,2021-06-06,0.8358365932021024,0.9565635492382423,0.7151096371659624,IND
India,IND,OWID,Deaths,Cori_step,2021-06-07,0.8358365932021024,0.9565635492382423,0.7151096371659624,IND
India,IND,OWID,Deaths,Cori_step,2021-06-08,0.8358365932021024,0.9565635492382423,0.7151096371659624,IND
India,IND,OWID,Deaths,Cori_step,2021-06-09,0.8358365932021024,0.9565635492382423,0.7151096371659624,IND
India,IND,OWID,Deaths,Cori_step,2021-06-10,0.8358365932021024,0.9565635492382423,0.7151096371659624,IND
India,IND,OWID,Deaths,Cori_step,2021-06-11,0.8358365932021024,0.9565635492382423,0.7151096371659624,IND
India,IND,OWID,Deaths,Cori_step,2021-06-12,0.8358365932021024,0.9565635492382423,0.7151096371659624,IND
India,IND,OWID,Deaths,Cori_step,2021-06-13,0.8358365932021024,0.9565635492382423,0.7151096371659624,IND
India,IND,OWID,Deaths,Cori_step,2021-06-14,0.8358365932021024,0.9565635492382423,0.7151096371659624,IND
India,IND,OWID,Deaths,Cori_step,2021-06-15,0.8358365932021024,0.9565635492382423,0.7151096371659624,IND
India,IND,OWID,Deaths,Cori_step,2021-06-16,0.8358365932021024,0.9565635492382423,0.7151096371659624,IND
India,IND,OWID,Deaths,Cori_step,2021-06-17,0.8358365932021024,0.9565635492382423,0.7151096371659624,IND
India,IND,OWID,Deaths,Cori_step,2021-06-18,0.8358365932021024,0.9565635492382423,0.7151096371659624,IND
India,IND,OWID,Deaths,Cori_step,2021-06-19,0.8358365932021024,0.9565635492382423,0.7151096371659624,IND
India,IND,OWID,Deaths,Cori_step,2021-06-20,0.8358365932021024,0.9565635492382423,0.7151096371659624,IND
India,IND,OWID,Deaths,Cori_step,2021-06-21,0.8358365932021024,0.9565635492382423,0.7151096371659624,IND
India,IND,OWID,Deaths,Cori_step,2021-06-22,0.8358365932021024,0.9565635492382423,0.7151096371659624,IND
India,IND,OWID,Deaths,Cori_step,2021-06-23,0.8358365932021024,0.9565635492382423,0.7151096371659624,IND
India,IND,OWID,Deaths,Cori_step,2021-06-24,0.8358365932021024,0.9565635492382423,0.7151096371659624,IND
India,IND,OWID,Deaths,Cori_step,2021-06-25,0.8358365932021024,0.9565635492382423,0.7151096371659624,IND
India,IND,OWID,Deaths,Cori_step,2021-06-26,0.8358365932021024,0.9565635492382423,0.7151096371659624,IND
India,IND,OWID,Deaths,Cori_step,2021-06-27,0.8358365932021024,0.9565635492382423,0.7151096371659624,IND
India,IND,OWID,Deaths,Cori_step,2021-06-28,0.8358365932021024,0.9565635492382423,0.7151096371659624,IND
India,IND,OWID,Deaths,Cori_step,2021-06-29,0.8358365932021024,0.9565635492382423,0.7151096371659624,IND
India,IND,OWID,Deaths,Cori_step,2021-06-30,0.8358365932021024,0.9565635492382423,0.7151096371659624,IND
India,IND,OWID,Deaths,Cori_step,2021-07-01,0.8358365932021024,0.9565635492382423,0.7151096371659624,IND
India,IND,OWID,Deaths,Cori_step,2021-07-02,0.8358365932021024,0.9565635492382423,0.7151096371659624,IND
India,IND,OWID,Deaths,Cori_step,2021-07-03,0.8358365932021024,0.9565635492382423,0.7151096371659624,IND
India,IND,OWID,Deaths,Cori_step,2021-07-04,0.8358365932021024,0.9565635492382423,0.7151096371659624,IND
India,IND,OWID,Deaths,Cori_step,2021-07-05,0.8358365932021024,0.9565635492382423,0.7151096371659624,IND
India,IND,OWID,Deaths,Cori_step,2021-07-06,0.8358365932021024,0.9565635492382423,0.7151096371659624,IND
India,IND,OWID,Deaths,Cori_step,2021-07-07,0.8358365932021024,0.9565635492382423,0.7151096371659624,IND
India,IND,OWID,Deaths,Cori_step,2021-07-08,0.8358365932021024,0.9565635492382423,0.7151096371659624,IND
India,IND,OWID,Deaths,Cori_step,2021-07-09,0.8358365932021024,0.9565635492382423,0.7151096371659624,IND
India,IND,OWID,Deaths,Cori_step,2021-07-10,0.8358365932021024,0.9565635492382423,0.7151096371659624,IND
India,IND,OWID,Deaths,Cori_step,2021-07-11,0.8358365932021024,0.9565635492382423,0.7151096371659624,IND
India,IND,OWID,Deaths,Cori_step,2021-07-12,0.8358365932021024,0.9565635492382423,0.7151096371659624,IND
India,IND,OWID,Deaths,Cori_step,2021-07-13,0.8358365932021024,0.9565635492382423,0.7151096371659624,IND
India,IND,OWID,Deaths,Cori_step,2021-07-14,0.8358365932021024,0.9565635492382423,0.7151096371659624,IND
India,IND,OWID,Deaths,Cori_step,2021-07-15,0.8358365932021024,0.9565635492382423,0.7151096371659624,IND
India,IND,OWID,Deaths,Cori_step,2021-07-16,0.8358365932021024,0.9565635492382423,0.7151096371659624,IND
India,IND,OWID,Deaths,Cori_step,2021-07-17,0.8358365932021024,0.9565635492382423,0.7151096371659624,IND
India,IND,OWID,Deaths,Cori_step,2021-07-18,0.8358365932021024,0.9565635492382423,0.7151096371659624,IND
India,IND,OWID,Deaths,Cori_step,2021-07-19,0.8358365932021024,0.9565635492382423,0.7151096371659624,IND
India,IND,OWID,Deaths,Cori_step,2021-07-20,0.8358365932021024,0.9565635492382423,0.7151096371659624,IND
India,IND,OWID,Deaths,Cori_step,2021-07-21,1.4226215755187237,4.569126320531583,0,IND
India,IND,OWID,Deaths,Cori_step,2021-07-22,1.4226215755187237,4.569126320531583,0,IND
India,IND,OWID,Deaths,Cori_step,2021-07-23,1.4226215755187237,4.569126320531583,0,IND
India,IND,OWID,Deaths,Cori_step,2021-07-24,1.4226215755187237,4.569126320531583,0,IND
India,IND,OWID,Deaths,Cori_step,2021-07-25,1.4226215755187237,4.569126320531583,0,IND
India,IND,OWID,Deaths,Cori_step,2021-07-26,0.9612154623802796,1.3313210194260061,0.5911099053345531,IND
India,IND,OWID,Deaths,Cori_step,2021-07-27,0.9612154623802796,1.3313210194260061,0.5911099053345531,IND
India,IND,OWID,Deaths,Cori_step,2021-07-28,0.9612154623802796,1.3313210194260061,0.5911099053345531,IND
India,IND,OWID,Deaths,Cori_step,2021-07-29,0.9612154623802796,1.3313210194260061,0.5911099053345531,IND
India,IND,OWID,Deaths,Cori_step,2021-07-30,0.9612154623802796,1.3313210194260061,0.5911099053345531,IND
India,IND,OWID,Deaths,Cori_step,2021-07-31,0.9612154623802796,1.3313210194260061,0.5911099053345531,IND
India,IND,OWID,Deaths,Cori_step,2021-08-01,0.9612154623802796,1.3313210194260061,0.5911099053345531,IND
India,IND,OWID,Deaths,Cori_step,2021-08-02,0.9612154623802796,1.3313210194260061,0.5911099053345531,IND
India,IND,OWID,Deaths,Cori_step,2021-08-03,0.9612154623802796,1.3313210194260061,0.5911099053345531,IND
India,IND,OWID,Deaths,Cori_step,2021-08-04,0.9612154623802796,1.3313210194260061,0.5911099053345531,IND
India,IND,OWID,Deaths,Cori_step,2021-08-05,0.9612154623802796,1.3313210194260061,0.5911099053345531,IND
India,IND,OWID,Deaths,Cori_step,2021-08-06,0.9612154623802796,1.3313210194260061,0.5911099053345531,IND
India,IND,OWID,Deaths,Cori_step,2021-08-07,0.9612154623802796,1.3313210194260061,0.5911099053345531,IND
India,IND,OWID,Deaths,Cori_step,2021-08-08,0.9612154623802796,1.3313210194260061,0.5911099053345531,IND
India,IND,OWID,Deaths,Cori_step,2021-08-09,0.9612154623802796,1.3313210194260061,0.5911099053345531,IND
India,IND,OWID,Deaths,Cori_step,2021-08-10,0.9612154623802796,1.3313210194260061,0.5911099053345531,IND
India,IND,OWID,Deaths,Cori_step,2021-08-11,0.9612154623802796,1.3313210194260061,0.5911099053345531,IND
India,IND,OWID,Deaths,Cori_step,2021-08-12,0.9612154623802796,1.3313210194260061,0.5911099053345531,IND
India,IND,OWID,Deaths,Cori_step,2021-08-13,0.9612154623802796,1.3313210194260061,0.5911099053345531,IND
India,IND,OWID,Deaths,Cori_step,2021-08-14,0.9612154623802796,1.3313210194260061,0.5911099053345531,IND
India,IND,OWID,Deaths,Cori_step,2021-08-15,0.8904840114008604,1.3824266275176447,0.39854139528407606,IND
India,IND,OWID,Deaths,Cori_step,2021-08-16,0.8904840114008604,1.3824266275176447,0.39854139528407606,IND
India,IND,OWID,Deaths,Cori_step,2021-08-17,0.8904840114008604,1.3824266275176447,0.39854139528407606,IND
India,IND,OWID,Deaths,Cori_step,2021-08-18,0.8904840114008604,1.3824266275176447,0.39854139528407606,IND
India,IND,OWID,Deaths,Cori_step,2021-08-19,0.8904840114008604,1.3824266275176447,0.39854139528407606,IND
India,IND,OWID,Deaths,Cori_step,2021-08-20,0.8904840114008604,1.3824266275176447,0.39854139528407606,IND
India,IND,OWID,Deaths,Cori_step,2021-08-21,0.8904840114008604,1.3824266275176447,0.39854139528407606,IND
India,IND,OWID,Deaths,Cori_step,2021-08-22,0.8904840114008604,1.3824266275176447,0.39854139528407606,IND
India,IND,OWID,Deaths,Cori_step,2021-08-23,0.8904840114008604,1.3824266275176447,0.39854139528407606,IND
India,IND,OWID,Deaths,Cori_step,2021-08-24,0.8904840114008604,1.3824266275176447,0.39854139528407606,IND
India,IND,OWID,Deaths,Cori_step,2021-08-25,0.8904840114008604,1.3824266275176447,0.39854139528407606,IND
India,IND,OWID,Deaths,Cori_step,2021-08-26,0.8904840114008604,1.3824266275176447,0.39854139528407606,IND
India,IND,OWID,Deaths,Cori_step,2021-08-27,0.8904840114008604,1.3824266275176447,0.39854139528407606,IND
India,IND,OWID,Deaths,Cori_step,2021-08-28,0.8904840114008604,1.3824266275176447,0.39854139528407606,IND
India,IND,OWID,Deaths,Cori_step,2021-08-29,0.8904840114008604,1.3824266275176447,0.39854139528407606,IND
India,IND,OWID,Deaths,Cori_step,2021-08-30,0.8904840114008604,1.3824266275176447,0.39854139528407606,IND
India,IND,OWID,Deaths,Cori_step,2021-08-31,0.8904840114008604,1.3824266275176447,0.39854139528407606,IND
India,IND,OWID,Deaths,Cori_step,2021-09-01,0.8904840114008604,1.3824266275176447,0.39854139528407606,IND
India,IND,OWID,Deaths,Cori_step,2021-09-02,0.8904840114008604,1.3824266275176447,0.39854139528407606,IND
India,IND,OWID,Deaths,Cori_step,2021-09-03,0.8904840114008604,1.3824266275176447,0.39854139528407606,IND
India,IND,OWID,Deaths,Cori_step,2021-09-04,0.8904840114008604,1.3824266275176447,0.39854139528407606,IND
India,IND,OWID,Deaths,Cori_step,2021-09-05,0.8904840114008604,1.3824266275176447,0.39854139528407606,IND
India,IND,OWID,Deaths,Cori_step,2021-09-06,0.8904840114008604,1.3824266275176447,0.39854139528407606,IND
India,IND,OWID,Deaths,Cori_step,2021-09-07,0.8904840114008604,1.3824266275176447,0.39854139528407606,IND
India,IND,OWID,Deaths,Cori_step,2021-09-08,1.2652217636361054,2.283482811936607,0.2469607153356035,IND
India,IND,OWID,Deaths,Cori_step,2021-09-09,1.2652217636361054,2.283482811936607,0.2469607153356035,IND
India,IND,OWID,Deaths,Cori_step,2021-09-10,1.2652217636361054,2.283482811936607,0.2469607153356035,IND
India,IND,OWID,Deaths,Cori_step,2021-09-11,1.2652217636361054,2.283482811936607,0.2469607153356035,IND
India,IND,OWID,Deaths,Cori_step,2021-09-12,1.2652217636361054,2.283482811936607,0.2469607153356035,IND
India,IND,OWID,Deaths,Cori_step,2021-09-13,1.2652217636361054,2.283482811936607,0.2469607153356035,IND
India,IND,OWID,Deaths,Cori_step,2021-09-14,1.2652217636361054,2.283482811936607,0.2469607153356035,IND
India,IND,OWID,Deaths,Cori_step,2021-09-15,1.2652217636361054,2.283482811936607,0.2469607153356035,IND
India,IND,OWID,Deaths,Cori_step,2021-09-16,1.2652217636361054,2.283482811936607,0.2469607153356035,IND
India,IND,OWID,Deaths,Cori_step,2021-09-17,1.2652217636361054,2.283482811936607,0.2469607153356035,IND
India,IND,OWID,Deaths,Cori_step,2021-09-18,1.2652217636361054,2.283482811936607,0.2469607153356035,IND
India,IND,OWID,Deaths,Cori_step,2021-09-19,1.2652217636361054,2.283482811936607,0.2469607153356035,IND
India,IND,OWID,Deaths,Cori_step,2021-09-20,1.2652217636361054,2.283482811936607,0.2469607153356035,IND
India,IND,OWID,Deaths,Cori_step,2021-09-21,1.2652217636361054,2.283482811936607,0.2469607153356035,IND
India,IND,OWID,Deaths,Cori_step,2021-09-22,1.2652217636361054,2.283482811936607,0.2469607153356035,IND
India,IND,OWID,Deaths,Cori_step,2021-09-23,1.2652217636361054,2.283482811936607,0.2469607153356035,IND
India,IND,OWID,Deaths,Cori_step,2021-09-24,1.2652217636361054,2.283482811936607,0.2469607153356035,IND
India,IND,OWID,Deaths,Cori_step,2021-09-25,1.2652217636361054,2.283482811936607,0.2469607153356035,IND
India,IND,OWID,Deaths,Cori_step,2021-09-26,1.2652217636361054,2.283482811936607,0.2469607153356035,IND
India,IND,OWID,Deaths,Cori_step,2021-09-27,1.2652217636361054,2.283482811936607,0.2469607153356035,IND
India,IND,OWID,Deaths,Cori_step,2021-09-28,1.2652217636361054,2.283482811936607,0.2469607153356035,IND
India,IND,OWID,Deaths,Cori_step,2021-09-29,1.2652217636361054,2.283482811936607,0.2469607153356035,IND
India,IND,OWID,Deaths,Cori_step,2021-09-30,1.2652217636361054,2.283482811936607,0.2469607153356035,IND
India,IND,OWID,Deaths,Cori_step,2021-10-01,1.2652217636361054,2.283482811936607,0.2469607153356035,IND
India,IND,OWID,Deaths,Cori_step,2021-10-02,1.2652217636361054,2.283482811936607,0.2469607153356035,IND
India,IND,OWID,Deaths,Cori_step,2021-10-03,1.2652217636361054,2.283482811936607,0.2469607153356035,IND
India,IND,OWID,Deaths,Cori_step,2021-10-04,1.2652217636361054,2.283482811936607,0.2469607153356035,IND
India,IND,OWID,Deaths,Cori_step,2021-10-05,1.2652217636361054,2.283482811936607,0.2469607153356035,IND
India,IND,OWID,Deaths,Cori_step,2021-10-06,1.2652217636361054,2.283482811936607,0.2469607153356035,IND
India,IND,OWID,Deaths,Cori_step,2021-10-07,1.2652217636361054,2.283482811936607,0.2469607153356035,IND
India,IND,OWID,Deaths,Cori_step,2021-10-08,1.2652217636361054,2.283482811936607,0.2469607153356035,IND
India,IND,OWID,Deaths,Cori_step,2021-10-09,1.2652217636361054,2.283482811936607,0.2469607153356035,IND
India,IND,OWID,Deaths,Cori_step,2021-10-10,1.2652217636361054,2.283482811936607,0.2469607153356035,IND
India,IND,OWID,Deaths,Cori_step,2021-10-11,1.2652217636361054,2.283482811936607,0.2469607153356035,IND
India,IND,OWID,Deaths,Cori_step,2021-10-12,0.6210116276618771,1.2337028356262598,0.008320419697494419,IND
India,IND,OWID,Deaths,Cori_step,2021-10-13,0.6210116276618771,1.2337028356262598,0.008320419697494419,IND
India,IND,OWID,Deaths,Cori_step,2021-10-14,0.6210116276618771,1.2337028356262598,0.008320419697494419,IND
India,IND,OWID,Deaths,Cori_step,2021-10-15,0.6210116276618771,1.2337028356262598,0.008320419697494419,IND
India,IND,OWID,Deaths,Cori_step,2021-10-16,0.6210116276618771,1.2337028356262598,0.008320419697494419,IND
India,IND,OWID,Deaths,Cori_step,2021-10-17,0.6210116276618771,1.2337028356262598,0.008320419697494419,IND
India,IND,OWID,Deaths,Cori_step,2021-10-18,0.6210116276618771,1.2337028356262598,0.008320419697494419,IND
India,IND,OWID,Deaths,Cori_step,2021-10-19,0.6210116276618771,1.2337028356262598,0.008320419697494419,IND
India,IND,OWID,Deaths,Cori_step,2021-10-20,0.6210116276618771,1.2337028356262598,0.008320419697494419,IND
India,IND,OWID,Deaths,Cori_step,2021-10-21,0.6210116276618771,1.2337028356262598,0.008320419697494419,IND
India,IND,OWID,Deaths,Cori_step,2021-10-22,0.6210116276618771,1.2337028356262598,0.008320419697494419,IND
India,IND,OWID,Deaths,Cori_step,2021-10-23,0.6210116276618771,1.2337028356262598,0.008320419697494419,IND
India,IND,OWID,Deaths,Cori_step,2021-10-24,0.6210116276618771,1.2337028356262598,0.008320419697494419,IND
India,IND,OWID,Deaths,Cori_step,2021-10-25,1.052893249536221,2.6188822755293346,0,IND
India,IND,OWID,Deaths,Cori_step,2021-10-26,1.052893249536221,2.6188822755293346,0,IND
India,IND,OWID,Deaths,Cori_step,2021-10-27,1.052893249536221,2.6188822755293346,0,IND
India,IND,OWID,Deaths,Cori_step,2021-10-28,1.052893249536221,2.6188822755293346,0,IND
India,IND,OWID,Deaths,Cori_step,2021-10-29,1.052893249536221,2.6188822755293346,0,IND
India,IND,OWID,Deaths,Cori_step,2021-10-30,1.052893249536221,2.6188822755293346,0,IND
India,IND,OWID,Deaths,Cori_step,2021-10-31,1.052893249536221,2.6188822755293346,0,IND
India,IND,OWID,Deaths,Cori_step,2021-11-01,1.052893249536221,2.6188822755293346,0,IND
India,IND,OWID,Deaths,Cori_step,2021-11-02,1.052893249536221,2.6188822755293346,0,IND
India,IND,OWID,Deaths,Cori_step,2021-11-03,1.052893249536221,2.6188822755293346,0,IND
India,IND,OWID,Deaths,Cori_step,2021-11-04,1.052893249536221,2.6188822755293346,0,IND
India,IND,OWID,Deaths,Cori_step,2021-11-05,1.052893249536221,2.6188822755293346,0,IND
India,IND,OWID,Deaths,Cori_step,2021-11-06,1.052893249536221,2.6188822755293346,0,IND
India,IND,OWID,Deaths,Cori_step,2021-11-07,1.052893249536221,2.6188822755293346,0,IND
India,IND,OWID,Deaths,Cori_step,2021-11-08,1.052893249536221,2.6188822755293346,0,IND
India,IND,OWID,Deaths,Cori_step,2021-11-09,1.353941272029798,3.480433608212499,0,IND
India,IND,OWID,Deaths,Cori_step,2021-11-10,1.353941272029798,3.480433608212499,0,IND
India,IND,OWID,Deaths,Cori_step,2021-11-11,1.353941272029798,3.480433608212499,0,IND
India,IND,OWID,Deaths,Cori_step,2021-11-12,1.353941272029798,3.480433608212499,0,IND
India,IND,OWID,Deaths,Cori_step,2021-11-13,1.353941272029798,3.480433608212499,0,IND
India,IND,OWID,Deaths,Cori_step,2021-11-14,1.4180641906272902,2.771363199066111,0.06476518218846916,IND
India,IND,OWID,Deaths,Cori_step,2021-11-15,1.4180641906272902,2.771363199066111,0.06476518218846916,IND
India,IND,OWID,Deaths,Cori_step,2021-11-16,1.4180641906272902,2.771363199066111,0.06476518218846916,IND
India,IND,OWID,Deaths,Cori_step,2021-11-17,1.4180641906272902,2.771363199066111,0.06476518218846916,IND
India,IND,OWID,Deaths,Cori_step,2021-11-18,1.4180641906272902,2.771363199066111,0.06476518218846916,IND
India,IND,OWID,Deaths,Cori_step,2021-11-19,1.4180641906272902,2.771363199066111,0.06476518218846916,IND
India,IND,OWID,Deaths,Cori_step,2021-11-20,1.4180641906272902,2.771363199066111,0.06476518218846916,IND
India,IND,OWID,Deaths,Cori_step,2021-11-21,1.4180641906272902,2.771363199066111,0.06476518218846916,IND
India,IND,OWID,Deaths,Cori_step,2021-11-22,0.32093688361566025,1.9935712267305863,0,IND
India,IND,OWID,Deaths,Cori_step,2021-11-23,0.32093688361566025,1.9935712267305863,0,IND
India,IND,OWID,Deaths,Cori_step,2021-11-24,0.32093688361566025,1.9935712267305863,0,IND
India,IND,OWID,Deaths,Cori_step,2021-11-25,0.32093688361566025,1.9935712267305863,0,IND
India,IND,OWID,Deaths,Cori_step,2021-11-26,0.32093688361566025,1.9935712267305863,0,IND
India,IND,OWID,Deaths,Cori_step,2021-11-27,0.32093688361566025,1.9935712267305863,0,IND
India,IND,OWID,Deaths,Cori_step,2021-11-28,0.32093688361566025,1.9935712267305863,0,IND
India,IND,OWID,Deaths,Cori_step,2021-11-29,0.32093688361566025,1.9935712267305863,0,IND
India,IND,OWID,Deaths,Cori_step,2021-11-30,0.32093688361566025,1.9935712267305863,0,IND
India,IND,OWID,Deaths,Cori_step,2021-12-01,1.3668052084778217,2.4643967848101225,0.26921363214552074,IND
India,IND,OWID,Deaths,Cori_step,2021-12-02,1.3668052084778217,2.4643967848101225,0.26921363214552074,IND
India,IND,OWID,Deaths,Cori_step,2021-12-03,1.3668052084778217,2.4643967848101225,0.26921363214552074,IND
India,IND,OWID,Deaths,Cori_step,2021-12-04,1.3668052084778217,2.4643967848101225,0.26921363214552074,IND
India,IND,OWID,Deaths,Cori_step,2021-12-05,1.3668052084778217,2.4643967848101225,0.26921363214552074,IND
India,IND,OWID,Deaths,Cori_step,2021-12-06,1.3668052084778217,2.4643967848101225,0.26921363214552074,IND
India,IND,OWID,Deaths,Cori_step,2021-12-07,1.3668052084778217,2.4643967848101225,0.26921363214552074,IND
India,IND,OWID,Deaths,Cori_step,2021-12-08,1.3668052084778217,2.4643967848101225,0.26921363214552074,IND
India,IND,OWID,Deaths,Cori_step,2021-12-09,1.3668052084778217,2.4643967848101225,0.26921363214552074,IND
India,IND,OWID,Deaths,Cori_step,2021-12-10,1.3668052084778217,2.4643967848101225,0.26921363214552074,IND
India,IND,OWID,Deaths,Cori_step,2021-12-11,1.3668052084778217,2.4643967848101225,0.26921363214552074,IND
India,IND,OWID,Deaths,Cori_step,2021-12-12,1.3668052084778217,2.4643967848101225,0.26921363214552074,IND
India,IND,OWID,Deaths,Cori_step,2021-12-13,1.3668052084778217,2.4643967848101225,0.26921363214552074,IND
India,IND,OWID,Deaths,Cori_step,2021-12-14,1.0215622279196948,2.0349770165749312,0.008147439264458267,IND
India,IND,OWID,Deaths,Cori_step,2021-12-15,1.0215622279196948,2.0349770165749312,0.008147439264458267,IND
India,IND,OWID,Deaths,Cori_step,2021-12-16,1.0215622279196948,2.0349770165749312,0.008147439264458267,IND
India,IND,OWID,Deaths,Cori_step,2021-12-17,1.0215622279196948,2.0349770165749312,0.008147439264458267,IND
India,IND,OWID,Deaths,Cori_step,2021-12-18,1.0215622279196948,2.0349770165749312,0.008147439264458267,IND
India,IND,OWID,Deaths,Cori_step,2021-12-19,1.0215622279196948,2.0349770165749312,0.008147439264458267,IND
India,IND,OWID,Deaths,Cori_step,2021-12-20,1.0215622279196948,2.0349770165749312,0.008147439264458267,IND
India,IND,OWID,Deaths,Cori_step,2021-12-21,1.0215622279196948,2.0349770165749312,0.008147439264458267,IND
India,IND,OWID,Deaths,Cori_step,2021-12-22,1.0215622279196948,2.0349770165749312,0.008147439264458267,IND
India,IND,OWID,Deaths,Cori_step,2021-12-23,1.0215622279196948,2.0349770165749312,0.008147439264458267,IND
India,IND,OWID,Deaths,Cori_step,2021-12-24,1.0215622279196948,2.0349770165749312,0.008147439264458267,IND
India,IND,OWID,Deaths,Cori_step,2021-12-25,1.0215622279196948,2.0349770165749312,0.008147439264458267,IND
India,IND,OWID,Deaths,Cori_step,2021-12-26,1.0215622279196948,2.0349770165749312,0.008147439264458267,IND
India,IND,OWID,Deaths,Cori_step,2021-12-27,1.0215622279196948,2.0349770165749312,0.008147439264458267,IND
India,IND,OWID,Deaths,Cori_step,2021-12-28,1.0215622279196948,2.0349770165749312,0.008147439264458267,IND
India,IND,OWID,Deaths,Cori_step,2021-12-29,1.2746539733314277,2.7817665291617084,0,IND
India,IND,OWID,Deaths,Cori_step,2021-12-30,1.2746539733314277,2.7817665291617084,0,IND
India,IND,OWID,Deaths,Cori_step,2021-12-31,1.1295615557189367,3.0458442184673507,0,IND
India,IND,OWID,Confirmed cases,Cori_slidingWindow,2022-01-01,1.594199781331763,1.6867407891446398,1.5016587735188862,IND
India,IND,OWID,Confirmed cases,Cori_slidingWindow,2022-01-02,1.5293420377178557,1.6323432059247536,1.4263408695109578,IND
India,IND,OWID,Confirmed cases,Cori_slidingWindow,2022-01-03,1.4652090073119386,1.5719147952720929,1.3585032193517843,IND
India,IND,OWID,Confirmed cases,Cori_slidingWindow,2022-01-04,1.4006868480568706,1.497803061466021,1.3035706346477203,IND
India,IND,OWID,Confirmed cases,Cori_slidingWindow,2022-01-05,1.3399821515235903,1.4190456438160586,1.2609186592311221,IND
India,IND,OWID,Confirmed cases,Cori_slidingWindow,2022-01-06,1.288232474053771,1.3542795944560155,1.2221853536515264,IND
India,IND,OWID,Confirmed cases,Cori_slidingWindow,2022-01-07,1.2463220890215445,1.3097279723212614,1.1829162057218277,IND
India,IND,OWID,Confirmed cases,Cori_slidingWindow,2022-01-08,1.212935422305276,1.274600640155772,1.15127020445478,IND
India,IND,OWID,Confirmed cases,Cori_slidingWindow,2022-01-09,1.185491953811344,1.2521429854788917,1.1188409221437963,IND
India,IND,OWID,Confirmed cases,Cori_slidingWindow,2022-01-10,1.1600564001547982,1.2562918435416892,1.0638209567679071,IND
India,IND,OWID,Confirmed cases,Cori_slidingWindow,2022-01-11,1.13406906260304,1.260721364306254,1.0074167608998261,IND
India,IND,OWID,Confirmed cases,Cori_slidingWindow,2022-01-12,1.1077557382540997,1.235881109756067,0.9796303667521323,IND
India,IND,OWID,Confirmed cases,Cori_slidingWindow,2022-01-13,1.0823991129123907,1.1859495714901418,0.9788486543346395,IND
India,IND,OWID,Confirmed cases,Cori_slidingWindow,2022-01-14,1.0578767115928738,1.1346980954315953,0.9810553277541523,IND
India,IND,OWID,Confirmed cases,Cori_slidingWindow,2022-01-15,1.032973706948732,1.0963200921921,0.9696273217053639,IND
India,IND,OWID,Confirmed cases,Cori_slidingWindow,2022-01-16,1.0072271573087754,1.0654150507807385,0.9490392638368124,IND
India,IND,OWID,Confirmed cases,Cori_slidingWindow,2022-01-17,0.981532314905401,1.0374656108998555,0.9255990189109466,IND
India,IND,OWID,Confirmed cases,Cori_slidingWindow,2022-01-18,0.9561403251371389,1.0118239928714525,0.9004566574028252,IND
India,IND,OWID,Confirmed cases,Cori_slidingWindow,2022-01-19,0.9305547839369812,0.9878137692575856,0.8732957986163769,IND
India,IND,OWID,Confirmed cases,Cori_slidingWindow,2022-01-20,0.90361569223786,0.9668142034949906,0.8404171809807294,IND
India,IND,OWID,Confirmed cases,Cori_slidingWindow,2022-01-21,0.8754458265233547,0.9486073515548831,0.8022843014918263,IND
India,IND,OWID,Confirmed cases,Cori_slidingWindow,2022-01-22,0.8477713152778202,0.9306003769261373,0.7649422536295032,IND
India,IND,OWID,Confirmed cases,Cori_slidingWindow,2022-01-23,0.8221851667478993,0.9136656487604111,0.7307046847353875,IND
India,IND,OWID,Confirmed cases,Cori_slidingWindow,2022-01-24,0.798599630667523,0.897326659551528,0.6998726017835181,IND
India,IND,OWID,Confirmed cases,Cori_slidingWindow,2022-01-25,0.7760724040989966,0.8770023553650298,0.6751424528329634,IND
India,IND,OWID,Confirmed cases,Cori_slidingWindow,2022-01-26,0.7545378640911351,0.8469226579485192,0.662153070233751,IND
India,IND,OWID,Confirmed cases,Cori_slidingWindow,2022-01-27,0.733781863992263,0.8045435908787923,0.6630201371057336,IND
India,IND,OWID,Confirmed cases,Cori_slidingWindow,2022-01-28,0.7137355156829326,0.7647900788042534,0.6626809525616117,IND
India,IND,OWID,Confirmed cases,Cori_slidingWindow,2022-01-29,0.6948880204614464,0.7606769299779995,0.6290991109448932,IND
India,IND,OWID,Confirmed cases,Cori_slidingWindow,2022-01-30,0.6782456646505094,0.75945888413626,0.5970324451647588,IND
India,IND,OWID,Confirmed cases,Cori_slidingWindow,2022-01-31,0.6636163387992244,0.7404259117736963,0.5868067658247526,IND
India,IND,OWID,Confirmed cases,Cori_slidingWindow,2022-02-01,0.649624607275378,0.7152581108763405,0.5839911036744154,IND
India,IND,OWID,Confirmed cases,Cori_slidingWindow,2022-02-02,0.636129666988818,0.6966758947610542,0.5755834392165818,IND
India,IND,OWID,Confirmed cases,Cori_slidingWindow,2022-02-03,0.6244338249417699,0.6882118547034628,0.560655795180077,IND
India,IND,OWID,Confirmed cases,Cori_slidingWindow,2022-02-04,0.6171076608873954,0.6878033112690995,0.5464120105056913,IND
India,IND,OWID,Confirmed cases,Cori_slidingWindow,2022-02-05,0.6157965431994924,0.6915128758850844,0.5400802105139004,IND
India,IND,OWID,Confirmed cases,Cori_slidingWindow,2022-02-06,0.6201545837422822,0.6958178606017061,0.5444913068828582,IND
India,IND,OWID,Confirmed cases,Cori_slidingWindow,2022-02-07,0.6283016458239867,0.6998850509187673,0.5567182407292062,IND
India,IND,OWID,Confirmed cases,Cori_slidingWindow,2022-02-08,0.6385443876704391,0.7056035915983411,0.5714851837425371,IND
India,IND,OWID,Confirmed cases,Cori_slidingWindow,2022-02-09,0.6496967248487081,0.7156364219728603,0.583757027724556,IND
India,IND,OWID,Confirmed cases,Cori_slidingWindow,2022-02-10,0.6600548362517878,0.7282338736319569,0.5918757988716188,IND
India,IND,OWID,Confirmed cases,Cori_slidingWindow,2022-02-11,0.6696448999546444,0.7393309821102773,0.5999588177990115,IND
India,IND,OWID,Confirmed cases,Cori_slidingWindow,2022-02-12,0.6801476206761162,0.7489798788360349,0.6113153625161976,IND
India,IND,OWID,Confirmed cases,Cori_slidingWindow,2022-02-13,0.6921357140525753,0.759275683820475,0.6249957442846757,IND
India,IND,OWID,Confirmed cases,Cori_slidingWindow,2022-02-14,0.7036690673347299,0.7681007376933517,0.639237396976108,IND
India,IND,OWID,Confirmed cases,Cori_slidingWindow,2022-02-15,0.7127918056554858,0.772931600088471,0.6526520112225007,IND
India,IND,OWID,Confirmed cases,Cori_slidingWindow,2022-02-16,0.719242098848045,0.7782245484926347,0.6602596492034554,IND
India,IND,OWID,Confirmed cases,Cori_slidingWindow,2022-02-17,0.7224927401474915,0.7887077511701683,0.6562777291248147,IND
India,IND,OWID,Confirmed cases,Cori_slidingWindow,2022-02-18,0.7228401402313496,0.8018369589536063,0.6438433215090928,IND
India,IND,OWID,Confirmed cases,Cori_slidingWindow,2022-02-19,0.7225412974824785,0.8176989262220129,0.6273836687429442,IND
India,IND,OWID,Confirmed cases,Cori_slidingWindow,2022-02-20,0.723957227718194,0.8407246711428435,0.6071897842935445,IND
India,IND,OWID,Confirmed cases,Cori_slidingWindow,2022-02-21,0.7273458302784394,0.8637563841633036,0.5909352763935751,IND
India,IND,OWID,Confirmed cases,Cori_slidingWindow,2022-02-22,0.7314892829287438,0.8719136590373333,0.5910649068201543,IND
India,IND,OWID,Confirmed cases,Cori_slidingWindow,2022-02-23,0.7352515100348775,0.8629323195230036,0.6075707005467514,IND
India,IND,OWID,Confirmed cases,Cori_slidingWindow,2022-02-24,0.7383188531898446,0.8477307790079522,0.6289069273717369,IND
India,IND,OWID,Confirmed cases,Cori_slidingWindow,2022-02-25,0.7409198835063013,0.8393207874263571,0.6425189795862456,IND
India,IND,OWID,Confirmed cases,Cori_slidingWindow,2022-02-26,0.7451168697923818,0.8466131942448621,0.6436205453399014,IND
India,IND,OWID,Confirmed cases,Cori_slidingWindow,2022-02-27,0.752906905596888,0.8678781679999401,0.6379356431938359,IND
India,IND,OWID,Confirmed cases,Cori_slidingWindow,2022-02-28,0.7635361554711041,0.8896943439030797,0.6373779670391285,IND
India,IND,OWID,Confirmed cases,Cori_slidingWindow,2022-03-01,0.7742055476330194,0.9003426787437631,0.6480684165222758,IND
India,IND,OWID,Confirmed cases,Cori_slidingWindow,2022-03-02,0.7831873741122674,0.9019762903849733,0.6643984578395614,IND
India,IND,OWID,Confirmed cases,Cori_slidingWindow,2022-03-03,0.7909470696901542,0.9074853509780204,0.6744087884022879,IND
India,IND,OWID,Confirmed cases,Cori_slidingWindow,2022-03-04,0.7971047476526602,0.9232483109347686,0.6709611843705517,IND
India,IND,OWID,Confirmed cases,Cori_slidingWindow,2022-03-05,0.801046641060853,0.9421894808798622,0.6599038012418438,IND
India,IND,OWID,Confirmed cases,Cori_slidingWindow,2022-03-06,0.8026703679764292,0.9551299309103239,0.6502108050425345,IND
India,IND,OWID,Confirmed cases,Cori_slidingWindow,2022-03-07,0.8023713399309924,0.9603736759404116,0.6443690039215733,IND
India,IND,OWID,Confirmed cases,Cori_slidingWindow,2022-03-08,0.800641327421144,0.9586451179597872,0.6426375368825008,IND
India,IND,OWID,Confirmed cases,Cori_slidingWindow,2022-03-09,0.7983873772864675,0.9486841602802588,0.6480905942926761,IND
India,IND,OWID,Confirmed cases,Cori_slidingWindow,2022-03-10,0.797206587825371,0.9231184070082842,0.6712947686424579,IND
India,IND,OWID,Confirmed cases,Cori_slidingWindow,2022-03-11,0.7988856769570111,0.8983729524776062,0.699398401436416,IND
India,IND,OWID,Confirmed cases,Cori_slidingWindow,2022-03-12,0.8044039522198881,0.947112033266159,0.6616958711736173,IND
India,IND,OWID,Confirmed cases,Cori_slidingWindow,2022-03-13,0.8135696877784189,0.9921564852539648,0.6349828903028729,IND
India,IND,OWID,Confirmed cases,Cori_slidingWindow,2022-03-14,0.824172876628878,0.9905771176435321,0.6577686356142238,IND
India,IND,OWID,Confirmed cases,Cori_slidingWindow,2022-03-15,0.8336447199555437,0.9747318193486478,0.6925576205624395,IND
India,IND,OWID,Confirmed cases,Cori_slidingWindow,2022-03-16,0.8410573015476667,0.9604704446072454,0.7216441584880879,IND
India,IND,OWID,Confirmed cases,Cori_slidingWindow,2022-03-17,0.8484805268682484,0.9455069467795871,0.7514541069569096,IND
India,IND,OWID,Confirmed cases,Cori_slidingWindow,2022-03-18,0.8583890939499073,0.932491200592996,0.7842869873068186,IND
India,IND,OWID,Confirmed cases,Cori_slidingWindow,2022-03-19,0.8703255496599593,0.9364611126890644,0.8041899866308543,IND
India,IND,OWID,Confirmed cases,Cori_slidingWindow,2022-03-20,0.8815709555354805,0.9550006255275485,0.8081412855434125,IND
India,IND,OWID,Confirmed cases,Cori_slidingWindow,2022-03-21,0.8887434297676247,0.9647470618198929,0.8127397977153564,IND
India,IND,OWID,Confirmed cases,Cori_slidingWindow,2022-03-22,0.8906652891779399,0.9612292536840139,0.8201013246718658,IND
India,IND,OWID,Confirmed cases,Cori_slidingWindow,2022-03-23,0.8884854207361649,0.9525649019418578,0.8244059395304719,IND
India,IND,OWID,Confirmed cases,Cori_slidingWindow,2022-03-24,0.885086131205233,0.9458779030169835,0.8242943593934826,IND
India,IND,OWID,Confirmed cases,Cori_slidingWindow,2022-03-25,0.8837833092510234,0.9437395145399268,0.8238271039621201,IND
India,IND,OWID,Confirmed cases,Cori_slidingWindow,2022-03-26,0.8863929125256086,0.9467495426168896,0.8260362824343276,IND
India,IND,OWID,Confirmed cases,Cori_slidingWindow,2022-03-27,0.8931990762109224,0.95347403177257,0.8329241206492749,IND
India,IND,OWID,Confirmed cases,Cori_slidingWindow,2022-03-28,0.902978013535362,0.9620374753601989,0.8439185517105251,IND
India,IND,OWID,Confirmed cases,Cori_slidingWindow,2022-03-29,0.9136560062965265,0.973087719116969,0.8542242934760841,IND
India,IND,OWID,Confirmed cases,Cori_slidingWindow,2022-03-30,0.9234706276126176,0.9882328563905944,0.8587083988346407,IND
India,IND,OWID,Confirmed cases,Cori_slidingWindow,2022-03-31,0.9317668133882087,1.003230358269831,0.8603032685065863,IND
India,IND,OWID,Confirmed cases,Cori_slidingWindow,2022-04-01,0.9394745627818301,1.012896560711445,0.866052564852215,IND
India,IND,OWID,Confirmed cases,Cori_slidingWindow,2022-04-02,0.9489074127345185,1.0188252982901933,0.8789895271788438,IND
India,IND,OWID,Confirmed cases,Cori_slidingWindow,2022-04-03,0.9651460658106388,1.029129299154454,0.9011628324668235,IND
India,IND,OWID,Confirmed cases,Cori_slidingWindow,2022-04-04,0.9932923564907578,1.0505440444931557,0.9360406684883598,IND
India,IND,OWID,Confirmed cases,Cori_slidingWindow,2022-04-05,1.0342489753641906,1.0853454003258498,0.9831525504025312,IND
India,IND,OWID,Confirmed cases,Cori_slidingWindow,2022-04-06,1.0822141610103304,1.1316628596638367,1.032765462356824,IND
India,IND,OWID,Confirmed cases,Cori_slidingWindow,2022-04-07,1.1297701016602912,1.1850629516840736,1.0744772516365089,IND
India,IND,OWID,Confirmed cases,Cori_slidingWindow,2022-04-08,1.1740720549860875,1.2389684527031373,1.1091756572690377,IND
India,IND,OWID,Confirmed cases,Cori_slidingWindow,2022-04-09,1.2149671941731295,1.2887071021429173,1.1412272862033417,IND
India,IND,OWID,Confirmed cases,Cori_slidingWindow,2022-04-10,1.252675199293015,1.332761689500758,1.172588709085272,IND
India,IND,OWID,Confirmed cases,Cori_slidingWindow,2022-04-11,1.2806692850391685,1.361724065066538,1.199614505011799,IND
India,IND,OWID,Confirmed cases,Cori_slidingWindow,2022-04-12,1.293036263511498,1.3680585622238683,1.2180139647991277,IND
India,IND,OWID,Confirmed cases,Cori_slidingWindow,2022-04-13,1.2916981306846125,1.356907347496313,1.226488913872912,IND
India,IND,OWID,Confirmed cases,Cori_slidingWindow,2022-04-14,1.2834106392860962,1.339070074987747,1.2277512035844453,IND
India,IND,OWID,Confirmed cases,Cori_slidingWindow,2022-04-15,1.2717310553607737,1.3228904314623435,1.2205716792592038,IND
India,IND,OWID,Confirmed cases,Cori_slidingWindow,2022-04-16,1.2553409710768473,1.3138423045953223,1.1968396375583723,IND
India,IND,OWID,Confirmed cases,Cori_slidingWindow,2022-04-17,1.2333341384356,1.310528317332093,1.156139959539107,IND
India,IND,OWID,Confirmed cases,Cori_slidingWindow,2022-04-18,1.2063252677446594,1.301259741851223,1.1113907936380958,IND
India,IND,OWID,Confirmed cases,Cori_slidingWindow,2022-04-19,1.175424111142597,1.2768898509661126,1.0739583713190812,IND
India,IND,OWID,Confirmed cases,Cori_slidingWindow,2022-04-20,1.1431326249124765,1.2388158648852252,1.0474493849397277,IND
India,IND,OWID,Confirmed cases,Cori_slidingWindow,2022-04-21,1.1134640918464962,1.1983171574727023,1.02861102622029,IND
India,IND,OWID,Confirmed cases,Cori_slidingWindow,2022-04-22,1.0900413700645648,1.16559179851176,1.0144909416173695,IND
India,IND,OWID,Confirmed cases,Cori_slidingWindow,2022-04-23,1.0736069434608333,1.141374056777379,1.0058398301442877,IND
India,IND,OWID,Confirmed cases,Cori_slidingWindow,2022-04-24,1.0621964834727178,1.1213807786368426,1.003012188308593,IND
India,IND,OWID,Confirmed cases,Cori_slidingWindow,2022-04-25,1.0519179443488522,1.1031895276530563,1.000646361044648,IND
India,IND,OWID,Confirmed cases,Cori_slidingWindow,2022-04-26,1.0390622841272168,1.0882824813822662,0.9898420868721673,IND
India,IND,OWID,Confirmed cases,Cori_slidingWindow,2022-04-27,1.0225819224934247,1.0749480114499377,0.9702158335369119,IND
India,IND,OWID,Confirmed cases,Cori_slidingWindow,2022-04-28,1.0042816520795392,1.062184203616473,0.9463791005426055,IND
India,IND,OWID,Confirmed cases,Cori_slidingWindow,2022-04-29,0.987253960132143,1.053783230203406,0.9207246900608798,IND
India,IND,OWID,Confirmed cases,Cori_slidingWindow,2022-04-30,0.9726730356600155,1.0500231616371547,0.8953229096828762,IND
India,IND,OWID,Confirmed cases,Cori_slidingWindow,2022-05-01,0.9596008431884622,1.0458456903638285,0.873355996013096,IND
India,IND,OWID,Confirmed cases,Cori_slidingWindow,2022-05-02,0.9459544994609096,1.0370388567271227,0.8548701421946965,IND
India,IND,OWID,Confirmed cases,Cori_slidingWindow,2022-05-03,0.9309707645252058,1.0233723866925513,0.8385691423578603,IND
India,IND,OWID,Confirmed cases,Cori_slidingWindow,2022-05-04,0.9153670601679972,1.0047962067691225,0.8259379135668719,IND
India,IND,OWID,Confirmed cases,Cori_slidingWindow,2022-05-05,0.9004938206023914,0.9823245921017203,0.8186630491030624,IND
India,IND,OWID,Confirmed cases,Cori_slidingWindow,2022-05-06,0.8874104410284129,0.9596431101596969,0.8151777718971289,IND
India,IND,OWID,Confirmed cases,Cori_slidingWindow,2022-05-07,0.8777169557322027,0.94279843901642,0.8126354724479853,IND
India,IND,OWID,Confirmed cases,Cori_slidingWindow,2022-05-08,0.8737834923348813,0.9343501926439556,0.813216792025807,IND
India,IND,OWID,Confirmed cases,Cori_slidingWindow,2022-05-09,0.8767949809971771,0.933065807729811,0.8205241542645433,IND
India,IND,OWID,Confirmed cases,Cori_slidingWindow,2022-05-10,0.8852817640022579,0.9381774474972929,0.8323860805072228,IND
India,IND,OWID,Confirmed cases,Cori_slidingWindow,2022-05-11,0.8970922069401561,0.9516442112784524,0.8425402026018598,IND
India,IND,OWID,Confirmed cases,Cori_slidingWindow,2022-05-12,0.912411850241411,0.9737174751930325,0.8511062252897895,IND
India,IND,OWID,Confirmed cases,Cori_slidingWindow,2022-05-13,0.93292922679141,1.0029573745659184,0.8629010790169015,IND
India,IND,OWID,Confirmed cases,Cori_slidingWindow,2022-05-14,0.9592307663528179,1.0380805163495757,0.8803810163560601,IND
India,IND,OWID,Confirmed cases,Cori_slidingWindow,2022-05-15,0.9889461430025933,1.0747040667427021,0.9031882192624844,IND
India,IND,OWID,Confirmed cases,Cori_slidingWindow,2022-05-16,1.0185890773208415,1.1069416267612964,0.9302365278803866,IND
India,IND,OWID,Confirmed cases,Cori_slidingWindow,2022-05-17,1.0449810713096266,1.1324548746554557,0.9575072679637974,IND
India,IND,OWID,Confirmed cases,Cori_slidingWindow,2022-05-18,1.0673352534407186,1.1517539275619886,0.9829165793194484,IND
India,IND,OWID,Confirmed cases,Cori_slidingWindow,2022-05-19,1.0865885727695808,1.1648134444609932,1.0083637010781683,IND
India,IND,OWID,Confirmed cases,Cori_slidingWindow,2022-05-20,1.1042093412156184,1.1742553536721636,1.0341633287590732,IND
India,IND,OWID,Confirmed cases,Cori_slidingWindow,2022-05-21,1.1210137648336078,1.1882691110677195,1.0537584185994961,IND
India,IND,OWID,Confirmed cases,Cori_slidingWindow,2022-05-22,1.1369364498147538,1.2126217200240679,1.0612511796054398,IND
India,IND,OWID,Confirmed cases,Cori_slidingWindow,2022-05-23,1.1520064710282774,1.23974930856045,1.0642636334961046,IND
India,IND,OWID,Confirmed cases,Cori_slidingWindow,2022-05-24,1.1661615584598355,1.2564316471997843,1.0758914697198867,IND
India,IND,OWID,Confirmed cases,Cori_slidingWindow,2022-05-25,1.179334518759521,1.2610781815822911,1.0975908559367509,IND
India,IND,OWID,Confirmed cases,Cori_slidingWindow,2022-05-26,1.1948585910263867,1.2688773565585525,1.120839825494221,IND
India,IND,OWID,Confirmed cases,Cori_slidingWindow,2022-05-27,1.2160149954186266,1.2902314129299424,1.1417985779073108,IND
India,IND,OWID,Confirmed cases,Cori_slidingWindow,2022-05-28,1.241498196763137,1.3193724954749537,1.1636238980513205,IND
India,IND,OWID,Confirmed cases,Cori_slidingWindow,2022-05-29,1.2634265828759803,1.3436662090956633,1.1831869566562974,IND
India,IND,OWID,Confirmed cases,Cori_slidingWindow,2022-05-30,1.2751743822871813,1.3561659407916633,1.1941828237826992,IND
India,IND,OWID,Confirmed cases,Cori_slidingWindow,2022-05-31,1.277056721916292,1.3586812954190395,1.1954321484135446,IND
India,IND,OWID,Confirmed cases,Cori_slidingWindow,2022-06-01,1.2739398233731742,1.3574581827077665,1.190421464038582,IND
India,IND,OWID,Confirmed cases,Cori_slidingWindow,2022-06-02,1.2709116814512953,1.3543121285537298,1.1875112343488607,IND
India,IND,OWID,Confirmed cases,Cori_slidingWindow,2022-06-03,1.2697762401074277,1.3483729313450898,1.1911795488697656,IND
India,IND,OWID,Confirmed cases,Cori_slidingWindow,2022-06-04,1.2696328102931655,1.3474778886449261,1.191787731941405,IND
India,IND,OWID,Confirmed cases,Cori_slidingWindow,2022-06-05,1.2676642703458911,1.3606879486930776,1.1746405919987046,IND
India,IND,OWID,Confirmed cases,Cori_slidingWindow,2022-06-06,1.259282968299773,1.3703923223493475,1.1481736142501986,IND
India,IND,OWID,Confirmed cases,Cori_slidingWindow,2022-06-07,1.2420936475689592,1.357625464732803,1.1265618304051155,IND
India,IND,OWID,Confirmed cases,Cori_slidingWindow,2022-06-08,1.2180916718909836,1.32362855188549,1.112554791896477,IND
India,IND,OWID,Confirmed cases,Cori_slidingWindow,2022-06-09,1.1930870111009466,1.285412606933594,1.1007614152682992,IND
India,IND,OWID,Confirmed cases,Cori_slidingWindow,2022-06-10,1.1721113512192913,1.2567976106716232,1.0874250917669595,IND
India,IND,OWID,Confirmed cases,Cori_slidingWindow,2022-06-11,1.1558354656408312,1.239942587414044,1.0717283438676184,IND
India,IND,OWID,Confirmed cases,Cori_slidingWindow,2022-06-12,1.1423410758832437,1.2321664194427506,1.0525157323237369,IND
India,IND,OWID,Confirmed cases,Cori_slidingWindow,2022-06-13,1.1292542123580127,1.2262995865235067,1.0322088381925187,IND
India,IND,OWID,Confirmed cases,Cori_slidingWindow,2022-06-14,1.1159010615164018,1.2143090408679114,1.0174930821648922,IND
India,IND,OWID,Confirmed cases,Cori_slidingWindow,2022-06-15,1.102614476730377,1.1945791863234494,1.0106497671373045,IND
India,IND,OWID,Confirmed cases,Cori_slidingWindow,2022-06-16,1.090302319932267,1.1739040617337717,1.0067005781307623,IND
India,IND,OWID,Confirmed cases,Cori_slidingWindow,2022-06-17,1.0799853117846718,1.1599740484823278,0.999996575087016,IND
India,IND,OWID,Confirmed cases,Cori_slidingWindow,2022-06-18,1.0723359071807523,1.1529423807687624,0.9917294335927423,IND
India,IND,OWID,Confirmed cases,Cori_slidingWindow,2022-06-19,1.067128048597189,1.1489524655931715,0.9853036316012065,IND
India,IND,OWID,Confirmed cases,Cori_slidingWindow,2022-06-20,1.063153117039983,1.1456249207665827,0.9806813133133833,IND
India,IND,OWID,Confirmed cases,Cori_slidingWindow,2022-06-21,1.059026717095271,1.1427455368235564,0.9753078973669855,IND
India,IND,OWID,Confirmed cases,Cori_slidingWindow,2022-06-22,1.0542207894789053,1.1383862794430706,0.9700552995147401,IND
India,IND,OWID,Confirmed cases,Cori_slidingWindow,2022-06-23,1.0491204530128793,1.1317921805805415,0.9664487254452169,IND
India,IND,OWID,Confirmed cases,Cori_slidingWindow,2022-06-24,1.044761312486346,1.126251404905993,0.963271220066699,IND
India,IND,OWID,Confirmed cases,Cori_slidingWindow,2022-06-25,1.0420421929993966,1.124596015429517,0.9594883705692763,IND
India,IND,OWID,Confirmed cases,Cori_slidingWindow,2022-06-26,1.0407041853713899,1.1253023071970172,0.9561060635457626,IND
India,IND,OWID,Confirmed cases,Cori_slidingWindow,2022-06-27,1.0392816127927187,1.1272703320143682,0.9512928935710693,IND
India,IND,OWID,Confirmed cases,Cori_slidingWindow,2022-06-28,1.0361208957731465,1.1272744912905308,0.9449673002557621,IND
India,IND,OWID,Confirmed cases,Cori_slidingWindow,2022-06-29,1.0312639415301408,1.1198191968012912,0.9427086862589904,IND
India,IND,OWID,Confirmed cases,Cori_slidingWindow,2022-06-30,1.026277344852904,1.1056034244563526,0.9469512652494553,IND
India,IND,OWID,Confirmed cases,Cori_slidingWindow,2022-07-01,1.0233594735605471,1.0940808020840962,0.9526381450369981,IND
India,IND,OWID,Confirmed cases,Cori_slidingWindow,2022-07-02,1.023652124793574,1.0928216145673044,0.9544826350198434,IND
India,IND,OWID,Confirmed cases,Cori_slidingWindow,2022-07-03,1.0266558577908538,1.0975386092315194,0.9557731063501881,IND
India,IND,OWID,Confirmed cases,Cori_slidingWindow,2022-07-04,1.0306396916110652,1.1003770736676008,0.9609023095545295,IND
India,IND,OWID,Confirmed cases,Cori_slidingWindow,2022-07-05,1.0334251732758186,1.1001705933113384,0.9666797532402989,IND
India,IND,OWID,Confirmed cases,Cori_slidingWindow,2022-07-06,1.0342359863519273,1.1029962933859516,0.9654756793179028,IND
India,IND,OWID,Confirmed cases,Cori_slidingWindow,2022-07-07,1.0338826341075809,1.107578550938336,0.9601867172768257,IND
India,IND,OWID,Confirmed cases,Cori_slidingWindow,2022-07-08,1.0339020085684993,1.108328308961298,0.9594757081757005,IND
India,IND,OWID,Confirmed cases,Cori_slidingWindow,2022-07-09,1.0355409937419884,1.1193320344672149,0.951749953016762,IND
India,IND,OWID,Confirmed cases,Cori_slidingWindow,2022-07-10,1.0374272703601795,1.173005319539076,0.901849221181283,IND
India,IND,OWID,Confirmed cases,Cori_slidingWindow,2022-07-11,1.0369251688208276,1.2331385855594723,0.840711752082183,IND
India,IND,OWID,Confirmed cases,Cori_slidingWindow,2022-07-12,1.0323687867725428,1.2380043316792468,0.8267332418658389,IND
India,IND,OWID,Confirmed cases,Cori_slidingWindow,2022-07-13,1.0247561129636324,1.188908899797953,0.8606033261293119,IND
India,IND,OWID,Confirmed cases,Cori_slidingWindow,2022-07-14,1.016445244689692,1.1296444278502993,0.9032460615290848,IND
India,IND,OWID,Confirmed cases,Cori_slidingWindow,2022-07-15,1.0087437033873834,1.091285361887415,0.9262020448873519,IND
India,IND,OWID,Confirmed cases,Cori_slidingWindow,2022-07-16,1.002068462461422,1.0766481207443046,0.9274888041785395,IND
India,IND,OWID,Confirmed cases,Cori_slidingWindow,2022-07-17,0.9961913373779644,1.0724808343695056,0.9199018403864231,IND
India,IND,OWID,Confirmed cases,Cori_slidingWindow,2022-07-18,0.9906178954527005,1.068028013317537,0.913207777587864,IND
India,IND,OWID,Confirmed cases,Cori_slidingWindow,2022-07-19,0.9848794201583115,1.0597358161561652,0.9100230241604579,IND
India,IND,OWID,Confirmed cases,Cori_slidingWindow,2022-07-20,0.9789749583383974,1.0507970750623914,0.9071528416144036,IND
India,IND,OWID,Confirmed cases,Cori_slidingWindow,2022-07-21,0.9742464569686928,1.05027403117864,0.8982188827587457,IND
India,IND,OWID,Confirmed cases,Cori_slidingWindow,2022-07-22,0.9724471249072526,1.0646906539769012,0.880203595837604,IND
India,IND,OWID,Confirmed cases,Cori_slidingWindow,2022-07-23,0.9744236126163893,1.0910989626105152,0.8577482626222634,IND
India,IND,OWID,Confirmed cases,Cori_slidingWindow,2022-07-24,0.9791971216944618,1.119094135085502,0.8393001083034217,IND
India,IND,OWID,Confirmed cases,Cori_slidingWindow,2022-07-25,0.9836386309144208,1.136910650948173,0.8303666108806687,IND
India,IND,OWID,Confirmed cases,Cori_slidingWindow,2022-07-26,0.9848841240397883,1.1333492349942298,0.8364190130853468,IND
India,IND,OWID,Confirmed cases,Cori_slidingWindow,2022-07-27,0.9818919649577855,1.0990355900462156,0.8647483398693553,IND
India,IND,OWID,Confirmed cases,Cori_slidingWindow,2022-07-28,0.9762459453781652,1.0514306678843985,0.9010612228719319,IND
India,IND,OWID,Confirmed cases,Cori_slidingWindow,2022-07-29,0.9705685583005413,1.0694744464805357,0.871662670120547,IND
India,IND,OWID,Confirmed cases,Cori_slidingWindow,2022-07-30,0.9658296563943306,1.0809987521893687,0.8506605605992926,IND
India,IND,OWID,Confirmed cases,Cori_slidingWindow,2022-07-31,0.9612992086518185,1.0544002411308748,0.8681981761727622,IND
India,IND,OWID,Confirmed cases,Cori_slidingWindow,2022-08-01,0.954962079215891,1.0238022874767723,0.8861218709550099,IND
India,IND,OWID,Confirmed cases,Cori_slidingWindow,2022-08-02,0.9454138087868827,1.004967215839782,0.8858604017339835,IND
India,IND,OWID,Confirmed cases,Cori_slidingWindow,2022-08-03,0.9330047922362826,0.9894108439514946,0.8765987405210707,IND
India,IND,OWID,Confirmed cases,Cori_slidingWindow,2022-08-04,0.9195494838762647,0.9734608923879411,0.8656380753645883,IND
India,IND,OWID,Confirmed cases,Cori_slidingWindow,2022-08-05,0.9075852228511464,0.961387414104926,0.8537830315973668,IND
India,IND,OWID,Confirmed cases,Cori_slidingWindow,2022-08-06,0.8994041531065535,0.9567215391195818,0.8420867670935253,IND
India,IND,OWID,Confirmed cases,Cori_slidingWindow,2022-08-07,0.8962494235569985,0.9575433714268619,0.8349554756871352,IND
India,IND,OWID,Confirmed cases,Cori_slidingWindow,2022-08-08,0.8975177119491672,0.9605707979998718,0.8344646258984626,IND
India,IND,OWID,Confirmed cases,Cori_slidingWindow,2022-08-09,0.9006088774148108,0.9643705778649547,0.8368471769646668,IND
India,IND,OWID,Confirmed cases,Cori_slidingWindow,2022-08-10,0.9025161734099112,0.9676206849817528,0.8374116618380696,IND
India,IND,OWID,Confirmed cases,Cori_slidingWindow,2022-08-11,0.9024462523054979,0.9679584226140588,0.836934081996937,IND
India,IND,OWID,Confirmed cases,Cori_slidingWindow,2022-08-12,0.9024605669465987,0.966090678800604,0.8388304550925935,IND
India,IND,OWID,Confirmed cases,Cori_slidingWindow,2022-08-13,0.9050546277013233,0.9658785114759052,0.8442307439267414,IND
India,IND,OWID,Confirmed cases,Cori_slidingWindow,2022-08-14,0.9096606719125765,0.9684590309642851,0.8508623128608679,IND
India,IND,OWID,Confirmed cases,Cori_slidingWindow,2022-08-15,0.9133536988955773,0.9712175977972197,0.8554897999939348,IND
India,IND,OWID,Confirmed cases,Cori_slidingWindow,2022-08-16,0.9129799107756541,0.9727344933036723,0.8532253282476359,IND
India,IND,OWID,Confirmed cases,Cori_slidingWindow,2022-08-17,0.9076965150194216,0.9737087242231157,0.8416843058157275,IND
India,IND,OWID,Confirmed cases,Cori_slidingWindow,2022-08-18,0.8983344591810042,0.9717882267846333,0.8248806915773751,IND
India,IND,OWID,Confirmed cases,Cori_slidingWindow,2022-08-19,0.8870635977215524,0.965691590270116,0.8084356051729888,IND
India,IND,OWID,Confirmed cases,Cori_slidingWindow,2022-08-20,0.8765571779725547,0.9573227770823145,0.795791578862795,IND
India,IND,OWID,Confirmed cases,Cori_slidingWindow,2022-08-21,0.8686468969675152,0.9487947698780734,0.7884990240569569,IND
India,IND,OWID,Confirmed cases,Cori_slidingWindow,2022-08-22,0.8640551712912451,0.9398407901346959,0.7882695524477943,IND
India,IND,OWID,Confirmed cases,Cori_slidingWindow,2022-08-23,0.8621996165258491,0.9303801716225075,0.7940190614291907,IND
India,IND,OWID,Confirmed cases,Cori_slidingWindow,2022-08-24,0.8615355915755156,0.9215608376111053,0.801510345539926,IND
India,IND,OWID,Confirmed cases,Cori_slidingWindow,2022-08-25,0.861200868071419,0.9172116242956758,0.8051901118471623,IND
India,IND,OWID,Confirmed cases,Cori_slidingWindow,2022-08-26,0.8620304208121157,0.9206771655728374,0.8033836760513939,IND
India,IND,OWID,Confirmed cases,Cori_slidingWindow,2022-08-27,0.86625254644838,0.9326991096149679,0.7998059832817921,IND
India,IND,OWID,Confirmed cases,Cori_slidingWindow,2022-08-28,0.8751937131448804,0.9506442967304523,0.7997431295593085,IND
India,IND,OWID,Confirmed cases,Cori_slidingWindow,2022-08-29,0.8876089179270241,0.9688656345579273,0.806352201296121,IND
India,IND,OWID,Confirmed cases,Cori_slidingWindow,2022-08-30,0.901212499815765,0.9822914095786973,0.8201335900528327,IND
India,IND,OWID,Confirmed cases,Cori_slidingWindow,2022-08-31,0.9142040104016875,0.9904056387282862,0.8380023820750888,IND
India,IND,OWID,Confirmed cases,Cori_slidingWindow,2022-09-01,0.9267256562464228,0.9968557353067327,0.8565955771861129,IND
India,IND,OWID,Confirmed cases,Cori_slidingWindow,2022-09-02,0.9395673130925246,1.003523325369415,0.8756113008156343,IND
India,IND,OWID,Confirmed cases,Cori_slidingWindow,2022-09-03,0.9534735020481596,1.0112525431483514,0.8956944609479677,IND
India,IND,OWID,Confirmed cases,Cori_slidingWindow,2022-09-04,0.9683445231380055,1.022425767659691,0.9142632786163198,IND
India,IND,OWID,Confirmed cases,Cori_slidingWindow,2022-09-05,0.9814391420080663,1.036644461314836,0.9262338227012965,IND
India,IND,OWID,Confirmed cases,Cori_slidingWindow,2022-09-06,0.9894549829687831,1.0473252723932263,0.9315846935443398,IND
India,IND,OWID,Confirmed cases,Cori_slidingWindow,2022-09-07,0.9911534326675564,1.0508031907932165,0.9315036745418964,IND
India,IND,OWID,Confirmed cases,Cori_slidingWindow,2022-09-08,0.9889356392939405,1.0514368100874034,0.9264344685004776,IND
India,IND,OWID,Confirmed cases,Cori_slidingWindow,2022-09-09,0.9866085931559359,1.0548612824865526,0.918355903825319,IND
India,IND,OWID,Confirmed cases,Cori_slidingWindow,2022-09-10,0.9850910593494391,1.0604513403871563,0.909730778311722,IND
India,IND,OWID,Confirmed cases,Cori_slidingWindow,2022-09-11,0.982642050642147,1.0647443933919225,0.9005397078923716,IND
India,IND,OWID,Confirmed cases,Cori_slidingWindow,2022-09-12,0.9765535759819305,1.0627007236658719,0.8904064282979892,IND
India,IND,OWID,Confirmed cases,Cori_slidingWindow,2022-09-13,0.9661698175422795,1.0510598264428574,0.8812798086417015,IND
India,IND,OWID,Confirmed cases,Cori_slidingWindow,2022-09-14,0.9526897199551478,1.0300987861857214,0.8752806537245743,IND
India,IND,OWID,Confirmed cases,Cori_slidingWindow,2022-09-15,0.9383880796366816,1.00532489827695,0.8714512609964131,IND
India,IND,OWID,Confirmed cases,Cori_slidingWindow,2022-09-16,0.9255289030097217,0.9851779737109198,0.8658798323085236,IND
India,IND,OWID,Confirmed cases,Cori_slidingWindow,2022-09-17,0.9155786904801071,0.9737777391686223,0.8573796417915919,IND
India,IND,OWID,Confirmed cases,Cori_slidingWindow,2022-09-18,0.90839658391014,0.9677951264534543,0.8489980413668257,IND
India,IND,OWID,Confirmed cases,Cori_slidingWindow,2022-09-19,0.9019489907087401,0.9619041047228972,0.841993876694583,IND
India,IND,OWID,Confirmed cases,Cori_slidingWindow,2022-09-20,0.8936570669635677,0.9550031152471978,0.8323110186799376,IND
India,IND,OWID,Confirmed cases,Cori_slidingWindow,2022-09-21,0.882304786004217,0.9468288826502047,0.8177806893582293,IND
India,IND,OWID,Confirmed cases,Cori_slidingWindow,2022-09-22,0.868464386714922,0.9357273004912013,0.8012014729386426,IND
India,IND,OWID,Confirmed cases,Cori_slidingWindow,2022-09-23,0.8543253466696378,0.9224481854140641,0.7862025079252114,IND
India,IND,OWID,Confirmed cases,Cori_slidingWindow,2022-09-24,0.8436948413459558,0.9133528142152605,0.7740368684766512,IND
India,IND,OWID,Confirmed cases,Cori_slidingWindow,2022-09-25,0.8394378977755076,0.9123361515950563,0.7665396439559589,IND
India,IND,OWID,Confirmed cases,Cori_slidingWindow,2022-09-26,0.8408786867205669,0.9175379448155632,0.7642194286255706,IND
India,IND,OWID,Confirmed cases,Cori_slidingWindow,2022-09-27,0.8447126167498202,0.9247725603787535,0.7646526731208869,IND
India,IND,OWID,Confirmed cases,Cori_slidingWindow,2022-09-28,0.8497349254408908,0.9315335047229765,0.7679363461588051,IND
India,IND,OWID,Confirmed cases,Cori_slidingWindow,2022-09-29,0.8581964173408118,0.9377470903614714,0.7786457443201521,IND
India,IND,OWID,Confirmed cases,Cori_slidingWindow,2022-09-30,0.8731073258812122,0.9471543408037003,0.7990603109587241,IND
India,IND,OWID,Confirmed cases,Cori_slidingWindow,2022-10-01,0.893558739968718,0.9635516215067135,0.8235658584307226,IND
India,IND,OWID,Confirmed cases,Cori_slidingWindow,2022-10-02,0.9161446706070139,0.9842874602392983,0.8480018809747295,IND
India,IND,OWID,Confirmed cases,Cori_slidingWindow,2022-10-03,0.937103803594229,1.003883355605573,0.8703242515828847,IND
India,IND,OWID,Confirmed cases,Cori_slidingWindow,2022-10-04,0.9546437637992828,1.0229677005234654,0.8863198270751003,IND
India,IND,OWID,Confirmed cases,Cori_slidingWindow,2022-10-05,0.9683221305484427,1.0423021818932388,0.8943420792036468,IND
India,IND,OWID,Confirmed cases,Cori_slidingWindow,2022-10-06,0.9766183531448697,1.0552999719524623,0.8979367343372769,IND
India,IND,OWID,Confirmed cases,Cori_slidingWindow,2022-10-07,0.9784295977348608,1.0587064268218263,0.8981527686478953,IND
India,IND,OWID,Confirmed cases,Cori_slidingWindow,2022-10-08,0.9740331396258954,1.0553665412766295,0.8926997379751613,IND
India,IND,OWID,Confirmed cases,Cori_slidingWindow,2022-10-09,0.9642395296647118,1.0471115765297418,0.8813674827996818,IND
India,IND,OWID,Confirmed cases,Cori_slidingWindow,2022-10-10,0.9492881600391633,1.0299709195162667,0.8686054005620597,IND
India,IND,OWID,Confirmed cases,Cori_slidingWindow,2022-10-11,0.9296044091618314,1.0040506807892453,0.8551581375344176,IND
India,IND,OWID,Confirmed cases,Cori_slidingWindow,2022-10-12,0.9076047213640582,0.978569618382052,0.8366398243460644,IND
India,IND,OWID,Confirmed cases,Cori_slidingWindow,2022-10-13,0.887130314907165,0.9596539132437952,0.8146067165705347,IND
India,IND,OWID,Confirmed cases,Cori_slidingWindow,2022-10-14,0.8713736310706265,0.9445329328756472,0.7982143292656058,IND
India,IND,OWID,Confirmed cases,Cori_slidingWindow,2022-10-15,0.8617349024010262,0.9348009000159685,0.788668904786084,IND
India,IND,OWID,Confirmed cases,Cori_slidingWindow,2022-10-16,0.8585321760976513,0.9360542791861399,0.7810100730091627,IND
India,IND,OWID,Confirmed cases,Cori_slidingWindow,2022-10-17,0.8619579016251842,0.9462880227886737,0.7776277804616946,IND
India,IND,OWID,Confirmed cases,Cori_slidingWindow,2022-10-18,0.8711005223639824,0.9597432428071753,0.7824578019207895,IND
India,IND,OWID,Confirmed cases,Cori_slidingWindow,2022-10-19,0.8833952208793646,0.9738033852370622,0.792987056521667,IND
India,IND,OWID,Confirmed cases,Cori_slidingWindow,2022-10-20,0.8949661159550205,0.9866496168590014,0.8032826150510396,IND
India,IND,OWID,Confirmed cases,Cori_slidingWindow,2022-10-21,0.9033029598505209,0.9953575570095136,0.8112483626915282,IND
India,IND,OWID,Confirmed cases,Cori_slidingWindow,2022-10-22,0.9087007705520829,0.9990659389364974,0.8183356021676683,IND
India,IND,OWID,Confirmed cases,Cori_slidingWindow,2022-10-23,0.9146241854697993,1.0010474870349295,0.8282008839046691,IND
India,IND,OWID,Confirmed cases,Cori_slidingWindow,2022-10-24,0.9235711852706598,1.004893704216813,0.8422486663245068,IND
India,IND,OWID,Confirmed cases,Cori_slidingWindow,2022-10-25,0.9324397754920738,1.0070003748378684,0.8578791761462792,IND
India,IND,OWID,Confirmed cases,Cori_slidingWindow,2022-10-26,0.9336768498120857,1.00234849493267,0.8650052046915014,IND
India,IND,OWID,Confirmed cases,Cori_slidingWindow,2022-10-27,0.9229412328171404,0.992083262644752,0.8537992029895287,IND
India,IND,OWID,Confirmed cases,Cori_slidingWindow,2022-10-28,0.9040615935338585,0.980067552035095,0.828055635032622,IND
India,IND,OWID,Confirmed cases,Cori_slidingWindow,2022-10-29,0.883470307477541,0.9662213520595564,0.8007192628955255,IND
India,IND,OWID,Confirmed cases,Cori_slidingWindow,2022-10-30,0.8654709133691838,0.9503202714895714,0.7806215552487962,IND
India,IND,OWID,Confirmed cases,Cori_slidingWindow,2022-10-31,0.8494938142019162,0.9334825466076377,0.7655050817961946,IND
India,IND,OWID,Confirmed cases,Cori_slidingWindow,2022-11-01,0.8345799071811942,0.9167274755079791,0.7524323388544094,IND
India,IND,OWID,Confirmed cases,Cori_slidingWindow,2022-11-02,0.820021895008382,0.9002137431122252,0.7398300469045387,IND
India,IND,OWID,Confirmed cases,Cori_slidingWindow,2022-11-03,0.8063902914555285,0.885240429734334,0.727540153176723,IND
India,IND,OWID,Confirmed cases,Cori_slidingWindow,2022-11-04,0.7967185014997233,0.8775221626919962,0.7159148403074505,IND
India,IND,OWID,Confirmed cases,Cori_slidingWindow,2022-11-05,0.7939382408121731,0.883038024791625,0.7048384568327213,IND
India,IND,OWID,Confirmed cases,Cori_slidingWindow,2022-11-06,0.7988221756014829,0.9025805545542642,0.6950637966487017,IND
India,IND,OWID,Confirmed cases,Cori_slidingWindow,2022-11-07,0.8079839650020011,0.9284942985187772,0.687473631485225,IND
India,IND,OWID,Confirmed cases,Cori_slidingWindow,2022-11-08,0.8153167946196017,0.9457525218787395,0.684881067360464,IND
India,IND,OWID,Confirmed cases,Cori_slidingWindow,2022-11-09,0.8181044309683873,0.9449265024296115,0.691282359507163,IND
India,IND,OWID,Confirmed cases,Cori_slidingWindow,2022-11-10,0.8195832438972985,0.9324168968385161,0.7067495909560809,IND
India,IND,OWID,Confirmed cases,Cori_slidingWindow,2022-11-11,0.8258955677630293,0.9230590342618968,0.7287321012641618,IND
India,IND,OWID,Confirmed cases,Cori_slidingWindow,2022-11-12,0.8386890388242118,0.9256433659550052,0.7517347116934183,IND
India,IND,OWID,Confirmed cases,Cori_slidingWindow,2022-11-13,0.8545785664634581,0.9381034818886161,0.7710536510383,IND
India,IND,OWID,Confirmed cases,Cori_slidingWindow,2022-11-14,0.8684516057939922,0.9521459977145392,0.7847572138734451,IND
India,IND,OWID,Confirmed cases,Cori_slidingWindow,2022-11-15,0.8772402396422894,0.9644664415765039,0.7900140377080749,IND
India,IND,OWID,Confirmed cases,Cori_slidingWindow,2022-11-16,0.8790478724869099,0.9716230137351162,0.7864727312387035,IND
India,IND,OWID,Confirmed cases,Cori_slidingWindow,2022-11-17,0.8745259087282823,0.971944298658735,0.7771075187978296,IND
India,IND,OWID,Confirmed cases,Cori_slidingWindow,2022-11-18,0.8672239515671982,0.9691731677376829,0.7652747353967135,IND
India,IND,OWID,Confirmed cases,Cori_slidingWindow,2022-11-19,0.8609849679198603,0.9674731021401708,0.7544968336995499,IND
India,IND,OWID,Confirmed cases,Cori_slidingWindow,2022-11-20,0.8577658888908442,0.9664359634807105,0.7490958143009778,IND
India,IND,OWID,Confirmed cases,Cori_slidingWindow,2022-11-21,0.8573915387914752,0.9639929664938814,0.750790111089069,IND
India,IND,OWID,Confirmed cases,Cori_slidingWindow,2022-11-22,0.8581792582736874,0.9582145310618755,0.7581439854854992,IND
India,IND,OWID,Confirmed cases,Cori_slidingWindow,2022-11-23,0.8591949605597416,0.94932707221333,0.7690628489061533,IND
India,IND,OWID,Confirmed cases,Cori_slidingWindow,2022-11-24,0.8607082099397778,0.9392147026751101,0.7822017172044455,IND
India,IND,OWID,Confirmed cases,Cori_slidingWindow,2022-11-25,0.8636636795135875,0.9323009752255254,0.7950263838016496,IND
India,IND,OWID,Confirmed cases,Cori_slidingWindow,2022-11-26,0.8683945755569623,0.9341255508613586,0.8028949599141545,IND
India,IND,OWID,Confirmed cases,Cori_slidingWindow,2022-11-27,0.8739964916735651,0.9427893085689212,0.805203674778209,IND
India,IND,OWID,Confirmed cases,Cori_slidingWindow,2022-11-28,0.8794499796182119,0.9521904660533546,0.8067094931830693,IND
India,IND,OWID,Confirmed cases,Cori_slidingWindow,2022-11-29,0.8838530381342421,0.9593030150146757,0.8084030612538085,IND
India,IND,OWID,Confirmed cases,Cori_slidingWindow,2022-11-30,0.88691510229405,0.9657524235196548,0.8080777810684452,IND
India,IND,OWID,Confirmed cases,Cori_slidingWindow,2022-12-01,0.8890566748203129,0.9707266478330858,0.80738670180754,IND
India,IND,OWID,Confirmed cases,Cori_slidingWindow,2022-12-02,0.8912812458216445,0.9742824201560218,0.8082800714872671,IND
India,IND,OWID,Confirmed cases,Cori_slidingWindow,2022-12-03,0.8947036786325906,0.9799607049471488,0.8094466523180324,IND
India,IND,OWID,Confirmed cases,Cori_slidingWindow,2022-12-04,0.8994952300481227,0.9894681577577343,0.8095223023385111,IND
India,IND,OWID,Confirmed cases,Cori_slidingWindow,2022-12-05,0.9048532587582857,0.9980855540076303,0.8116209635089411,IND
India,IND,OWID,Confirmed cases,Cori_slidingWindow,2022-12-06,0.9095696929596887,1.000807494268081,0.8183318916512965,IND
India,IND,OWID,Confirmed cases,Cori_slidingWindow,2022-12-07,0.9128270796939151,0.9977426342535152,0.827911525134315,IND
India,IND,OWID,Confirmed cases,Cori_slidingWindow,2022-12-08,0.9162938652278566,1.0008935697352506,0.8353806940652773,IND
India,IND,OWID,Confirmed cases,Cori_slidingWindow,2022-12-09,0.9235073139238569,1.0096678812560889,0.8411390194813277,IND
India,IND,OWID,Confirmed cases,Cori_slidingWindow,2022-12-10,0.9378145499255082,1.0257859575678634,0.853735279947112,IND
India,IND,OWID,Confirmed cases,Cori_slidingWindow,2022-12-11,0.959757495555206,1.0497046535878567,0.8737863939132458,IND
India,IND,OWID,Confirmed cases,Cori_slidingWindow,2022-12-12,0.9868752235438762,1.0787111674142902,0.8990714008442111,IND
India,IND,OWID,Confirmed cases,Cori_slidingWindow,2022-12-13,1.0162278966430456,1.1096204872187798,0.9268869737026182,IND
India,IND,OWID,Confirmed cases,Cori_slidingWindow,2022-12-14,1.0450405154273072,1.1394757314180148,0.9546365553340423,IND
India,IND,OWID,Confirmed cases,Cori_slidingWindow,2022-12-15,1.0705936678074333,1.1654387460622495,0.9797210876032731,IND
India,IND,OWID,Confirmed cases,Cori_slidingWindow,2022-12-16,1.0908746821667366,1.1854700310695854,0.9976141096623852,IND
India,IND,OWID,Confirmed cases,Cori_slidingWindow,2022-12-17,1.1056797734559929,1.2022482451510388,1.009111301760947,IND
India,IND,OWID,Confirmed cases,Cori_slidingWindow,2022-12-18,1.1165114357212251,1.2133899258694558,1.0196329455729944,IND
India,IND,OWID,Confirmed cases,Cori_slidingWindow,2022-12-19,1.1213424101445244,1.2148333743315636,1.0278514459574852,IND
India,IND,OWID,Confirmed cases,Cori_slidingWindow,2022-12-20,1.1157084330867006,1.2046431333429355,1.0301390498251355,IND
India,IND,OWID,Confirmed cases,Cori_slidingWindow,2022-12-21,1.0980216352347223,1.1845554866408112,1.0147265271095955,IND
India,IND,OWID,Confirmed cases,Cori_slidingWindow,2022-12-22,1.072006924797685,1.1561080109728106,0.9910397927849469,IND
India,IND,OWID,Confirmed cases,Cori_slidingWindow,2022-12-23,1.045155766627228,1.1271873880129284,0.9661823141559718,IND
India,IND,OWID,Confirmed cases,Cori_slidingWindow,2022-12-24,1.021541372939339,1.1020229720345744,0.9440710978650845,IND
India,IND,OWID,Confirmed cases,Cori_slidingWindow,2022-12-25,1.000855164813386,1.0802341603676457,0.924465365900433,IND
India,IND,OWID,Confirmed cases,Cori_slidingWindow,2022-12-26,0.9809744509818449,1.0595608936849035,0.9053760846193559,IND
India,IND,OWID,Confirmed cases,Cori_slidingWindow,2022-12-27,0.9619444362159303,1.0400284888690656,0.8867031043532991,IND
India,IND,OWID,Confirmed cases,Cori_slidingWindow,2022-12-28,0.9458469931996437,1.0237910413472824,0.8709483078195573,IND
India,IND,OWID,Confirmed cases,Cori_slidingWindow,2022-12-29,0.9341457800348468,1.012341782627631,0.8590513926300415,IND
India,IND,OWID,Confirmed cases,Cori_slidingWindow,2022-12-30,0.9262367141789636,1.005002848459848,0.8506425172179936,IND
India,IND,OWID,Confirmed cases,Cori_slidingWindow,2022-12-31,0.9213782615541883,1.0009563317497774,0.8450529425398036,IND
India,IND,OWID,Confirmed cases,Cori_slidingWindow,2023-01-01,0.9185471449141324,0.9991000046610312,0.8413354481532231,IND
India,IND,OWID,Confirmed cases,Cori_slidingWindow,2023-01-02,0.9164104966417889,0.9980189069373393,0.8382372440653136,IND
India,IND,OWID,Confirmed cases,Cori_slidingWindow,2023-01-03,0.9138448340245039,0.9965314080471298,0.8346923679121687,IND
India,IND,OWID,Confirmed cases,Cori_slidingWindow,2023-01-04,0.9102497249585485,0.9940165566022898,0.8301216990067151,IND
India,IND,OWID,Confirmed cases,Cori_slidingWindow,2023-01-05,0.9057425059847142,0.9906125556926625,0.8246234521268403,IND
India,IND,OWID,Confirmed cases,Cori_slidingWindow,2023-01-06,0.9010430803815467,0.9870885930515684,0.8188701234907882,IND
India,IND,OWID,Confirmed cases,Cori_slidingWindow,2023-01-07,0.8982873959225105,0.9856898268145965,0.8148895852329648,IND
India,IND,OWID,Confirmed cases,Cori_slidingWindow,2023-01-08,0.899225283634007,0.9882331824317707,0.8143629636326672,IND
India,IND,OWID,Confirmed cases,Cori_slidingWindow,2023-01-09,0.902992106537562,0.9937649210395939,0.8165099088195165,IND
India,IND,OWID,Confirmed cases,Cori_slidingWindow,2023-01-10,0.9057179622863614,0.9981769004743064,0.8176939800175497,IND
India,IND,OWID,Confirmed cases,Cori_slidingWindow,2023-01-11,0.9050123661656237,0.9989611446290435,0.8156426040947634,IND
India,IND,OWID,Confirmed cases,Cori_slidingWindow,2023-01-12,0.9027186635949372,0.9981036433843693,0.8120617881030674,IND
India,IND,OWID,Confirmed cases,Cori_slidingWindow,2023-01-13,0.9037124058527923,1.0007686750112559,0.8115421637659317,IND
India,IND,OWID,Confirmed cases,Cori_slidingWindow,2023-01-14,0.9106378084305141,1.0097045149588633,0.8166197570854047,IND
India,IND,OWID,Confirmed cases,Cori_slidingWindow,2023-01-15,0.9216526484248924,1.0228746752730113,0.8256359138210231,IND
India,IND,OWID,Confirmed cases,Cori_slidingWindow,2023-01-16,0.9320433247105728,1.035225903564943,0.8342072110328983,IND
India,IND,OWID,Confirmed cases,Cori_slidingWindow,2023-01-17,0.9368282605169718,1.041495705708179,0.8376316517985116,IND
India,IND,OWID,Confirmed cases,Cori_slidingWindow,2023-01-18,0.9361656154823091,1.0419338145354693,0.8359847232708155,IND
India,IND,OWID,Confirmed cases,Cori_slidingWindow,2023-01-19,0.9342184755505822,1.0410346654499083,0.8331092539824142,IND
India,IND,OWID,Confirmed cases,Cori_slidingWindow,2023-01-20,0.936057521353278,1.0441896746674653,0.8337592320393584,IND
India,IND,OWID,Confirmed cases,Cori_slidingWindow,2023-01-21,0.9443203140841253,1.0541289577612516,0.8404731450575261,IND
India,IND,OWID,Confirmed cases,Cori_slidingWindow,2023-01-22,0.9567294499719641,1.0683239872227115,0.8512110393012595,IND
India,IND,OWID,Confirmed cases,Cori_slidingWindow,2023-01-23,0.9703378216091888,1.0835607678891233,0.8632817875762567,IND
India,IND,OWID,Confirmed cases,Cori_slidingWindow,2023-01-24,0.983644368314182,1.0982142729884277,0.8753041415710084,IND
India,IND,OWID,Confirmed cases,Cori_slidingWindow,2023-01-25,0.9964662493065582,1.1120901549320978,0.8871067697134516,IND
India,IND,OWID,Confirmed cases,Cori_slidingWindow,2023-01-26,1.0082001056010583,1.1245583189770612,0.898114055323324,IND
India,IND,OWID,Confirmed cases,Cori_slidingWindow,2023-01-27,1.0174990581669376,1.1342154178641481,0.9070378327054917,IND
India,IND,OWID,Confirmed cases,Cori_slidingWindow,2023-01-28,1.0242630961700925,1.1410035070160822,0.9137411255529969,IND
India,IND,OWID,Confirmed cases,Cori_slidingWindow,2023-01-29,1.028708334149919,1.14520642696645,0.918378153965471,IND
India,IND,OWID,Confirmed cases,Cori_slidingWindow,2023-01-30,1.0296067399793396,1.1455791775535664,0.9197430218824638,IND
India,IND,OWID,Confirmed cases,Cori_slidingWindow,2023-01-31,1.0259474648967009,1.1411257234835679,0.9168170521638517,IND
India,IND,OWID,Confirmed cases,Cori_slidingWindow,2023-02-01,1.0183452050979005,1.1325846752639985,0.910100035953324,IND
India,IND,OWID,Confirmed cases,Cori_slidingWindow,2023-02-02,1.0106219499670874,1.1240655016165015,0.9031344501534756,IND
India,IND,OWID,Confirmed cases,Cori_slidingWindow,2023-02-03,1.0071099010947364,1.120147071270511,0.9000068412064501,IND
India,IND,OWID,Confirmed cases,Cori_slidingWindow,2023-02-04,1.010128826419108,1.1231987816524103,0.9029794870354398,IND
India,IND,OWID,Confirmed cases,Cori_slidingWindow,2023-02-05,1.0184120629914797,1.1317542457461178,0.9109723625646358,IND
India,IND,OWID,Confirmed cases,Cori_slidingWindow,2023-02-06,1.0282125336398493,1.1417486328155528,0.9205449862947933,IND
India,IND,OWID,Confirmed cases,Cori_slidingWindow,2023-02-07,1.0371280834182655,1.1506107246761266,0.9294606937660518,IND
India,IND,OWID,Confirmed cases,Cori_slidingWindow,2023-02-08,1.0446493728595492,1.1578228785135964,0.9372206496441933,IND
India,IND,OWID,Confirmed cases,Cori_slidingWindow,2023-02-09,1.0533040738808157,1.1660788726549258,0.9461900257207576,IND
India,IND,OWID,Confirmed cases,Cori_slidingWindow,2023-02-10,1.06605666047246,1.178483205463314,0.959192705188482,IND
India,IND,OWID,Confirmed cases,Cori_slidingWindow,2023-02-11,1.0837525358785853,1.2025434361083212,0.9649616356488494,IND
India,IND,OWID,Confirmed cases,Cori_slidingWindow,2023-02-12,1.1042568359534006,1.2559315806631677,0.9525820912436336,IND
India,IND,OWID,Confirmed cases,Cori_slidingWindow,2023-02-13,1.124087875794859,1.2866508204648754,0.9615249311248424,IND
India,IND,OWID,Confirmed cases,Cori_slidingWindow,2023-02-14,1.1413774151845106,1.2878109568940181,0.994943873475003,IND
India,IND,OWID,Confirmed cases,Cori_slidingWindow,2023-02-15,1.1560262923600073,1.2709625100402882,1.0410900746797265,IND
India,IND,OWID,Confirmed cases,Cori_slidingWindow,2023-02-16,1.1693535376126845,1.2745101378408061,1.0686650071317043,IND
India,IND,OWID,Confirmed cases,Cori_slidingWindow,2023-02-17,1.1826488090682485,1.285475339729346,1.0840522878523602,IND
India,IND,OWID,Confirmed cases,Cori_slidingWindow,2023-02-18,1.195696264410095,1.29601890773698,1.0993617723014013,IND
India,IND,OWID,Confirmed cases,Cori_slidingWindow,2023-02-19,1.2069027504332024,1.3045033390676442,1.1130470143013018,IND
India,IND,OWID,Confirmed cases,Cori_slidingWindow,2023-02-20,1.2139632106909695,1.3085840326940408,1.1228463316727475,IND
India,IND,OWID,Confirmed cases,Cori_slidingWindow,2023-02-21,1.2143559472571248,1.3057344486462399,1.126248391194289,IND
India,IND,OWID,Confirmed cases,Cori_slidingWindow,2023-02-22,1.2076941651296094,1.3026656226631432,1.1127227075960755,IND
India,IND,OWID,Confirmed cases,Cori_slidingWindow,2023-02-23,1.1966735379571616,1.297085798217534,1.0962612776967893,IND
India,IND,OWID,Confirmed cases,Cori_slidingWindow,2023-02-24,1.1869038835832266,1.2924380627614565,1.0813697044049968,IND
India,IND,OWID,Confirmed cases,Cori_slidingWindow,2023-02-25,1.1819955622203118,1.292458412386551,1.0715327120540725,IND
India,IND,OWID,Confirmed cases,Cori_slidingWindow,2023-02-26,1.1814454018610265,1.2923140602688086,1.0705767434532445,IND
India,IND,OWID,Confirmed cases,Cori_slidingWindow,2023-02-27,1.1819388138205391,1.2862503111692116,1.0776273164718666,IND
India,IND,OWID,Confirmed cases,Cori_slidingWindow,2023-02-28,1.1865199600605438,1.277495215998482,1.0955447041226056,IND
India,IND,OWID,Confirmed cases,Cori_slidingWindow,2023-03-01,1.200284450652147,1.2732790120187647,1.1272898892855294,IND
India,IND,OWID,Confirmed cases,Cori_slidingWindow,2023-03-02,1.2217856009302313,1.2907347455436626,1.154703743029695,IND
India,IND,OWID,Confirmed cases,Cori_slidingWindow,2023-03-03,1.2411297248681041,1.308174534696427,1.1758249391795368,IND
India,IND,OWID,Confirmed cases,Cori_slidingWindow,2023-03-04,1.25140880704982,1.320114810578206,1.182702803521434,IND
India,IND,OWID,Confirmed cases,Cori_slidingWindow,2023-03-05,1.25472798547641,1.3315889543356245,1.1778670166171954,IND
India,IND,OWID,Confirmed cases,Cori_slidingWindow,2023-03-06,1.2537419794787201,1.3305523335971003,1.17693162536034,IND
India,IND,OWID,Confirmed cases,Cori_slidingWindow,2023-03-07,1.248240834076235,1.316017344342405,1.180464323810065,IND
India,IND,OWID,Confirmed cases,Cori_slidingWindow,2023-03-08,1.2389779151987885,1.295969387717324,1.181986442680253,IND
India,IND,OWID,Confirmed cases,Cori_slidingWindow,2023-03-09,1.2302106542382547,1.2826738206540642,1.1788282039820424,IND
India,IND,OWID,Confirmed cases,Cori_slidingWindow,2023-03-10,1.224820915365874,1.2752507563462416,1.1753947405025085,IND
India,IND,OWID,Confirmed cases,Cori_step,2022-01-01,1.5293420377178557,1.6323432059247536,1.4263408695109578,IND
India,IND,OWID,Confirmed cases,Cori_step,2022-01-02,1.5293420377178557,1.6323432059247536,1.4263408695109578,IND
India,IND,OWID,Confirmed cases,Cori_step,2022-01-03,1.1064241396754995,1.1385411442527216,1.0743071350982774,IND
India,IND,OWID,Confirmed cases,Cori_step,2022-01-04,1.1064241396754995,1.1385411442527216,1.0743071350982774,IND
India,IND,OWID,Confirmed cases,Cori_step,2022-01-05,1.1064241396754995,1.1385411442527216,1.0743071350982774,IND
India,IND,OWID,Confirmed cases,Cori_step,2022-01-06,1.1064241396754995,1.1385411442527216,1.0743071350982774,IND
India,IND,OWID,Confirmed cases,Cori_step,2022-01-07,1.1064241396754995,1.1385411442527216,1.0743071350982774,IND
India,IND,OWID,Confirmed cases,Cori_step,2022-01-08,1.1064241396754995,1.1385411442527216,1.0743071350982774,IND
India,IND,OWID,Confirmed cases,Cori_step,2022-01-09,1.1064241396754995,1.1385411442527216,1.0743071350982774,IND
India,IND,OWID,Confirmed cases,Cori_step,2022-01-10,1.1064241396754995,1.1385411442527216,1.0743071350982774,IND
India,IND,OWID,Confirmed cases,Cori_step,2022-01-11,1.1064241396754995,1.1385411442527216,1.0743071350982774,IND
India,IND,OWID,Confirmed cases,Cori_step,2022-01-12,1.1064241396754995,1.1385411442527216,1.0743071350982774,IND
India,IND,OWID,Confirmed cases,Cori_step,2022-01-13,1.1064241396754995,1.1385411442527216,1.0743071350982774,IND
India,IND,OWID,Confirmed cases,Cori_step,2022-01-14,1.1064241396754995,1.1385411442527216,1.0743071350982774,IND
India,IND,OWID,Confirmed cases,Cori_step,2022-01-15,1.1064241396754995,1.1385411442527216,1.0743071350982774,IND
India,IND,OWID,Confirmed cases,Cori_step,2022-01-16,1.1064241396754995,1.1385411442527216,1.0743071350982774,IND
India,IND,OWID,Confirmed cases,Cori_step,2022-01-17,1.1064241396754995,1.1385411442527216,1.0743071350982774,IND
India,IND,OWID,Confirmed cases,Cori_step,2022-01-18,1.1064241396754995,1.1385411442527216,1.0743071350982774,IND
India,IND,OWID,Confirmed cases,Cori_step,2022-01-19,0.7837142891885026,0.8308409138975407,0.7365876644794646,IND
India,IND,OWID,Confirmed cases,Cori_step,2022-01-20,0.7837142891885026,0.8308409138975407,0.7365876644794646,IND
India,IND,OWID,Confirmed cases,Cori_step,2022-01-21,0.7837142891885026,0.8308409138975407,0.7365876644794646,IND
India,IND,OWID,Confirmed cases,Cori_step,2022-01-22,0.7837142891885026,0.8308409138975407,0.7365876644794646,IND
India,IND,OWID,Confirmed cases,Cori_step,2022-01-23,0.7837142891885026,0.8308409138975407,0.7365876644794646,IND
India,IND,OWID,Confirmed cases,Cori_step,2022-01-24,0.7837142891885026,0.8308409138975407,0.7365876644794646,IND
India,IND,OWID,Confirmed cases,Cori_step,2022-01-25,0.7837142891885026,0.8308409138975407,0.7365876644794646,IND
India,IND,OWID,Confirmed cases,Cori_step,2022-01-26,0.7837142891885026,0.8308409138975407,0.7365876644794646,IND
India,IND,OWID,Confirmed cases,Cori_step,2022-01-27,0.7837142891885026,0.8308409138975407,0.7365876644794646,IND
India,IND,OWID,Confirmed cases,Cori_step,2022-01-28,0.7837142891885026,0.8308409138975407,0.7365876644794646,IND
India,IND,OWID,Confirmed cases,Cori_step,2022-01-29,0.7837142891885026,0.8308409138975407,0.7365876644794646,IND
India,IND,OWID,Confirmed cases,Cori_step,2022-01-30,0.7837142891885026,0.8308409138975407,0.7365876644794646,IND
India,IND,OWID,Confirmed cases,Cori_step,2022-01-31,0.7837142891885026,0.8308409138975407,0.7365876644794646,IND
India,IND,OWID,Confirmed cases,Cori_step,2022-02-01,0.624207092948041,0.6849739119553137,0.5634402739407683,IND
India,IND,OWID,Confirmed cases,Cori_step,2022-02-02,0.624207092948041,0.6849739119553137,0.5634402739407683,IND
India,IND,OWID,Confirmed cases,Cori_step,2022-02-03,0.624207092948041,0.6849739119553137,0.5634402739407683,IND
India,IND,OWID,Confirmed cases,Cori_step,2022-02-04,0.624207092948041,0.6849739119553137,0.5634402739407683,IND
India,IND,OWID,Confirmed cases,Cori_step,2022-02-05,0.624207092948041,0.6849739119553137,0.5634402739407683,IND
India,IND,OWID,Confirmed cases,Cori_step,2022-02-06,0.624207092948041,0.6849739119553137,0.5634402739407683,IND
India,IND,OWID,Confirmed cases,Cori_step,2022-02-07,0.624207092948041,0.6849739119553137,0.5634402739407683,IND
India,IND,OWID,Confirmed cases,Cori_step,2022-02-08,0.6733331419413698,0.7343320852084114,0.6123341986743283,IND
India,IND,OWID,Confirmed cases,Cori_step,2022-02-09,0.6733331419413698,0.7343320852084114,0.6123341986743283,IND
India,IND,OWID,Confirmed cases,Cori_step,2022-02-10,0.6733331419413698,0.7343320852084114,0.6123341986743283,IND
India,IND,OWID,Confirmed cases,Cori_step,2022-02-11,0.6733331419413698,0.7343320852084114,0.6123341986743283,IND
India,IND,OWID,Confirmed cases,Cori_step,2022-02-12,0.6733331419413698,0.7343320852084114,0.6123341986743283,IND
India,IND,OWID,Confirmed cases,Cori_step,2022-02-13,0.6733331419413698,0.7343320852084114,0.6123341986743283,IND
India,IND,OWID,Confirmed cases,Cori_step,2022-02-14,0.7139772040704665,0.7758125660906258,0.6521418420503072,IND
India,IND,OWID,Confirmed cases,Cori_step,2022-02-15,0.7322114706674571,0.8056900013609184,0.6587329399739957,IND
India,IND,OWID,Confirmed cases,Cori_step,2022-02-16,0.7322114706674571,0.8056900013609184,0.6587329399739957,IND
India,IND,OWID,Confirmed cases,Cori_step,2022-02-17,0.7322114706674571,0.8056900013609184,0.6587329399739957,IND
India,IND,OWID,Confirmed cases,Cori_step,2022-02-18,0.7322114706674571,0.8056900013609184,0.6587329399739957,IND
India,IND,OWID,Confirmed cases,Cori_step,2022-02-19,0.7322114706674571,0.8056900013609184,0.6587329399739957,IND
India,IND,OWID,Confirmed cases,Cori_step,2022-02-20,0.7322114706674571,0.8056900013609184,0.6587329399739957,IND
India,IND,OWID,Confirmed cases,Cori_step,2022-02-21,0.7322114706674571,0.8056900013609184,0.6587329399739957,IND
India,IND,OWID,Confirmed cases,Cori_step,2022-02-22,0.7322114706674571,0.8056900013609184,0.6587329399739957,IND
India,IND,OWID,Confirmed cases,Cori_step,2022-02-23,0.7322114706674571,0.8056900013609184,0.6587329399739957,IND
India,IND,OWID,Confirmed cases,Cori_step,2022-02-24,0.7322114706674571,0.8056900013609184,0.6587329399739957,IND
India,IND,OWID,Confirmed cases,Cori_step,2022-02-25,0.7322114706674571,0.8056900013609184,0.6587329399739957,IND
India,IND,OWID,Confirmed cases,Cori_step,2022-02-26,0.7322114706674571,0.8056900013609184,0.6587329399739957,IND
India,IND,OWID,Confirmed cases,Cori_step,2022-02-27,0.7322114706674571,0.8056900013609184,0.6587329399739957,IND
India,IND,OWID,Confirmed cases,Cori_step,2022-02-28,0.7322114706674571,0.8056900013609184,0.6587329399739957,IND
India,IND,OWID,Confirmed cases,Cori_step,2022-03-01,0.8010726203944549,0.8766189739414647,0.7255262668474451,IND
India,IND,OWID,Confirmed cases,Cori_step,2022-03-02,0.8010726203944549,0.8766189739414647,0.7255262668474451,IND
India,IND,OWID,Confirmed cases,Cori_step,2022-03-03,0.8010726203944549,0.8766189739414647,0.7255262668474451,IND
India,IND,OWID,Confirmed cases,Cori_step,2022-03-04,0.8010726203944549,0.8766189739414647,0.7255262668474451,IND
India,IND,OWID,Confirmed cases,Cori_step,2022-03-05,0.8010726203944549,0.8766189739414647,0.7255262668474451,IND
India,IND,OWID,Confirmed cases,Cori_step,2022-03-06,0.8010726203944549,0.8766189739414647,0.7255262668474451,IND
India,IND,OWID,Confirmed cases,Cori_step,2022-03-07,0.8010726203944549,0.8766189739414647,0.7255262668474451,IND
India,IND,OWID,Confirmed cases,Cori_step,2022-03-08,0.8010726203944549,0.8766189739414647,0.7255262668474451,IND
India,IND,OWID,Confirmed cases,Cori_step,2022-03-09,0.8010726203944549,0.8766189739414647,0.7255262668474451,IND
India,IND,OWID,Confirmed cases,Cori_step,2022-03-10,0.8010726203944549,0.8766189739414647,0.7255262668474451,IND
India,IND,OWID,Confirmed cases,Cori_step,2022-03-11,0.8010726203944549,0.8766189739414647,0.7255262668474451,IND
India,IND,OWID,Confirmed cases,Cori_step,2022-03-12,0.8010726203944549,0.8766189739414647,0.7255262668474451,IND
India,IND,OWID,Confirmed cases,Cori_step,2022-03-13,0.8010726203944549,0.8766189739414647,0.7255262668474451,IND
India,IND,OWID,Confirmed cases,Cori_step,2022-03-14,0.8010726203944549,0.8766189739414647,0.7255262668474451,IND
India,IND,OWID,Confirmed cases,Cori_step,2022-03-15,0.8729238119733025,0.9141185785582483,0.8317290453883567,IND
India,IND,OWID,Confirmed cases,Cori_step,2022-03-16,0.8729238119733025,0.9141185785582483,0.8317290453883567,IND
India,IND,OWID,Confirmed cases,Cori_step,2022-03-17,0.8729238119733025,0.9141185785582483,0.8317290453883567,IND
India,IND,OWID,Confirmed cases,Cori_step,2022-03-18,0.8729238119733025,0.9141185785582483,0.8317290453883567,IND
India,IND,OWID,Confirmed cases,Cori_step,2022-03-19,0.8729238119733025,0.9141185785582483,0.8317290453883567,IND
India,IND,OWID,Confirmed cases,Cori_step,2022-03-20,0.8729238119733025,0.9141185785582483,0.8317290453883567,IND
India,IND,OWID,Confirmed cases,Cori_step,2022-03-21,0.8729238119733025,0.9141185785582483,0.8317290453883567,IND
India,IND,OWID,Confirmed cases,Cori_step,2022-03-22,0.8729238119733025,0.9141185785582483,0.8317290453883567,IND
India,IND,OWID,Confirmed cases,Cori_step,2022-03-23,0.8729238119733025,0.9141185785582483,0.8317290453883567,IND
India,IND,OWID,Confirmed cases,Cori_step,2022-03-24,0.8729238119733025,0.9141185785582483,0.8317290453883567,IND
India,IND,OWID,Confirmed cases,Cori_step,2022-03-25,0.8729238119733025,0.9141185785582483,0.8317290453883567,IND
India,IND,OWID,Confirmed cases,Cori_step,2022-03-26,0.9167369808884671,0.9738789568760148,0.8595950049009194,IND
India,IND,OWID,Confirmed cases,Cori_step,2022-03-27,0.9167369808884671,0.9738789568760148,0.8595950049009194,IND
India,IND,OWID,Confirmed cases,Cori_step,2022-03-28,0.9167369808884671,0.9738789568760148,0.8595950049009194,IND
India,IND,OWID,Confirmed cases,Cori_step,2022-03-29,0.9167369808884671,0.9738789568760148,0.8595950049009194,IND
India,IND,OWID,Confirmed cases,Cori_step,2022-03-30,0.9167369808884671,0.9738789568760148,0.8595950049009194,IND
India,IND,OWID,Confirmed cases,Cori_step,2022-03-31,0.9167369808884671,0.9738789568760148,0.8595950049009194,IND
India,IND,OWID,Confirmed cases,Cori_step,2022-04-01,0.9651460658106388,1.029129299154454,0.9011628324668235,IND
India,IND,OWID,Confirmed cases,Cori_step,2022-04-02,0.9651460658106388,1.029129299154454,0.9011628324668235,IND
India,IND,OWID,Confirmed cases,Cori_step,2022-04-03,0.9651460658106388,1.029129299154454,0.9011628324668235,IND
India,IND,OWID,Confirmed cases,Cori_step,2022-04-04,1.1552226303697584,1.1896473345274747,1.120797926212042,IND
India,IND,OWID,Confirmed cases,Cori_step,2022-04-05,1.1552226303697584,1.1896473345274747,1.120797926212042,IND
India,IND,OWID,Confirmed cases,Cori_step,2022-04-06,1.1552226303697584,1.1896473345274747,1.120797926212042,IND
India,IND,OWID,Confirmed cases,Cori_step,2022-04-07,1.1552226303697584,1.1896473345274747,1.120797926212042,IND
India,IND,OWID,Confirmed cases,Cori_step,2022-04-08,1.1552226303697584,1.1896473345274747,1.120797926212042,IND
India,IND,OWID,Confirmed cases,Cori_step,2022-04-09,1.1552226303697584,1.1896473345274747,1.120797926212042,IND
India,IND,OWID,Confirmed cases,Cori_step,2022-04-10,1.1552226303697584,1.1896473345274747,1.120797926212042,IND
India,IND,OWID,Confirmed cases,Cori_step,2022-04-11,1.1552226303697584,1.1896473345274747,1.120797926212042,IND
India,IND,OWID,Confirmed cases,Cori_step,2022-04-12,1.1552226303697584,1.1896473345274747,1.120797926212042,IND
India,IND,OWID,Confirmed cases,Cori_step,2022-04-13,1.1552226303697584,1.1896473345274747,1.120797926212042,IND
India,IND,OWID,Confirmed cases,Cori_step,2022-04-14,1.1552226303697584,1.1896473345274747,1.120797926212042,IND
India,IND,OWID,Confirmed cases,Cori_step,2022-04-15,1.1552226303697584,1.1896473345274747,1.120797926212042,IND
India,IND,OWID,Confirmed cases,Cori_step,2022-04-16,1.1552226303697584,1.1896473345274747,1.120797926212042,IND
India,IND,OWID,Confirmed cases,Cori_step,2022-04-17,1.1552226303697584,1.1896473345274747,1.120797926212042,IND
India,IND,OWID,Confirmed cases,Cori_step,2022-04-18,1.1552226303697584,1.1896473345274747,1.120797926212042,IND
India,IND,OWID,Confirmed cases,Cori_step,2022-04-19,1.1552226303697584,1.1896473345274747,1.120797926212042,IND
India,IND,OWID,Confirmed cases,Cori_step,2022-04-20,1.1552226303697584,1.1896473345274747,1.120797926212042,IND
India,IND,OWID,Confirmed cases,Cori_step,2022-04-21,1.1552226303697584,1.1896473345274747,1.120797926212042,IND
India,IND,OWID,Confirmed cases,Cori_step,2022-04-22,1.1552226303697584,1.1896473345274747,1.120797926212042,IND
India,IND,OWID,Confirmed cases,Cori_step,2022-04-23,1.1552226303697584,1.1896473345274747,1.120797926212042,IND
India,IND,OWID,Confirmed cases,Cori_step,2022-04-24,1.1552226303697584,1.1896473345274747,1.120797926212042,IND
India,IND,OWID,Confirmed cases,Cori_step,2022-04-25,1.1552226303697584,1.1896473345274747,1.120797926212042,IND
India,IND,OWID,Confirmed cases,Cori_step,2022-04-26,1.0385645264668315,1.0456021898359025,1.0315268630977605,IND
India,IND,OWID,Confirmed cases,Cori_step,2022-04-27,1.0385645264668315,1.0456021898359025,1.0315268630977605,IND
India,IND,OWID,Confirmed cases,Cori_step,2022-04-28,1.0385645264668315,1.0456021898359025,1.0315268630977605,IND
India,IND,OWID,Confirmed cases,Cori_step,2022-04-29,1.0385645264668315,1.0456021898359025,1.0315268630977605,IND
India,IND,OWID,Confirmed cases,Cori_step,2022-04-30,1.0385645264668315,1.0456021898359025,1.0315268630977605,IND
India,IND,OWID,Confirmed cases,Cori_step,2022-05-01,1.0385645264668315,1.0456021898359025,1.0315268630977605,IND
India,IND,OWID,Confirmed cases,Cori_step,2022-05-02,1.0385645264668315,1.0456021898359025,1.0315268630977605,IND
India,IND,OWID,Confirmed cases,Cori_step,2022-05-03,1.0385645264668315,1.0456021898359025,1.0315268630977605,IND
India,IND,OWID,Confirmed cases,Cori_step,2022-05-04,1.0385645264668315,1.0456021898359025,1.0315268630977605,IND
India,IND,OWID,Confirmed cases,Cori_step,2022-05-05,1.0385645264668315,1.0456021898359025,1.0315268630977605,IND
India,IND,OWID,Confirmed cases,Cori_step,2022-05-06,1.0385645264668315,1.0456021898359025,1.0315268630977605,IND
India,IND,OWID,Confirmed cases,Cori_step,2022-05-07,1.0385645264668315,1.0456021898359025,1.0315268630977605,IND
India,IND,OWID,Confirmed cases,Cori_step,2022-05-08,1.0385645264668315,1.0456021898359025,1.0315268630977605,IND
India,IND,OWID,Confirmed cases,Cori_step,2022-05-09,1.0385645264668315,1.0456021898359025,1.0315268630977605,IND
India,IND,OWID,Confirmed cases,Cori_step,2022-05-10,1.0385645264668315,1.0456021898359025,1.0315268630977605,IND
India,IND,OWID,Confirmed cases,Cori_step,2022-05-11,1.0385645264668315,1.0456021898359025,1.0315268630977605,IND
India,IND,OWID,Confirmed cases,Cori_step,2022-05-12,1.0385645264668315,1.0456021898359025,1.0315268630977605,IND
India,IND,OWID,Confirmed cases,Cori_step,2022-05-13,1.0385645264668315,1.0456021898359025,1.0315268630977605,IND
India,IND,OWID,Confirmed cases,Cori_step,2022-05-14,1.0385645264668315,1.0456021898359025,1.0315268630977605,IND
India,IND,OWID,Confirmed cases,Cori_step,2022-05-15,1.0385645264668315,1.0456021898359025,1.0315268630977605,IND
India,IND,OWID,Confirmed cases,Cori_step,2022-05-16,1.0385645264668315,1.0456021898359025,1.0315268630977605,IND
India,IND,OWID,Confirmed cases,Cori_step,2022-05-17,1.0385645264668315,1.0456021898359025,1.0315268630977605,IND
India,IND,OWID,Confirmed cases,Cori_step,2022-05-18,1.0385645264668315,1.0456021898359025,1.0315268630977605,IND
India,IND,OWID,Confirmed cases,Cori_step,2022-05-19,1.0385645264668315,1.0456021898359025,1.0315268630977605,IND
India,IND,OWID,Confirmed cases,Cori_step,2022-05-20,1.0385645264668315,1.0456021898359025,1.0315268630977605,IND
India,IND,OWID,Confirmed cases,Cori_step,2022-05-21,1.0385645264668315,1.0456021898359025,1.0315268630977605,IND
India,IND,OWID,Confirmed cases,Cori_step,2022-05-22,1.0385645264668315,1.0456021898359025,1.0315268630977605,IND
India,IND,OWID,Confirmed cases,Cori_step,2022-05-23,1.0385645264668315,1.0456021898359025,1.0315268630977605,IND
India,IND,OWID,Confirmed cases,Cori_step,2022-05-24,1.0385645264668315,1.0456021898359025,1.0315268630977605,IND
India,IND,OWID,Confirmed cases,Cori_step,2022-05-25,1.0385645264668315,1.0456021898359025,1.0315268630977605,IND
India,IND,OWID,Confirmed cases,Cori_step,2022-05-26,1.0385645264668315,1.0456021898359025,1.0315268630977605,IND
India,IND,OWID,Confirmed cases,Cori_step,2022-05-27,1.0385645264668315,1.0456021898359025,1.0315268630977605,IND
India,IND,OWID,Confirmed cases,Cori_step,2022-05-28,1.0385645264668315,1.0456021898359025,1.0315268630977605,IND
India,IND,OWID,Confirmed cases,Cori_step,2022-05-29,1.0385645264668315,1.0456021898359025,1.0315268630977605,IND
India,IND,OWID,Confirmed cases,Cori_step,2022-05-30,1.0385645264668315,1.0456021898359025,1.0315268630977605,IND
India,IND,OWID,Confirmed cases,Cori_step,2022-05-31,1.0385645264668315,1.0456021898359025,1.0315268630977605,IND
India,IND,OWID,Confirmed cases,Cori_step,2022-06-01,1.0385645264668315,1.0456021898359025,1.0315268630977605,IND
India,IND,OWID,Confirmed cases,Cori_step,2022-06-02,1.0385645264668315,1.0456021898359025,1.0315268630977605,IND
India,IND,OWID,Confirmed cases,Cori_step,2022-06-03,1.0385645264668315,1.0456021898359025,1.0315268630977605,IND
India,IND,OWID,Confirmed cases,Cori_step,2022-06-04,1.0385645264668315,1.0456021898359025,1.0315268630977605,IND
India,IND,OWID,Confirmed cases,Cori_step,2022-06-05,1.0385645264668315,1.0456021898359025,1.0315268630977605,IND
India,IND,OWID,Confirmed cases,Cori_step,2022-06-06,1.0385645264668315,1.0456021898359025,1.0315268630977605,IND
India,IND,OWID,Confirmed cases,Cori_step,2022-06-07,1.0385645264668315,1.0456021898359025,1.0315268630977605,IND
India,IND,OWID,Confirmed cases,Cori_step,2022-06-08,1.0385645264668315,1.0456021898359025,1.0315268630977605,IND
India,IND,OWID,Confirmed cases,Cori_step,2022-06-09,1.0385645264668315,1.0456021898359025,1.0315268630977605,IND
India,IND,OWID,Confirmed cases,Cori_step,2022-06-10,1.0385645264668315,1.0456021898359025,1.0315268630977605,IND
India,IND,OWID,Confirmed cases,Cori_step,2022-06-11,1.0385645264668315,1.0456021898359025,1.0315268630977605,IND
India,IND,OWID,Confirmed cases,Cori_step,2022-06-12,1.0385645264668315,1.0456021898359025,1.0315268630977605,IND
India,IND,OWID,Confirmed cases,Cori_step,2022-06-13,1.0385645264668315,1.0456021898359025,1.0315268630977605,IND
India,IND,OWID,Confirmed cases,Cori_step,2022-06-14,1.0385645264668315,1.0456021898359025,1.0315268630977605,IND
India,IND,OWID,Confirmed cases,Cori_step,2022-06-15,1.0385645264668315,1.0456021898359025,1.0315268630977605,IND
India,IND,OWID,Confirmed cases,Cori_step,2022-06-16,1.0385645264668315,1.0456021898359025,1.0315268630977605,IND
India,IND,OWID,Confirmed cases,Cori_step,2022-06-17,1.0385645264668315,1.0456021898359025,1.0315268630977605,IND
India,IND,OWID,Confirmed cases,Cori_step,2022-06-18,1.0385645264668315,1.0456021898359025,1.0315268630977605,IND
India,IND,OWID,Confirmed cases,Cori_step,2022-06-19,1.0385645264668315,1.0456021898359025,1.0315268630977605,IND
India,IND,OWID,Confirmed cases,Cori_step,2022-06-20,1.0385645264668315,1.0456021898359025,1.0315268630977605,IND
India,IND,OWID,Confirmed cases,Cori_step,2022-06-21,1.0385645264668315,1.0456021898359025,1.0315268630977605,IND
India,IND,OWID,Confirmed cases,Cori_step,2022-06-22,1.0385645264668315,1.0456021898359025,1.0315268630977605,IND
India,IND,OWID,Confirmed cases,Cori_step,2022-06-23,1.0385645264668315,1.0456021898359025,1.0315268630977605,IND
India,IND,OWID,Confirmed cases,Cori_step,2022-06-24,1.0385645264668315,1.0456021898359025,1.0315268630977605,IND
India,IND,OWID,Confirmed cases,Cori_step,2022-06-25,1.0385645264668315,1.0456021898359025,1.0315268630977605,IND
India,IND,OWID,Confirmed cases,Cori_step,2022-06-26,1.0385645264668315,1.0456021898359025,1.0315268630977605,IND
India,IND,OWID,Confirmed cases,Cori_step,2022-06-27,1.0385645264668315,1.0456021898359025,1.0315268630977605,IND
India,IND,OWID,Confirmed cases,Cori_step,2022-06-28,1.0385645264668315,1.0456021898359025,1.0315268630977605,IND
India,IND,OWID,Confirmed cases,Cori_step,2022-06-29,1.0385645264668315,1.0456021898359025,1.0315268630977605,IND
India,IND,OWID,Confirmed cases,Cori_step,2022-06-30,1.0385645264668315,1.0456021898359025,1.0315268630977605,IND
India,IND,OWID,Confirmed cases,Cori_step,2022-07-01,1.0385645264668315,1.0456021898359025,1.0315268630977605,IND
India,IND,OWID,Confirmed cases,Cori_step,2022-07-02,1.0385645264668315,1.0456021898359025,1.0315268630977605,IND
India,IND,OWID,Confirmed cases,Cori_step,2022-07-03,1.0385645264668315,1.0456021898359025,1.0315268630977605,IND
India,IND,OWID,Confirmed cases,Cori_step,2022-07-04,1.0385645264668315,1.0456021898359025,1.0315268630977605,IND
India,IND,OWID,Confirmed cases,Cori_step,2022-07-05,1.0385645264668315,1.0456021898359025,1.0315268630977605,IND
India,IND,OWID,Confirmed cases,Cori_step,2022-07-06,1.0385645264668315,1.0456021898359025,1.0315268630977605,IND
India,IND,OWID,Confirmed cases,Cori_step,2022-07-07,1.0385645264668315,1.0456021898359025,1.0315268630977605,IND
India,IND,OWID,Confirmed cases,Cori_step,2022-07-08,1.0385645264668315,1.0456021898359025,1.0315268630977605,IND
India,IND,OWID,Confirmed cases,Cori_step,2022-07-09,1.0385645264668315,1.0456021898359025,1.0315268630977605,IND
India,IND,OWID,Confirmed cases,Cori_step,2022-07-10,1.0385645264668315,1.0456021898359025,1.0315268630977605,IND
India,IND,OWID,Confirmed cases,Cori_step,2022-07-11,1.0385645264668315,1.0456021898359025,1.0315268630977605,IND
India,IND,OWID,Confirmed cases,Cori_step,2022-07-12,1.0385645264668315,1.0456021898359025,1.0315268630977605,IND
India,IND,OWID,Confirmed cases,Cori_step,2022-07-13,1.0385645264668315,1.0456021898359025,1.0315268630977605,IND
India,IND,OWID,Confirmed cases,Cori_step,2022-07-14,1.0385645264668315,1.0456021898359025,1.0315268630977605,IND
India,IND,OWID,Confirmed cases,Cori_step,2022-07-15,1.0385645264668315,1.0456021898359025,1.0315268630977605,IND
India,IND,OWID,Confirmed cases,Cori_step,2022-07-16,1.0385645264668315,1.0456021898359025,1.0315268630977605,IND
India,IND,OWID,Confirmed cases,Cori_step,2022-07-17,1.0385645264668315,1.0456021898359025,1.0315268630977605,IND
India,IND,OWID,Confirmed cases,Cori_step,2022-07-18,1.0385645264668315,1.0456021898359025,1.0315268630977605,IND
India,IND,OWID,Confirmed cases,Cori_step,2022-07-19,1.0385645264668315,1.0456021898359025,1.0315268630977605,IND
India,IND,OWID,Confirmed cases,Cori_step,2022-07-20,1.0385645264668315,1.0456021898359025,1.0315268630977605,IND
India,IND,OWID,Confirmed cases,Cori_step,2022-07-21,1.0385645264668315,1.0456021898359025,1.0315268630977605,IND
India,IND,OWID,Confirmed cases,Cori_step,2022-07-22,1.0385645264668315,1.0456021898359025,1.0315268630977605,IND
India,IND,OWID,Confirmed cases,Cori_step,2022-07-23,1.0385645264668315,1.0456021898359025,1.0315268630977605,IND
India,IND,OWID,Confirmed cases,Cori_step,2022-07-24,1.0385645264668315,1.0456021898359025,1.0315268630977605,IND
India,IND,OWID,Confirmed cases,Cori_step,2022-07-25,1.0385645264668315,1.0456021898359025,1.0315268630977605,IND
India,IND,OWID,Confirmed cases,Cori_step,2022-07-26,1.0385645264668315,1.0456021898359025,1.0315268630977605,IND
India,IND,OWID,Confirmed cases,Cori_step,2022-07-27,1.0385645264668315,1.0456021898359025,1.0315268630977605,IND
India,IND,OWID,Confirmed cases,Cori_step,2022-07-28,1.0385645264668315,1.0456021898359025,1.0315268630977605,IND
India,IND,OWID,Confirmed cases,Cori_step,2022-07-29,1.0385645264668315,1.0456021898359025,1.0315268630977605,IND
India,IND,OWID,Confirmed cases,Cori_step,2022-07-30,1.0385645264668315,1.0456021898359025,1.0315268630977605,IND
India,IND,OWID,Confirmed cases,Cori_step,2022-07-31,1.0385645264668315,1.0456021898359025,1.0315268630977605,IND
India,IND,OWID,Confirmed cases,Cori_step,2022-08-01,1.0385645264668315,1.0456021898359025,1.0315268630977605,IND
India,IND,OWID,Confirmed cases,Cori_step,2022-08-02,0.9059951000122326,0.9167819602345622,0.895208239789903,IND
India,IND,OWID,Confirmed cases,Cori_step,2022-08-03,0.9059951000122326,0.9167819602345622,0.895208239789903,IND
India,IND,OWID,Confirmed cases,Cori_step,2022-08-04,0.9059951000122326,0.9167819602345622,0.895208239789903,IND
India,IND,OWID,Confirmed cases,Cori_step,2022-08-05,0.9059951000122326,0.9167819602345622,0.895208239789903,IND
India,IND,OWID,Confirmed cases,Cori_step,2022-08-06,0.9059951000122326,0.9167819602345622,0.895208239789903,IND
India,IND,OWID,Confirmed cases,Cori_step,2022-08-07,0.9059951000122326,0.9167819602345622,0.895208239789903,IND
India,IND,OWID,Confirmed cases,Cori_step,2022-08-08,0.9059951000122326,0.9167819602345622,0.895208239789903,IND
India,IND,OWID,Confirmed cases,Cori_step,2022-08-09,0.9059951000122326,0.9167819602345622,0.895208239789903,IND
India,IND,OWID,Confirmed cases,Cori_step,2022-08-10,0.9059951000122326,0.9167819602345622,0.895208239789903,IND
India,IND,OWID,Confirmed cases,Cori_step,2022-08-11,0.9059951000122326,0.9167819602345622,0.895208239789903,IND
India,IND,OWID,Confirmed cases,Cori_step,2022-08-12,0.9059951000122326,0.9167819602345622,0.895208239789903,IND
India,IND,OWID,Confirmed cases,Cori_step,2022-08-13,0.9059951000122326,0.9167819602345622,0.895208239789903,IND
India,IND,OWID,Confirmed cases,Cori_step,2022-08-14,0.9059951000122326,0.9167819602345622,0.895208239789903,IND
India,IND,OWID,Confirmed cases,Cori_step,2022-08-15,0.9059951000122326,0.9167819602345622,0.895208239789903,IND
India,IND,OWID,Confirmed cases,Cori_step,2022-08-16,0.9059951000122326,0.9167819602345622,0.895208239789903,IND
India,IND,OWID,Confirmed cases,Cori_step,2022-08-17,0.9059951000122326,0.9167819602345622,0.895208239789903,IND
India,IND,OWID,Confirmed cases,Cori_step,2022-08-18,0.9059951000122326,0.9167819602345622,0.895208239789903,IND
India,IND,OWID,Confirmed cases,Cori_step,2022-08-19,0.9059951000122326,0.9167819602345622,0.895208239789903,IND
India,IND,OWID,Confirmed cases,Cori_step,2022-08-20,0.9059951000122326,0.9167819602345622,0.895208239789903,IND
India,IND,OWID,Confirmed cases,Cori_step,2022-08-21,0.9059951000122326,0.9167819602345622,0.895208239789903,IND
India,IND,OWID,Confirmed cases,Cori_step,2022-08-22,0.9059951000122326,0.9167819602345622,0.895208239789903,IND
India,IND,OWID,Confirmed cases,Cori_step,2022-08-23,0.9059951000122326,0.9167819602345622,0.895208239789903,IND
India,IND,OWID,Confirmed cases,Cori_step,2022-08-24,0.9059951000122326,0.9167819602345622,0.895208239789903,IND
India,IND,OWID,Confirmed cases,Cori_step,2022-08-25,0.9059951000122326,0.9167819602345622,0.895208239789903,IND
India,IND,OWID,Confirmed cases,Cori_step,2022-08-26,0.9059951000122326,0.9167819602345622,0.895208239789903,IND
India,IND,OWID,Confirmed cases,Cori_step,2022-08-27,0.9059951000122326,0.9167819602345622,0.895208239789903,IND
India,IND,OWID,Confirmed cases,Cori_step,2022-08-28,0.9059951000122326,0.9167819602345622,0.895208239789903,IND
India,IND,OWID,Confirmed cases,Cori_step,2022-08-29,0.9059951000122326,0.9167819602345622,0.895208239789903,IND
India,IND,OWID,Confirmed cases,Cori_step,2022-08-30,0.9059951000122326,0.9167819602345622,0.895208239789903,IND
India,IND,OWID,Confirmed cases,Cori_step,2022-08-31,0.9059951000122326,0.9167819602345622,0.895208239789903,IND
India,IND,OWID,Confirmed cases,Cori_step,2022-09-01,0.9059951000122326,0.9167819602345622,0.895208239789903,IND
India,IND,OWID,Confirmed cases,Cori_step,2022-09-02,0.9059951000122326,0.9167819602345622,0.895208239789903,IND
India,IND,OWID,Confirmed cases,Cori_step,2022-09-03,0.9059951000122326,0.9167819602345622,0.895208239789903,IND
India,IND,OWID,Confirmed cases,Cori_step,2022-09-04,0.9059951000122326,0.9167819602345622,0.895208239789903,IND
India,IND,OWID,Confirmed cases,Cori_step,2022-09-05,0.9059951000122326,0.9167819602345622,0.895208239789903,IND
India,IND,OWID,Confirmed cases,Cori_step,2022-09-06,0.9059951000122326,0.9167819602345622,0.895208239789903,IND
India,IND,OWID,Confirmed cases,Cori_step,2022-09-07,0.9059951000122326,0.9167819602345622,0.895208239789903,IND
India,IND,OWID,Confirmed cases,Cori_step,2022-09-08,0.9059951000122326,0.9167819602345622,0.895208239789903,IND
India,IND,OWID,Confirmed cases,Cori_step,2022-09-09,0.9059951000122326,0.9167819602345622,0.895208239789903,IND
India,IND,OWID,Confirmed cases,Cori_step,2022-09-10,0.9059951000122326,0.9167819602345622,0.895208239789903,IND
India,IND,OWID,Confirmed cases,Cori_step,2022-09-11,0.9059951000122326,0.9167819602345622,0.895208239789903,IND
India,IND,OWID,Confirmed cases,Cori_step,2022-09-12,0.9059951000122326,0.9167819602345622,0.895208239789903,IND
India,IND,OWID,Confirmed cases,Cori_step,2022-09-13,0.9059951000122326,0.9167819602345622,0.895208239789903,IND
India,IND,OWID,Confirmed cases,Cori_step,2022-09-14,0.9059951000122326,0.9167819602345622,0.895208239789903,IND
India,IND,OWID,Confirmed cases,Cori_step,2022-09-15,0.9059951000122326,0.9167819602345622,0.895208239789903,IND
India,IND,OWID,Confirmed cases,Cori_step,2022-09-16,0.9059951000122326,0.9167819602345622,0.895208239789903,IND
India,IND,OWID,Confirmed cases,Cori_step,2022-09-17,0.9059951000122326,0.9167819602345622,0.895208239789903,IND
India,IND,OWID,Confirmed cases,Cori_step,2022-09-18,0.9059951000122326,0.9167819602345622,0.895208239789903,IND
India,IND,OWID,Confirmed cases,Cori_step,2022-09-19,0.9059951000122326,0.9167819602345622,0.895208239789903,IND
India,IND,OWID,Confirmed cases,Cori_step,2022-09-20,0.9059951000122326,0.9167819602345622,0.895208239789903,IND
India,IND,OWID,Confirmed cases,Cori_step,2022-09-21,0.9059951000122326,0.9167819602345622,0.895208239789903,IND
India,IND,OWID,Confirmed cases,Cori_step,2022-09-22,0.9059951000122326,0.9167819602345622,0.895208239789903,IND
India,IND,OWID,Confirmed cases,Cori_step,2022-09-23,0.9059951000122326,0.9167819602345622,0.895208239789903,IND
India,IND,OWID,Confirmed cases,Cori_step,2022-09-24,0.9059951000122326,0.9167819602345622,0.895208239789903,IND
India,IND,OWID,Confirmed cases,Cori_step,2022-09-25,0.9059951000122326,0.9167819602345622,0.895208239789903,IND
India,IND,OWID,Confirmed cases,Cori_step,2022-09-26,0.9059951000122326,0.9167819602345622,0.895208239789903,IND
India,IND,OWID,Confirmed cases,Cori_step,2022-09-27,0.9059951000122326,0.9167819602345622,0.895208239789903,IND
India,IND,OWID,Confirmed cases,Cori_step,2022-09-28,0.9059951000122326,0.9167819602345622,0.895208239789903,IND
India,IND,OWID,Confirmed cases,Cori_step,2022-09-29,0.9059951000122326,0.9167819602345622,0.895208239789903,IND
India,IND,OWID,Confirmed cases,Cori_step,2022-09-30,0.9059951000122326,0.9167819602345622,0.895208239789903,IND
India,IND,OWID,Confirmed cases,Cori_step,2022-10-01,0.9059951000122326,0.9167819602345622,0.895208239789903,IND
India,IND,OWID,Confirmed cases,Cori_step,2022-10-02,0.9059951000122326,0.9167819602345622,0.895208239789903,IND
India,IND,OWID,Confirmed cases,Cori_step,2022-10-03,0.9059951000122326,0.9167819602345622,0.895208239789903,IND
India,IND,OWID,Confirmed cases,Cori_step,2022-10-04,0.9059951000122326,0.9167819602345622,0.895208239789903,IND
India,IND,OWID,Confirmed cases,Cori_step,2022-10-05,0.9059951000122326,0.9167819602345622,0.895208239789903,IND
India,IND,OWID,Confirmed cases,Cori_step,2022-10-06,0.9059951000122326,0.9167819602345622,0.895208239789903,IND
India,IND,OWID,Confirmed cases,Cori_step,2022-10-07,0.9059951000122326,0.9167819602345622,0.895208239789903,IND
India,IND,OWID,Confirmed cases,Cori_step,2022-10-08,0.9059951000122326,0.9167819602345622,0.895208239789903,IND
India,IND,OWID,Confirmed cases,Cori_step,2022-10-09,0.9059951000122326,0.9167819602345622,0.895208239789903,IND
India,IND,OWID,Confirmed cases,Cori_step,2022-10-10,0.9059951000122326,0.9167819602345622,0.895208239789903,IND
India,IND,OWID,Confirmed cases,Cori_step,2022-10-11,0.9059951000122326,0.9167819602345622,0.895208239789903,IND
India,IND,OWID,Confirmed cases,Cori_step,2022-10-12,0.9059951000122326,0.9167819602345622,0.895208239789903,IND
India,IND,OWID,Confirmed cases,Cori_step,2022-10-13,0.9059951000122326,0.9167819602345622,0.895208239789903,IND
India,IND,OWID,Confirmed cases,Cori_step,2022-10-14,0.9059951000122326,0.9167819602345622,0.895208239789903,IND
India,IND,OWID,Confirmed cases,Cori_step,2022-10-15,0.9059951000122326,0.9167819602345622,0.895208239789903,IND
India,IND,OWID,Confirmed cases,Cori_step,2022-10-16,0.9059951000122326,0.9167819602345622,0.895208239789903,IND
India,IND,OWID,Confirmed cases,Cori_step,2022-10-17,0.9059951000122326,0.9167819602345622,0.895208239789903,IND
India,IND,OWID,Confirmed cases,Cori_step,2022-10-18,0.9059951000122326,0.9167819602345622,0.895208239789903,IND
India,IND,OWID,Confirmed cases,Cori_step,2022-10-19,0.9059951000122326,0.9167819602345622,0.895208239789903,IND
India,IND,OWID,Confirmed cases,Cori_step,2022-10-20,0.9059951000122326,0.9167819602345622,0.895208239789903,IND
India,IND,OWID,Confirmed cases,Cori_step,2022-10-21,0.9059951000122326,0.9167819602345622,0.895208239789903,IND
India,IND,OWID,Confirmed cases,Cori_step,2022-10-22,0.9059951000122326,0.9167819602345622,0.895208239789903,IND
India,IND,OWID,Confirmed cases,Cori_step,2022-10-23,0.9059951000122326,0.9167819602345622,0.895208239789903,IND
India,IND,OWID,Confirmed cases,Cori_step,2022-10-24,0.9059951000122326,0.9167819602345622,0.895208239789903,IND
India,IND,OWID,Confirmed cases,Cori_step,2022-10-25,0.9059951000122326,0.9167819602345622,0.895208239789903,IND
India,IND,OWID,Confirmed cases,Cori_step,2022-10-26,0.9059951000122326,0.9167819602345622,0.895208239789903,IND
India,IND,OWID,Confirmed cases,Cori_step,2022-10-27,0.9059951000122326,0.9167819602345622,0.895208239789903,IND
India,IND,OWID,Confirmed cases,Cori_step,2022-10-28,0.9059951000122326,0.9167819602345622,0.895208239789903,IND
India,IND,OWID,Confirmed cases,Cori_step,2022-10-29,0.9059951000122326,0.9167819602345622,0.895208239789903,IND
India,IND,OWID,Confirmed cases,Cori_step,2022-10-30,0.9059951000122326,0.9167819602345622,0.895208239789903,IND
India,IND,OWID,Confirmed cases,Cori_step,2022-10-31,0.9059951000122326,0.9167819602345622,0.895208239789903,IND
India,IND,OWID,Confirmed cases,Cori_step,2022-11-01,0.9059951000122326,0.9167819602345622,0.895208239789903,IND
India,IND,OWID,Confirmed cases,Cori_step,2022-11-02,0.9059951000122326,0.9167819602345622,0.895208239789903,IND
India,IND,OWID,Confirmed cases,Cori_step,2022-11-03,0.9059951000122326,0.9167819602345622,0.895208239789903,IND
India,IND,OWID,Confirmed cases,Cori_step,2022-11-04,0.9059951000122326,0.9167819602345622,0.895208239789903,IND
India,IND,OWID,Confirmed cases,Cori_step,2022-11-05,0.9059951000122326,0.9167819602345622,0.895208239789903,IND
India,IND,OWID,Confirmed cases,Cori_step,2022-11-06,0.9059951000122326,0.9167819602345622,0.895208239789903,IND
India,IND,OWID,Confirmed cases,Cori_step,2022-11-07,0.9059951000122326,0.9167819602345622,0.895208239789903,IND
India,IND,OWID,Confirmed cases,Cori_step,2022-11-08,0.9059951000122326,0.9167819602345622,0.895208239789903,IND
India,IND,OWID,Confirmed cases,Cori_step,2022-11-09,0.9059951000122326,0.9167819602345622,0.895208239789903,IND
India,IND,OWID,Confirmed cases,Cori_step,2022-11-10,0.9059951000122326,0.9167819602345622,0.895208239789903,IND
India,IND,OWID,Confirmed cases,Cori_step,2022-11-11,0.9059951000122326,0.9167819602345622,0.895208239789903,IND
India,IND,OWID,Confirmed cases,Cori_step,2022-11-12,0.9059951000122326,0.9167819602345622,0.895208239789903,IND
India,IND,OWID,Confirmed cases,Cori_step,2022-11-13,0.9059951000122326,0.9167819602345622,0.895208239789903,IND
India,IND,OWID,Confirmed cases,Cori_step,2022-11-14,0.9059951000122326,0.9167819602345622,0.895208239789903,IND
India,IND,OWID,Confirmed cases,Cori_step,2022-11-15,0.9059951000122326,0.9167819602345622,0.895208239789903,IND
India,IND,OWID,Confirmed cases,Cori_step,2022-11-16,0.9059951000122326,0.9167819602345622,0.895208239789903,IND
India,IND,OWID,Confirmed cases,Cori_step,2022-11-17,0.9059951000122326,0.9167819602345622,0.895208239789903,IND
India,IND,OWID,Confirmed cases,Cori_step,2022-11-18,0.9059951000122326,0.9167819602345622,0.895208239789903,IND
India,IND,OWID,Confirmed cases,Cori_step,2022-11-19,0.9059951000122326,0.9167819602345622,0.895208239789903,IND
India,IND,OWID,Confirmed cases,Cori_step,2022-11-20,0.9059951000122326,0.9167819602345622,0.895208239789903,IND
India,IND,OWID,Confirmed cases,Cori_step,2022-11-21,0.9059951000122326,0.9167819602345622,0.895208239789903,IND
India,IND,OWID,Confirmed cases,Cori_step,2022-11-22,1.0198965649470106,1.0348177312111442,1.005082276960903,IND
India,IND,OWID,Confirmed cases,Cori_step,2022-11-23,1.0198965649470106,1.0348177312111442,1.005082276960903,IND
India,IND,OWID,Confirmed cases,Cori_step,2022-11-24,1.0198965649470106,1.0348177312111442,1.005082276960903,IND
India,IND,OWID,Confirmed cases,Cori_step,2022-11-25,1.0198965649470106,1.0348177312111442,1.005082276960903,IND
India,IND,OWID,Confirmed cases,Cori_step,2022-11-26,1.0198965649470106,1.0348177312111442,1.005082276960903,IND
India,IND,OWID,Confirmed cases,Cori_step,2022-11-27,1.0198965649470106,1.0348177312111442,1.005082276960903,IND
India,IND,OWID,Confirmed cases,Cori_step,2022-11-28,1.0198965649470106,1.0348177312111442,1.005082276960903,IND
India,IND,OWID,Confirmed cases,Cori_step,2022-11-29,1.0198965649470106,1.0348177312111442,1.005082276960903,IND
India,IND,OWID,Confirmed cases,Cori_step,2022-11-30,1.0198965649470106,1.0348177312111442,1.005082276960903,IND
India,IND,OWID,Confirmed cases,Cori_step,2022-12-01,1.0198965649470106,1.0348177312111442,1.005082276960903,IND
India,IND,OWID,Confirmed cases,Cori_step,2022-12-02,1.0198965649470106,1.0348177312111442,1.005082276960903,IND
India,IND,OWID,Confirmed cases,Cori_step,2022-12-03,1.0198965649470106,1.0348177312111442,1.005082276960903,IND
India,IND,OWID,Confirmed cases,Cori_step,2022-12-04,1.0198965649470106,1.0348177312111442,1.005082276960903,IND
India,IND,OWID,Confirmed cases,Cori_step,2022-12-05,1.0198965649470106,1.0348177312111442,1.005082276960903,IND
India,IND,OWID,Confirmed cases,Cori_step,2022-12-06,1.0198965649470106,1.0348177312111442,1.005082276960903,IND
India,IND,OWID,Confirmed cases,Cori_step,2022-12-07,1.0198965649470106,1.0348177312111442,1.005082276960903,IND
India,IND,OWID,Confirmed cases,Cori_step,2022-12-08,1.0198965649470106,1.0348177312111442,1.005082276960903,IND
India,IND,OWID,Confirmed cases,Cori_step,2022-12-09,1.0198965649470106,1.0348177312111442,1.005082276960903,IND
India,IND,OWID,Confirmed cases,Cori_step,2022-12-10,1.0198965649470106,1.0348177312111442,1.005082276960903,IND
India,IND,OWID,Confirmed cases,Cori_step,2022-12-11,1.0198965649470106,1.0348177312111442,1.005082276960903,IND
India,IND,OWID,Confirmed cases,Cori_step,2022-12-12,1.0198965649470106,1.0348177312111442,1.005082276960903,IND
India,IND,OWID,Confirmed cases,Cori_step,2022-12-13,1.0198965649470106,1.0348177312111442,1.005082276960903,IND
India,IND,OWID,Confirmed cases,Cori_step,2022-12-14,1.0198965649470106,1.0348177312111442,1.005082276960903,IND
India,IND,OWID,Confirmed cases,Cori_step,2022-12-15,1.0198965649470106,1.0348177312111442,1.005082276960903,IND
India,IND,OWID,Confirmed cases,Cori_step,2022-12-16,1.0198965649470106,1.0348177312111442,1.005082276960903,IND
India,IND,OWID,Confirmed cases,Cori_step,2022-12-17,1.0198965649470106,1.0348177312111442,1.005082276960903,IND
India,IND,OWID,Confirmed cases,Cori_step,2022-12-18,1.0198965649470106,1.0348177312111442,1.005082276960903,IND
India,IND,OWID,Confirmed cases,Cori_step,2022-12-19,1.0198965649470106,1.0348177312111442,1.005082276960903,IND
India,IND,OWID,Confirmed cases,Cori_step,2022-12-20,1.0198965649470106,1.0348177312111442,1.005082276960903,IND
India,IND,OWID,Confirmed cases,Cori_step,2022-12-21,1.0198965649470106,1.0348177312111442,1.005082276960903,IND
India,IND,OWID,Confirmed cases,Cori_step,2022-12-22,1.0198965649470106,1.0348177312111442,1.005082276960903,IND
India,IND,OWID,Confirmed cases,Cori_step,2022-12-23,1.0198965649470106,1.0348177312111442,1.005082276960903,IND
India,IND,OWID,Confirmed cases,Cori_step,2022-12-24,1.0198965649470106,1.0348177312111442,1.005082276960903,IND
India,IND,OWID,Confirmed cases,Cori_step,2022-12-25,1.0198965649470106,1.0348177312111442,1.005082276960903,IND
India,IND,OWID,Confirmed cases,Cori_step,2022-12-26,1.0198965649470106,1.0348177312111442,1.005082276960903,IND
India,IND,OWID,Confirmed cases,Cori_step,2022-12-27,1.0198965649470106,1.0348177312111442,1.005082276960903,IND
India,IND,OWID,Confirmed cases,Cori_step,2022-12-28,1.0198965649470106,1.0348177312111442,1.005082276960903,IND
India,IND,OWID,Confirmed cases,Cori_step,2022-12-29,1.0198965649470106,1.0348177312111442,1.005082276960903,IND
India,IND,OWID,Confirmed cases,Cori_step,2022-12-30,1.0198965649470106,1.0348177312111442,1.005082276960903,IND
India,IND,OWID,Confirmed cases,Cori_step,2022-12-31,1.0198965649470106,1.0348177312111442,1.005082276960903,IND
India,IND,OWID,Confirmed cases,Cori_step,2023-01-01,1.0198965649470106,1.0348177312111442,1.005082276960903,IND
India,IND,OWID,Confirmed cases,Cori_step,2023-01-02,1.0198965649470106,1.0348177312111442,1.005082276960903,IND
India,IND,OWID,Confirmed cases,Cori_step,2023-01-03,1.0198965649470106,1.0348177312111442,1.005082276960903,IND
India,IND,OWID,Confirmed cases,Cori_step,2023-01-04,1.0198965649470106,1.0348177312111442,1.005082276960903,IND
India,IND,OWID,Confirmed cases,Cori_step,2023-01-05,1.0198965649470106,1.0348177312111442,1.005082276960903,IND
India,IND,OWID,Confirmed cases,Cori_step,2023-01-06,1.0198965649470106,1.0348177312111442,1.005082276960903,IND
India,IND,OWID,Confirmed cases,Cori_step,2023-01-07,1.0198965649470106,1.0348177312111442,1.005082276960903,IND
India,IND,OWID,Confirmed cases,Cori_step,2023-01-08,1.0198965649470106,1.0348177312111442,1.005082276960903,IND
India,IND,OWID,Confirmed cases,Cori_step,2023-01-09,1.0198965649470106,1.0348177312111442,1.005082276960903,IND
India,IND,OWID,Confirmed cases,Cori_step,2023-01-10,1.0198965649470106,1.0348177312111442,1.005082276960903,IND
India,IND,OWID,Confirmed cases,Cori_step,2023-01-11,1.0198965649470106,1.0348177312111442,1.005082276960903,IND
India,IND,OWID,Confirmed cases,Cori_step,2023-01-12,1.0198965649470106,1.0348177312111442,1.005082276960903,IND
India,IND,OWID,Confirmed cases,Cori_step,2023-01-13,1.0198965649470106,1.0348177312111442,1.005082276960903,IND
India,IND,OWID,Confirmed cases,Cori_step,2023-01-14,1.0198965649470106,1.0348177312111442,1.005082276960903,IND
India,IND,OWID,Confirmed cases,Cori_step,2023-01-15,1.0198965649470106,1.0348177312111442,1.005082276960903,IND
India,IND,OWID,Confirmed cases,Cori_step,2023-01-16,1.0198965649470106,1.0348177312111442,1.005082276960903,IND
India,IND,OWID,Confirmed cases,Cori_step,2023-01-17,1.0198965649470106,1.0348177312111442,1.005082276960903,IND
India,IND,OWID,Confirmed cases,Cori_step,2023-01-18,1.0198965649470106,1.0348177312111442,1.005082276960903,IND
India,IND,OWID,Confirmed cases,Cori_step,2023-01-19,1.0198965649470106,1.0348177312111442,1.005082276960903,IND
India,IND,OWID,Confirmed cases,Cori_step,2023-01-20,1.0198965649470106,1.0348177312111442,1.005082276960903,IND
India,IND,OWID,Confirmed cases,Cori_step,2023-01-21,1.0198965649470106,1.0348177312111442,1.005082276960903,IND
India,IND,OWID,Confirmed cases,Cori_step,2023-01-22,1.0198965649470106,1.0348177312111442,1.005082276960903,IND
India,IND,OWID,Confirmed cases,Cori_step,2023-01-23,1.0198965649470106,1.0348177312111442,1.005082276960903,IND
India,IND,OWID,Confirmed cases,Cori_step,2023-01-24,1.0198965649470106,1.0348177312111442,1.005082276960903,IND
India,IND,OWID,Confirmed cases,Cori_step,2023-01-25,1.0198965649470106,1.0348177312111442,1.005082276960903,IND
India,IND,OWID,Confirmed cases,Cori_step,2023-01-26,1.0198965649470106,1.0348177312111442,1.005082276960903,IND
India,IND,OWID,Confirmed cases,Cori_step,2023-01-27,1.0198965649470106,1.0348177312111442,1.005082276960903,IND
India,IND,OWID,Confirmed cases,Cori_step,2023-01-28,1.0198965649470106,1.0348177312111442,1.005082276960903,IND
India,IND,OWID,Confirmed cases,Cori_step,2023-01-29,1.0198965649470106,1.0348177312111442,1.005082276960903,IND
India,IND,OWID,Confirmed cases,Cori_step,2023-01-30,1.0198965649470106,1.0348177312111442,1.005082276960903,IND
India,IND,OWID,Confirmed cases,Cori_step,2023-01-31,1.0198965649470106,1.0348177312111442,1.005082276960903,IND
India,IND,OWID,Confirmed cases,Cori_step,2023-02-01,1.0198965649470106,1.0348177312111442,1.005082276960903,IND
India,IND,OWID,Confirmed cases,Cori_step,2023-02-02,1.0198965649470106,1.0348177312111442,1.005082276960903,IND
India,IND,OWID,Confirmed cases,Cori_step,2023-02-03,1.0198965649470106,1.0348177312111442,1.005082276960903,IND
India,IND,OWID,Confirmed cases,Cori_step,2023-02-04,1.0198965649470106,1.0348177312111442,1.005082276960903,IND
India,IND,OWID,Confirmed cases,Cori_step,2023-02-05,1.0198965649470106,1.0348177312111442,1.005082276960903,IND
India,IND,OWID,Confirmed cases,Cori_step,2023-02-06,1.0198965649470106,1.0348177312111442,1.005082276960903,IND
India,IND,OWID,Confirmed cases,Cori_step,2023-02-07,1.0198965649470106,1.0348177312111442,1.005082276960903,IND
India,IND,OWID,Confirmed cases,Cori_step,2023-02-08,1.0198965649470106,1.0348177312111442,1.005082276960903,IND
India,IND,OWID,Confirmed cases,Cori_step,2023-02-09,1.0198965649470106,1.0348177312111442,1.005082276960903,IND
India,IND,OWID,Confirmed cases,Cori_step,2023-02-10,1.0198965649470106,1.0348177312111442,1.005082276960903,IND
India,IND,OWID,Confirmed cases,Cori_step,2023-02-11,1.0198965649470106,1.0348177312111442,1.005082276960903,IND
India,IND,OWID,Confirmed cases,Cori_step,2023-02-12,1.0198965649470106,1.0348177312111442,1.005082276960903,IND
India,IND,OWID,Confirmed cases,Cori_step,2023-02-13,1.0198965649470106,1.0348177312111442,1.005082276960903,IND
India,IND,OWID,Confirmed cases,Cori_step,2023-02-14,1.0198965649470106,1.0348177312111442,1.005082276960903,IND
India,IND,OWID,Confirmed cases,Cori_step,2023-02-15,1.0198965649470106,1.0348177312111442,1.005082276960903,IND
India,IND,OWID,Confirmed cases,Cori_step,2023-02-16,1.0198965649470106,1.0348177312111442,1.005082276960903,IND
India,IND,OWID,Confirmed cases,Cori_step,2023-02-17,1.0198965649470106,1.0348177312111442,1.005082276960903,IND
India,IND,OWID,Confirmed cases,Cori_step,2023-02-18,1.0198965649470106,1.0348177312111442,1.005082276960903,IND
India,IND,OWID,Confirmed cases,Cori_step,2023-02-19,1.0198965649470106,1.0348177312111442,1.005082276960903,IND
India,IND,OWID,Confirmed cases,Cori_step,2023-02-20,1.0198965649470106,1.0348177312111442,1.005082276960903,IND
India,IND,OWID,Confirmed cases,Cori_step,2023-02-21,1.0198965649470106,1.0348177312111442,1.005082276960903,IND
India,IND,OWID,Confirmed cases,Cori_step,2023-02-22,1.0198965649470106,1.0348177312111442,1.005082276960903,IND
India,IND,OWID,Confirmed cases,Cori_step,2023-02-23,1.0198965649470106,1.0348177312111442,1.005082276960903,IND
India,IND,OWID,Confirmed cases,Cori_step,2023-02-24,1.0198965649470106,1.0348177312111442,1.005082276960903,IND
India,IND,OWID,Confirmed cases,Cori_step,2023-02-25,1.0198965649470106,1.0348177312111442,1.005082276960903,IND
India,IND,OWID,Confirmed cases,Cori_step,2023-02-26,1.0198965649470106,1.0348177312111442,1.005082276960903,IND
India,IND,OWID,Confirmed cases,Cori_step,2023-02-27,1.0198965649470106,1.0348177312111442,1.005082276960903,IND
India,IND,OWID,Confirmed cases,Cori_step,2023-02-28,1.0198965649470106,1.0348177312111442,1.005082276960903,IND
India,IND,OWID,Confirmed cases,Cori_step,2023-03-01,1.0198965649470106,1.0348177312111442,1.005082276960903,IND
India,IND,OWID,Confirmed cases,Cori_step,2023-03-02,1.0198965649470106,1.0348177312111442,1.005082276960903,IND
India,IND,OWID,Confirmed cases,Cori_step,2023-03-03,1.0198965649470106,1.0348177312111442,1.005082276960903,IND
India,IND,OWID,Confirmed cases,Cori_step,2023-03-04,1.2373561959182935,1.2928937173975774,1.1818186744390096,IND
India,IND,OWID,Confirmed cases,Cori_step,2023-03-05,1.2373561959182935,1.2928937173975774,1.1818186744390096,IND
India,IND,OWID,Confirmed cases,Cori_step,2023-03-06,1.2373561959182935,1.2928937173975774,1.1818186744390096,IND
India,IND,OWID,Confirmed cases,Cori_step,2023-03-07,1.2373561959182935,1.2928937173975774,1.1818186744390096,IND
India,IND,OWID,Confirmed cases,Cori_step,2023-03-08,1.2373561959182935,1.2928937173975774,1.1818186744390096,IND
India,IND,OWID,Confirmed cases,Cori_step,2023-03-09,1.2373561959182935,1.2928937173975774,1.1818186744390096,IND
India,IND,OWID,Confirmed cases,Cori_step,2023-03-10,1.2373561959182935,1.2928937173975774,1.1818186744390096,IND
India,IND,OWID,Deaths,Cori_slidingWindow,2022-01-01,1.11752054210799,4.32089681898108,0,IND
India,IND,OWID,Deaths,Cori_slidingWindow,2022-01-02,1.1201400283026464,4.363651113893502,0,IND
India,IND,OWID,Deaths,Cori_slidingWindow,2022-01-03,1.123862718639178,3.2440222716779603,0,IND
India,IND,OWID,Deaths,Cori_slidingWindow,2022-01-04,1.131845437368029,2.811355984678291,0,IND
India,IND,OWID,Deaths,Cori_slidingWindow,2022-01-05,1.1427560352612665,2.7829340686941304,0,IND
India,IND,OWID,Deaths,Cori_slidingWindow,2022-01-06,1.1505220510709833,2.567777571808748,0,IND
India,IND,OWID,Deaths,Cori_slidingWindow,2022-01-07,1.1491557498846914,2.3004649098490058,0,IND
India,IND,OWID,Deaths,Cori_slidingWindow,2022-01-08,1.1413751594677,2.96259336549649,0,IND
India,IND,OWID,Deaths,Cori_slidingWindow,2022-01-09,1.136303680471216,2.7615555612181883,0,IND
India,IND,OWID,Deaths,Cori_slidingWindow,2022-01-10,1.143034526058849,2.699391062434077,0,IND
India,IND,OWID,Deaths,Cori_slidingWindow,2022-01-11,1.1660976771456983,2.775680805012254,0,IND
India,IND,OWID,Deaths,Cori_slidingWindow,2022-01-12,1.2000067004914194,3.1246301236891214,0,IND
India,IND,OWID,Deaths,Cori_slidingWindow,2022-01-13,1.2362114760682523,3.365962189589081,0,IND
India,IND,OWID,Deaths,Cori_slidingWindow,2022-01-14,1.2697005097395644,3.498475496149898,0,IND
India,IND,OWID,Deaths,Cori_slidingWindow,2022-01-15,1.3019050724709895,3.627037064222919,0,IND
India,IND,OWID,Deaths,Cori_slidingWindow,2022-01-16,1.3326613487370211,3.368851414488346,0,IND
India,IND,OWID,Deaths,Cori_slidingWindow,2022-01-17,1.3508293344330327,3.105685044919279,0,IND
India,IND,OWID,Deaths,Cori_slidingWindow,2022-01-18,1.3417359585671904,3.047117793489324,0,IND
India,IND,OWID,Deaths,Cori_slidingWindow,2022-01-19,1.2982944718272826,2.74235278339345,0,IND
India,IND,OWID,Deaths,Cori_slidingWindow,2022-01-20,1.226475079772469,2.6674873655974194,0,IND
India,IND,OWID,Deaths,Cori_slidingWindow,2022-01-21,1.1374662122955788,2.857542513716812,0,IND
India,IND,OWID,Deaths,Cori_slidingWindow,2022-01-22,1.0414325676913512,2.9357243527268304,0,IND
India,IND,OWID,Deaths,Cori_slidingWindow,2022-01-23,0.9460783225801838,2.9467339345384995,0,IND
India,IND,OWID,Deaths,Cori_slidingWindow,2022-01-24,0.8566990829804648,2.520676900982889,0,IND
India,IND,OWID,Deaths,Cori_slidingWindow,2022-01-25,0.7751807155391008,2.2487542689074616,0,IND
India,IND,OWID,Deaths,Cori_slidingWindow,2022-01-26,0.7003553674592012,1.9350318686655124,0,IND
India,IND,OWID,Deaths,Cori_slidingWindow,2022-01-27,0.6322550416019225,1.7830185770680438,0,IND
India,IND,OWID,Deaths,Cori_slidingWindow,2022-01-28,0.5743779814745247,1.769266793760917,0,IND
India,IND,OWID,Deaths,Cori_slidingWindow,2022-01-29,0.5309449682934886,1.6591647272211534,0,IND
India,IND,OWID,Deaths,Cori_slidingWindow,2022-01-30,0.5036217659073752,1.4723300814365152,0,IND
India,IND,OWID,Deaths,Cori_slidingWindow,2022-01-31,0.49092557584040264,1.3023443587371615,0,IND
India,IND,OWID,Deaths,Cori_slidingWindow,2022-02-01,0.4923576971037038,1.1732253570801259,0,IND
India,IND,OWID,Deaths,Cori_slidingWindow,2022-02-02,0.510764862372281,1.1923379141584969,0,IND
India,IND,OWID,Deaths,Cori_slidingWindow,2022-02-03,0.5510801866695375,1.7250656692493682,0,IND
India,IND,OWID,Deaths,Cori_slidingWindow,2022-02-04,0.6141939370379248,2.214566472685159,0,IND
India,IND,OWID,Deaths,Cori_slidingWindow,2022-02-05,0.6934728428119682,2.273380703731407,0,IND
India,IND,OWID,Deaths,Cori_slidingWindow,2022-02-06,0.7768042220490038,2.243022207788788,0,IND
India,IND,OWID,Deaths,Cori_slidingWindow,2022-02-07,0.8541552665590624,2.353951974249997,0,IND
India,IND,OWID,Deaths,Cori_slidingWindow,2022-02-08,0.9188961312325291,2.311659111325657,0,IND
India,IND,OWID,Deaths,Cori_slidingWindow,2022-02-09,0.9683871183391771,2.2015979331285642,0,IND
India,IND,OWID,Deaths,Cori_slidingWindow,2022-02-10,1.0028664467768882,2.2584333663896254,0,IND
India,IND,OWID,Deaths,Cori_slidingWindow,2022-02-11,1.02027707399738,2.360457547267195,0,IND
India,IND,OWID,Deaths,Cori_slidingWindow,2022-02-12,1.0185779477778723,2.245476571057013,0,IND
India,IND,OWID,Deaths,Cori_slidingWindow,2022-02-13,1.0004192698316798,2.065948488676638,0,IND
India,IND,OWID,Deaths,Cori_slidingWindow,2022-02-14,0.9748154867339834,2.6766244270570865,0,IND
India,IND,OWID,Deaths,Cori_slidingWindow,2022-02-15,0.9526765536896411,3.1680550784713764,0,IND
India,IND,OWID,Deaths,Cori_slidingWindow,2022-02-16,0.9399280241719217,2.9153550221998765,0,IND
India,IND,OWID,Deaths,Cori_slidingWindow,2022-02-17,0.9374122301911947,2.6654944774945566,0,IND
India,IND,OWID,Deaths,Cori_slidingWindow,2022-02-18,0.9395334528883446,2.713370968229902,0,IND
India,IND,OWID,Deaths,Cori_slidingWindow,2022-02-19,0.9330780475130138,2.636976003548661,0,IND
India,IND,OWID,Deaths,Cori_slidingWindow,2022-02-20,0.902168889082829,2.3416194759636704,0,IND
India,IND,OWID,Deaths,Cori_slidingWindow,2022-02-21,0.837099213670601,2.7099038347939537,0,IND
India,IND,OWID,Deaths,Cori_slidingWindow,2022-02-22,0.743152275240648,3.2663147724555923,0,IND
India,IND,OWID,Deaths,Cori_slidingWindow,2022-02-23,0.6337204620750436,3.1285508781372737,0,IND
India,IND,OWID,Deaths,Cori_slidingWindow,2022-02-24,0.5235541945038952,2.334111017265004,0,IND
India,IND,OWID,Deaths,Cori_slidingWindow,2022-02-25,0.4224434448590551,1.7221649469394444,0,IND
India,IND,OWID,Deaths,Cori_slidingWindow,2022-02-26,0.3362076062039125,1.4220687480593281,0,IND
India,IND,OWID,Deaths,Cori_slidingWindow,2022-02-27,0.27051936242129976,1.2500010923899163,0,IND
India,IND,OWID,Deaths,Cori_slidingWindow,2022-02-28,0.23061027724750266,1.7377732790983416,0,IND
India,IND,OWID,Deaths,Cori_slidingWindow,2022-03-01,0.2231676818740523,1.9458176403371406,0,IND
India,IND,OWID,Deaths,Cori_slidingWindow,2022-03-02,0.2728931929622021,1.7430824397932478,0,IND
India,IND,OWID,Deaths,Cori_slidingWindow,2022-03-03,0.459750984964012,2.229282851683096,0,IND
India,IND,OWID,Deaths,Cori_slidingWindow,2022-03-04,0.9912726077660339,3.612068343108566,0,IND
India,IND,OWID,Deaths,Cori_slidingWindow,2022-03-05,2.1350877066600193,4.430163407140427,0,IND
India,IND,OWID,Deaths,Cori_slidingWindow,2022-03-06,3.6869376716696065,6.222203003855025,1.151672339484188,IND
India,IND,OWID,Deaths,Cori_slidingWindow,2022-03-07,4.822943283449483,8.217234453445213,1.4286521134537522,IND
India,IND,OWID,Deaths,Cori_slidingWindow,2022-03-08,5.025540461902463,7.930786193311932,2.1202947304929944,IND
India,IND,OWID,Deaths,Cori_slidingWindow,2022-03-09,4.274980992767838,6.341591195458394,2.208370790077282,IND
India,IND,OWID,Deaths,Cori_slidingWindow,2022-03-10,2.993426860296242,4.509903906401548,1.4769498141909363,IND
India,IND,OWID,Deaths,Cori_slidingWindow,2022-03-11,1.8084293120260762,4.814441897353483,0,IND
India,IND,OWID,Deaths,Cori_slidingWindow,2022-03-12,0.9563380549822496,4.1984915439098645,0,IND
India,IND,OWID,Deaths,Cori_slidingWindow,2022-03-13,0.4039318176126066,2.6741670365488317,0,IND
India,IND,OWID,Deaths,Cori_slidingWindow,2022-03-14,0.11310046305134451,1.5923248514770705,0,IND
India,IND,OWID,Deaths,Cori_slidingWindow,2022-03-15,0.018106468637821692,1.0756052182474753,0,IND
India,IND,OWID,Deaths,Cori_slidingWindow,2022-03-16,0.0016031123843521977,1.4872245875988008,0,IND
India,IND,OWID,Deaths,Cori_slidingWindow,2022-03-17,1.335062541657408e-4,2.704974703160647,0,IND
India,IND,OWID,Deaths,Cori_slidingWindow,2022-03-18,9.383231197017862e-5,2.4099204421471923,0,IND
India,IND,OWID,Deaths,Cori_slidingWindow,2022-03-19,1.3722738748859372e-4,1.609393368931687,0,IND
India,IND,OWID,Deaths,Cori_slidingWindow,2022-03-20,2.0314216860651787e-4,1.0774180800883877,0,IND
India,IND,OWID,Deaths,Cori_slidingWindow,2022-03-21,2.989209432302801e-4,0.7858980458567965,0,IND
India,IND,OWID,Deaths,Cori_slidingWindow,2022-03-22,4.3779825029865055e-4,2.3789359207899756,0,IND
India,IND,OWID,Deaths,Cori_slidingWindow,2022-03-23,6.388363172129541e-4,2.5688456460628055,0,IND
India,IND,OWID,Deaths,Cori_slidingWindow,2022-03-24,9.293942127661601e-4,1.4947090882106024,0,IND
India,IND,OWID,Deaths,Cori_slidingWindow,2022-03-25,0.0013486896377086534,0.9497381690175081,0,IND
India,IND,OWID,Deaths,Cori_slidingWindow,2022-03-26,0.0019528528101043668,0.7359465524833372,0,IND
India,IND,OWID,Deaths,Cori_slidingWindow,2022-03-27,0.00282206654059703,0.7081542948747774,0,IND
India,IND,OWID,Deaths,Cori_slidingWindow,2022-03-28,0.0040705935897571415,0.7885470304772823,0,IND
India,IND,OWID,Deaths,Cori_slidingWindow,2022-03-29,0.0058607797570021485,0.900958825971025,0,IND
India,IND,OWID,Deaths,Cori_slidingWindow,2022-03-30,0.008424059186781815,0.9842296461255281,0,IND
India,IND,OWID,Deaths,Cori_slidingWindow,2022-03-31,0.012143820045226178,1.2326664588992609,0,IND
India,IND,OWID,Deaths,Cori_slidingWindow,2022-04-01,0.018934534478214388,1.805065278921648,0,IND
India,IND,OWID,Deaths,Cori_slidingWindow,2022-04-02,0.057356826374199636,2.8741309133875763,0,IND
India,IND,OWID,Deaths,Cori_slidingWindow,2022-04-03,0.5191633110629054,5.091853529844284,0,IND
India,IND,OWID,Deaths,Cori_slidingWindow,2022-04-04,4.372293425685592,9.36579104405993,0.9303644379055451,IND
India,IND,OWID,Deaths,Cori_slidingWindow,2022-04-05,11.565659126505652,16.78466218582968,7.308162330028494,IND
India,IND,OWID,Deaths,Cori_slidingWindow,2022-04-06,10.663573905452525,14.850874259221486,6.476273551683564,IND
India,IND,OWID,Deaths,Cori_slidingWindow,2022-04-07,7.950126320582258,11.891327934322831,4.008924706841684,IND
India,IND,OWID,Deaths,Cori_slidingWindow,2022-04-08,5.848692548596726,11.14860387046051,0.5487812267329417,IND
India,IND,OWID,Deaths,Cori_slidingWindow,2022-04-09,4.2152450839573286,8.448115413240366,0,IND
India,IND,OWID,Deaths,Cori_slidingWindow,2022-04-10,2.8733689576889856,5.389888223011066,0.35684969236690556,IND
India,IND,OWID,Deaths,Cori_slidingWindow,2022-04-11,1.8230358003645777,3.4238608866655103,0.2222107140636449,IND
India,IND,OWID,Deaths,Cori_slidingWindow,2022-04-12,1.0550766267494787,3.836097915268408,0,IND
India,IND,OWID,Deaths,Cori_slidingWindow,2022-04-13,0.5327261410970767,3.9550714484461045,0,IND
India,IND,OWID,Deaths,Cori_slidingWindow,2022-04-14,0.21648552141935654,2.4192475907824846,0,IND
India,IND,OWID,Deaths,Cori_slidingWindow,2022-04-15,0.06697656023548829,1.7833432845518988,0,IND
India,IND,OWID,Deaths,Cori_slidingWindow,2022-04-16,0.015774962460368275,2.0249582265655617,0,IND
India,IND,OWID,Deaths,Cori_slidingWindow,2022-04-17,0.0029442434926917928,1.6133541883788258,0,IND
India,IND,OWID,Deaths,Cori_slidingWindow,2022-04-18,6.070586239133005e-4,1.1079158846758812,0,IND
India,IND,OWID,Deaths,Cori_slidingWindow,2022-04-19,3.4660768338032436e-4,0.9574279395172217,0,IND
India,IND,OWID,Deaths,Cori_slidingWindow,2022-04-20,4.4117617646093293e-4,0.963959126969974,0,IND
India,IND,OWID,Deaths,Cori_slidingWindow,2022-04-21,6.404842938227088e-4,0.9388441825098461,0,IND
India,IND,OWID,Deaths,Cori_slidingWindow,2022-04-22,9.376740433658211e-4,0.9000749493087249,0,IND
India,IND,OWID,Deaths,Cori_slidingWindow,2022-04-23,0.0013694840656850288,0.8791049153197571,0,IND
India,IND,OWID,Deaths,Cori_slidingWindow,2022-04-24,0.0019949300602456407,0.8297030564722477,0,IND
India,IND,OWID,Deaths,Cori_slidingWindow,2022-04-25,0.0029056200113601795,0.7751134021884547,0,IND
India,IND,OWID,Deaths,Cori_slidingWindow,2022-04-26,0.004301526348795165,1.0087537856426791,0,IND
India,IND,OWID,Deaths,Cori_slidingWindow,2022-04-27,0.007266760921256687,1.2000925901902846,0,IND
India,IND,OWID,Deaths,Cori_slidingWindow,2022-04-28,0.021945933115577305,1.1929758908615145,0,IND
India,IND,OWID,Deaths,Cori_slidingWindow,2022-04-29,0.13751802137323552,1.6860243040983791,0,IND
India,IND,OWID,Deaths,Cori_slidingWindow,2022-04-30,0.9089627812844183,2.845054969697918,0,IND
India,IND,OWID,Deaths,Cori_slidingWindow,2022-05-01,3.670255703950297,6.54055530866718,1.6219748667410732,IND
India,IND,OWID,Deaths,Cori_slidingWindow,2022-05-02,5.898701812935868,8.456866552665186,3.7963659773982776,IND
India,IND,OWID,Deaths,Cori_slidingWindow,2022-05-03,5.127767767595365,6.695106915997507,3.560428619193222,IND
India,IND,OWID,Deaths,Cori_slidingWindow,2022-05-04,3.8452229088089034,5.263369189558087,2.42707662805972,IND
India,IND,OWID,Deaths,Cori_slidingWindow,2022-05-05,2.85295515549442,4.157838726221838,1.5480715847670021,IND
India,IND,OWID,Deaths,Cori_slidingWindow,2022-05-06,2.145211489429632,3.498205577018414,0.7922174018408505,IND
India,IND,OWID,Deaths,Cori_slidingWindow,2022-05-07,1.6431859947171796,3.672886971791473,0,IND
India,IND,OWID,Deaths,Cori_slidingWindow,2022-05-08,1.2805010496634748,3.564565702494442,0,IND
India,IND,OWID,Deaths,Cori_slidingWindow,2022-05-09,1.0180451971225284,2.5435458930643358,0,IND
India,IND,OWID,Deaths,Cori_slidingWindow,2022-05-10,0.8269291844946411,2.0636804725345614,0,IND
India,IND,OWID,Deaths,Cori_slidingWindow,2022-05-11,0.686253882373499,2.7415273072429094,0,IND
India,IND,OWID,Deaths,Cori_slidingWindow,2022-05-12,0.5805124049045625,2.794058454943999,0,IND
India,IND,OWID,Deaths,Cori_slidingWindow,2022-05-13,0.49962666068832673,2.473371181834988,0,IND
India,IND,OWID,Deaths,Cori_slidingWindow,2022-05-14,0.44032611671723676,2.0444322791618017,0,IND
India,IND,OWID,Deaths,Cori_slidingWindow,2022-05-15,0.40269906672864475,1.5953158454999454,0,IND
India,IND,OWID,Deaths,Cori_slidingWindow,2022-05-16,0.3868827242913947,1.2074437180520778,0,IND
India,IND,OWID,Deaths,Cori_slidingWindow,2022-05-17,0.3927314943773993,1.189605503054465,0,IND
India,IND,OWID,Deaths,Cori_slidingWindow,2022-05-18,0.42298797896637647,1.933642625358462,0,IND
India,IND,OWID,Deaths,Cori_slidingWindow,2022-05-19,0.48367215126844676,1.8267353218801115,0,IND
India,IND,OWID,Deaths,Cori_slidingWindow,2022-05-20,0.5824211809869064,1.6805169137312919,0,IND
India,IND,OWID,Deaths,Cori_slidingWindow,2022-05-21,0.7227975241389933,1.8542232695059582,0,IND
India,IND,OWID,Deaths,Cori_slidingWindow,2022-05-22,0.8952914622370348,2.037580443214064,0,IND
India,IND,OWID,Deaths,Cori_slidingWindow,2022-05-23,1.0722151627285414,2.128209933731534,0.016220391725549232,IND
India,IND,OWID,Deaths,Cori_slidingWindow,2022-05-24,1.219710276881336,2.1716176727548726,0.26780288100779903,IND
India,IND,OWID,Deaths,Cori_slidingWindow,2022-05-25,1.3152072566001545,2.178066636976056,0.45234787622425254,IND
India,IND,OWID,Deaths,Cori_slidingWindow,2022-05-26,1.3539336582067936,2.170948743597816,0.5369185728157712,IND
India,IND,OWID,Deaths,Cori_slidingWindow,2022-05-27,1.3448881093616534,2.1504638627634316,0.5393123559598751,IND
India,IND,OWID,Deaths,Cori_slidingWindow,2022-05-28,1.3022715393137179,2.2078945825689873,0.39664849605844843,IND
India,IND,OWID,Deaths,Cori_slidingWindow,2022-05-29,1.2446037072242255,2.8281133024156624,0,IND
India,IND,OWID,Deaths,Cori_slidingWindow,2022-05-30,1.190700591948838,2.7869867553026495,0,IND
India,IND,OWID,Deaths,Cori_slidingWindow,2022-05-31,1.1562724162867157,2.5102902266359886,0,IND
India,IND,OWID,Deaths,Cori_slidingWindow,2022-06-01,1.1463503007986,2.315108957185005,0,IND
India,IND,OWID,Deaths,Cori_slidingWindow,2022-06-02,1.1562436065167578,2.313665152461845,0,IND
India,IND,OWID,Deaths,Cori_slidingWindow,2022-06-03,1.1791953356702158,2.4392394512818747,0,IND
India,IND,OWID,Deaths,Cori_slidingWindow,2022-06-04,1.2102003218926207,2.3538000677491775,0.06660057603606417,IND
India,IND,OWID,Deaths,Cori_slidingWindow,2022-06-05,1.2429686118414982,2.27025177734991,0.2156854463330864,IND
India,IND,OWID,Deaths,Cori_slidingWindow,2022-06-06,1.2683810272310276,2.2391191477929366,0.2976429066691184,IND
India,IND,OWID,Deaths,Cori_slidingWindow,2022-06-07,1.2797972995707592,3.137311545361788,0,IND
India,IND,OWID,Deaths,Cori_slidingWindow,2022-06-08,1.2751126770581143,3.676207292809715,0,IND
India,IND,OWID,Deaths,Cori_slidingWindow,2022-06-09,1.2560226069827864,2.9474955414072093,0,IND
India,IND,OWID,Deaths,Cori_slidingWindow,2022-06-10,1.2268170150962665,2.772732176948602,0,IND
India,IND,OWID,Deaths,Cori_slidingWindow,2022-06-11,1.1929592735613563,3.166929003485458,0,IND
India,IND,OWID,Deaths,Cori_slidingWindow,2022-06-12,1.1588478548604313,3.071365297116789,0,IND
India,IND,OWID,Deaths,Cori_slidingWindow,2022-06-13,1.1262913795666671,2.43863054530899,0,IND
India,IND,OWID,Deaths,Cori_slidingWindow,2022-06-14,1.095531172683514,1.9079326981321567,0.2831296472348712,IND
India,IND,OWID,Deaths,Cori_slidingWindow,2022-06-15,1.0664120274602005,1.7119693244501413,0.4208547304702597,IND
India,IND,OWID,Deaths,Cori_slidingWindow,2022-06-16,1.040933165491364,1.677770763729037,0.404095567253691,IND
India,IND,OWID,Deaths,Cori_slidingWindow,2022-06-17,1.0217542315944177,2.122132708506358,0,IND
India,IND,OWID,Deaths,Cori_slidingWindow,2022-06-18,1.0095603306434835,2.2724245944902,0,IND
India,IND,OWID,Deaths,Cori_slidingWindow,2022-06-19,1.0027280771534544,1.9693537931862002,0.036102361120708526,IND
India,IND,OWID,Deaths,Cori_slidingWindow,2022-06-20,1.000658979402275,1.871743043671286,0.12957491513326402,IND
India,IND,OWID,Deaths,Cori_slidingWindow,2022-06-21,1.005222046105811,1.903170457255026,0.10727363495659603,IND
India,IND,OWID,Deaths,Cori_slidingWindow,2022-06-22,1.0189273652762043,1.932961718242281,0.10489301231012771,IND
India,IND,OWID,Deaths,Cori_slidingWindow,2022-06-23,1.041220410724065,2.185424435501016,0,IND
India,IND,OWID,Deaths,Cori_slidingWindow,2022-06-24,1.0680290093790026,2.514507821960805,0,IND
India,IND,OWID,Deaths,Cori_slidingWindow,2022-06-25,1.0941582591165648,2.559735857627347,0,IND
India,IND,OWID,Deaths,Cori_slidingWindow,2022-06-26,1.1155030128544399,2.340052348732545,0,IND
India,IND,OWID,Deaths,Cori_slidingWindow,2022-06-27,1.1311304473582746,2.1071975394013647,0.15506335531518434,IND
India,IND,OWID,Deaths,Cori_slidingWindow,2022-06-28,1.1423850015351886,2.008972754877977,0.27579724819240015,IND
India,IND,OWID,Deaths,Cori_slidingWindow,2022-06-29,1.1512505674369482,1.9823301407931766,0.3201709940807198,IND
India,IND,OWID,Deaths,Cori_slidingWindow,2022-06-30,1.158846135121011,1.966859162106938,0.35083310813508406,IND
India,IND,OWID,Deaths,Cori_slidingWindow,2022-07-01,1.162642055584121,1.9662666158005437,0.35901749536769834,IND
India,IND,OWID,Deaths,Cori_slidingWindow,2022-07-02,1.1571980913757256,3.1314660852363634,0,IND
India,IND,OWID,Deaths,Cori_slidingWindow,2022-07-03,1.1379660648182492,3.1164108282518574,0,IND
India,IND,OWID,Deaths,Cori_slidingWindow,2022-07-04,1.106001026927721,2.5176062332532503,0,IND
India,IND,OWID,Deaths,Cori_slidingWindow,2022-07-05,1.0685898875379742,2.649573848490854,0,IND
India,IND,OWID,Deaths,Cori_slidingWindow,2022-07-06,1.0335889793105892,2.499495458035028,0,IND
India,IND,OWID,Deaths,Cori_slidingWindow,2022-07-07,1.005946963448138,2.26184812235348,0,IND
India,IND,OWID,Deaths,Cori_slidingWindow,2022-07-08,0.9858322672470736,2.1295439546862873,0,IND
India,IND,OWID,Deaths,Cori_slidingWindow,2022-07-09,0.9706217268648943,2.025575581051137,0,IND
India,IND,OWID,Deaths,Cori_slidingWindow,2022-07-10,0.9569985969562818,1.8732091194321563,0.04078807448040722,IND
India,IND,OWID,Deaths,Cori_slidingWindow,2022-07-11,0.9429396346980504,1.6925341230055384,0.19334514639056244,IND
India,IND,OWID,Deaths,Cori_slidingWindow,2022-07-12,0.93066719084407,1.5676354082671469,0.29369897342099305,IND
India,IND,OWID,Deaths,Cori_slidingWindow,2022-07-13,0.9247647472444894,1.5941936155208012,0.25533587896817767,IND
India,IND,OWID,Deaths,Cori_slidingWindow,2022-07-14,0.9287886598434472,1.9140971659058086,0,IND
India,IND,OWID,Deaths,Cori_slidingWindow,2022-07-15,0.9425670374083984,2.5079671582787717,0,IND
India,IND,OWID,Deaths,Cori_slidingWindow,2022-07-16,0.9618065599166865,2.8589651871921626,0,IND
India,IND,OWID,Deaths,Cori_slidingWindow,2022-07-17,0.9822388821586977,2.6995089688487957,0,IND
India,IND,OWID,Deaths,Cori_slidingWindow,2022-07-18,1.0019499064093924,2.5591654152605137,0,IND
India,IND,OWID,Deaths,Cori_slidingWindow,2022-07-19,1.022491776164667,2.736216830542884,0,IND
India,IND,OWID,Deaths,Cori_slidingWindow,2022-07-20,1.045747204071311,2.8244546859891573,0,IND
India,IND,OWID,Deaths,Cori_slidingWindow,2022-07-21,1.0698428385742056,2.911393655408549,0,IND
India,IND,OWID,Deaths,Cori_slidingWindow,2022-07-22,1.089653001256609,3.3664214481248935,0,IND
India,IND,OWID,Deaths,Cori_slidingWindow,2022-07-23,1.0989683984441343,3.5644465593379686,0,IND
India,IND,OWID,Deaths,Cori_slidingWindow,2022-07-24,1.0945435388175628,3.147028491955999,0,IND
India,IND,OWID,Deaths,Cori_slidingWindow,2022-07-25,1.0772942845520646,2.4962049030797147,0,IND
India,IND,OWID,Deaths,Cori_slidingWindow,2022-07-26,1.050605226659048,2.254119401465151,0,IND
India,IND,OWID,Deaths,Cori_slidingWindow,2022-07-27,1.0181898310536759,2.419525853754368,0,IND
India,IND,OWID,Deaths,Cori_slidingWindow,2022-07-28,0.9824434060506307,2.6393478320512145,0,IND
India,IND,OWID,Deaths,Cori_slidingWindow,2022-07-29,0.9446644218716587,2.66164941317613,0,IND
India,IND,OWID,Deaths,Cori_slidingWindow,2022-07-30,0.9059248931876142,2.4713294129951198,0,IND
India,IND,OWID,Deaths,Cori_slidingWindow,2022-07-31,0.8677427805289463,2.213100427305408,0,IND
India,IND,OWID,Deaths,Cori_slidingWindow,2022-08-01,0.8347944463755614,2.0328290537046163,0,IND
India,IND,OWID,Deaths,Cori_slidingWindow,2022-08-02,0.8143678760881976,1.9061195863424512,0,IND
India,IND,OWID,Deaths,Cori_slidingWindow,2022-08-03,0.8137840529957767,1.8223280330748801,0,IND
India,IND,OWID,Deaths,Cori_slidingWindow,2022-08-04,0.8394551416596296,2.4637564551806443,0,IND
India,IND,OWID,Deaths,Cori_slidingWindow,2022-08-05,0.8948340837569473,3.419458533053567,0,IND
India,IND,OWID,Deaths,Cori_slidingWindow,2022-08-06,0.9802301789739993,3.8564454333580844,0,IND
India,IND,OWID,Deaths,Cori_slidingWindow,2022-08-07,1.0897224545888515,3.3795178218798196,0,IND
India,IND,OWID,Deaths,Cori_slidingWindow,2022-08-08,1.2039528344667108,2.629760565312245,0,IND
India,IND,OWID,Deaths,Cori_slidingWindow,2022-08-09,1.2971176888734908,3.1721612873412264,0,IND
India,IND,OWID,Deaths,Cori_slidingWindow,2022-08-10,1.3513115259678223,3.9398659030350043,0,IND
India,IND,OWID,Deaths,Cori_slidingWindow,2022-08-11,1.3637154189439704,3.7813723055031723,0,IND
India,IND,OWID,Deaths,Cori_slidingWindow,2022-08-12,1.337414014664536,3.313939870974793,0,IND
India,IND,OWID,Deaths,Cori_slidingWindow,2022-08-13,1.2680827398175403,2.771270889553145,0,IND
India,IND,OWID,Deaths,Cori_slidingWindow,2022-08-14,1.152634365365693,2.2543187810820964,0.05094994964928978,IND
India,IND,OWID,Deaths,Cori_slidingWindow,2022-08-15,0.9969330991171099,2.199570405219318,0,IND
India,IND,OWID,Deaths,Cori_slidingWindow,2022-08-16,0.8252548063887725,2.4642804908169587,0,IND
India,IND,OWID,Deaths,Cori_slidingWindow,2022-08-17,0.6657885719544208,2.9750712709558274,0,IND
India,IND,OWID,Deaths,Cori_slidingWindow,2022-08-18,0.5379235381804786,2.4763477958460167,0,IND
India,IND,OWID,Deaths,Cori_slidingWindow,2022-08-19,0.44644012335741867,1.9712830389924771,0,IND
India,IND,OWID,Deaths,Cori_slidingWindow,2022-08-20,0.3855806958953727,1.5504945233990135,0,IND
India,IND,OWID,Deaths,Cori_slidingWindow,2022-08-21,0.35193852639922896,1.2316181317177095,0,IND
India,IND,OWID,Deaths,Cori_slidingWindow,2022-08-22,0.345976905444705,1.053295576893969,0,IND
India,IND,OWID,Deaths,Cori_slidingWindow,2022-08-23,0.3719015418580098,1.3181908845919534,0,IND
India,IND,OWID,Deaths,Cori_slidingWindow,2022-08-24,0.43859865754400507,2.149663776034976,0,IND
India,IND,OWID,Deaths,Cori_slidingWindow,2022-08-25,0.5603268368412733,2.4335310844678997,0,IND
India,IND,OWID,Deaths,Cori_slidingWindow,2022-08-26,0.752499316478817,2.4886112242559366,0,IND
India,IND,OWID,Deaths,Cori_slidingWindow,2022-08-27,1.013794369113462,3.068640674097855,0,IND
India,IND,OWID,Deaths,Cori_slidingWindow,2022-08-28,1.3024091090274499,3.3417524232458184,0,IND
India,IND,OWID,Deaths,Cori_slidingWindow,2022-08-29,1.5443254192498748,3.2054371223725417,0,IND
India,IND,OWID,Deaths,Cori_slidingWindow,2022-08-30,1.6825417743126156,3.1161632610481567,0.2489202875770744,IND
India,IND,OWID,Deaths,Cori_slidingWindow,2022-08-31,1.7050355002452666,2.9630491849349747,0.44702181555555875,IND
India,IND,OWID,Deaths,Cori_slidingWindow,2022-09-01,1.6297084519058413,3.0728986172501642,0.1865182865615187,IND
India,IND,OWID,Deaths,Cori_slidingWindow,2022-09-02,1.4899917801942717,4.3472291194009305,0,IND
India,IND,OWID,Deaths,Cori_slidingWindow,2022-09-03,1.3247361636129804,3.7943670472854762,0,IND
India,IND,OWID,Deaths,Cori_slidingWindow,2022-09-04,1.169428547192217,2.7920371225022413,0,IND
India,IND,OWID,Deaths,Cori_slidingWindow,2022-09-05,1.0459118769618811,2.1483969996017063,0,IND
India,IND,OWID,Deaths,Cori_slidingWindow,2022-09-06,0.9626477453936154,1.8076404796498518,0.11765501113737908,IND
India,IND,OWID,Deaths,Cori_slidingWindow,2022-09-07,0.9169951848549691,1.7731932107957737,0.060797158914164484,IND
India,IND,OWID,Deaths,Cori_slidingWindow,2022-09-08,0.9007395365117237,2.204060367555674,0,IND
India,IND,OWID,Deaths,Cori_slidingWindow,2022-09-09,0.9027864991992298,2.6944278948915366,0,IND
India,IND,OWID,Deaths,Cori_slidingWindow,2022-09-10,0.9116374406037159,2.7926003571666924,0,IND
India,IND,OWID,Deaths,Cori_slidingWindow,2022-09-11,0.9179957729333512,2.4544631629820737,0,IND
India,IND,OWID,Deaths,Cori_slidingWindow,2022-09-12,0.916215834763159,1.9843460440389118,0,IND
India,IND,OWID,Deaths,Cori_slidingWindow,2022-09-13,0.9048144684023967,1.679910923003246,0.12971801380154724,IND
India,IND,OWID,Deaths,Cori_slidingWindow,2022-09-14,0.8853892426058456,1.7359456408253826,0.034832844386308626,IND
India,IND,OWID,Deaths,Cori_slidingWindow,2022-09-15,0.8620354653232755,2.345494304847493,0,IND
India,IND,OWID,Deaths,Cori_slidingWindow,2022-09-16,0.8380709481395527,2.482965978907953,0,IND
India,IND,OWID,Deaths,Cori_slidingWindow,2022-09-17,0.8143462175884909,2.3500769647276254,0,IND
India,IND,OWID,Deaths,Cori_slidingWindow,2022-09-18,0.7904443675024753,2.121394984674647,0,IND
India,IND,OWID,Deaths,Cori_slidingWindow,2022-09-19,0.7688907671191653,1.9337130528989048,0,IND
India,IND,OWID,Deaths,Cori_slidingWindow,2022-09-20,0.7570677761494665,1.8796762682067638,0,IND
India,IND,OWID,Deaths,Cori_slidingWindow,2022-09-21,0.7632011352779773,2.013604220412552,0,IND
India,IND,OWID,Deaths,Cori_slidingWindow,2022-09-22,0.7937494407678289,2.26397273525404,0,IND
India,IND,OWID,Deaths,Cori_slidingWindow,2022-09-23,0.8534984992658675,2.7627898737043965,0,IND
India,IND,OWID,Deaths,Cori_slidingWindow,2022-09-24,0.9435570882135601,3.118842416424452,0,IND
India,IND,OWID,Deaths,Cori_slidingWindow,2022-09-25,1.0563833934116624,3.1707029174346086,0,IND
India,IND,OWID,Deaths,Cori_slidingWindow,2022-09-26,1.1660552620055973,2.5800231836491214,0,IND
India,IND,OWID,Deaths,Cori_slidingWindow,2022-09-27,1.2345667612288211,2.188985108145849,0.2801484143117934,IND
India,IND,OWID,Deaths,Cori_slidingWindow,2022-09-28,1.2274801291194521,2.0737257111449363,0.3812345470939681,IND
India,IND,OWID,Deaths,Cori_slidingWindow,2022-09-29,1.134119724121912,2.2080175664540738,0.06022188178975063,IND
India,IND,OWID,Deaths,Cori_slidingWindow,2022-09-30,0.9703471738988686,2.2833494584180043,0,IND
India,IND,OWID,Deaths,Cori_slidingWindow,2022-10-01,0.7669765795067249,2.027228683944145,0,IND
India,IND,OWID,Deaths,Cori_slidingWindow,2022-10-02,0.5587287412313995,1.606986084845385,0,IND
India,IND,OWID,Deaths,Cori_slidingWindow,2022-10-03,0.37291119078556817,1.229030639352706,0,IND
India,IND,OWID,Deaths,Cori_slidingWindow,2022-10-04,0.22715893061845924,1.0203292777672526,0,IND
India,IND,OWID,Deaths,Cori_slidingWindow,2022-10-05,0.12695354765690964,1.0323252012339934,0,IND
India,IND,OWID,Deaths,Cori_slidingWindow,2022-10-06,0.06701340523989338,1.5918583893099079,0,IND
India,IND,OWID,Deaths,Cori_slidingWindow,2022-10-07,0.03764531457318765,2.1826983866317864,0,IND
India,IND,OWID,Deaths,Cori_slidingWindow,2022-10-08,0.030220144322365448,2.3390536822638666,0,IND
India,IND,OWID,Deaths,Cori_slidingWindow,2022-10-09,0.043305975215497464,2.029316410629683,0,IND
India,IND,OWID,Deaths,Cori_slidingWindow,2022-10-10,0.0940999627980614,1.7614559419727804,0,IND
India,IND,OWID,Deaths,Cori_slidingWindow,2022-10-11,0.3030275474067428,1.8382575260291134,0,IND
India,IND,OWID,Deaths,Cori_slidingWindow,2022-10-12,1.3826700831881853,3.4665880732303087,0.04827090895965469,IND
India,IND,OWID,Deaths,Cori_slidingWindow,2022-10-13,6.203695328560129,9.963997644461383,3.325685326663753,IND
India,IND,OWID,Deaths,Cori_slidingWindow,2022-10-14,13.546276116127137,17.99642335349113,9.096128878763142,IND
India,IND,OWID,Deaths,Cori_slidingWindow,2022-10-15,12.791321508374997,16.649230155971217,8.933412860778777,IND
India,IND,OWID,Deaths,Cori_slidingWindow,2022-10-16,7.606715963762102,9.980493046889706,5.232938880634497,IND
India,IND,OWID,Deaths,Cori_slidingWindow,2022-10-17,3.788593983512809,5.129941133426779,2.4472468335988395,IND
India,IND,OWID,Deaths,Cori_slidingWindow,2022-10-18,1.8459559545290298,3.6137521650932345,0.07815974396482517,IND
India,IND,OWID,Deaths,Cori_slidingWindow,2022-10-19,0.7983323557345499,3.3762202519479834,0,IND
India,IND,OWID,Deaths,Cori_slidingWindow,2022-10-20,0.2312253549177521,2.486068377001472,0,IND
India,IND,OWID,Deaths,Cori_slidingWindow,2022-10-21,0.033816477015052054,1.6700491158933828,0,IND
India,IND,OWID,Deaths,Cori_slidingWindow,2022-10-22,0.0020288905200632453,1.3374061938559234,0,IND
India,IND,OWID,Deaths,Cori_slidingWindow,2022-10-23,1.8219505870953752e-4,1.0451609546274945,0,IND
India,IND,OWID,Deaths,Cori_slidingWindow,2022-10-24,2.235625077165924e-4,0.8401357324448229,0,IND
India,IND,OWID,Deaths,Cori_slidingWindow,2022-10-25,3.3608185979288366e-4,1.1380483761103897,0,IND
India,IND,OWID,Deaths,Cori_slidingWindow,2022-10-26,5.000709289889663e-4,1.2174547027676728,0,IND
India,IND,OWID,Deaths,Cori_slidingWindow,2022-10-27,7.384470771765726e-4,1.1051611751266646,0,IND
India,IND,OWID,Deaths,Cori_slidingWindow,2022-10-28,0.0010843802980727416,1.2218549527815874,0,IND
India,IND,OWID,Deaths,Cori_slidingWindow,2022-10-29,0.0015854596090204155,1.4540699365808085,0,IND
India,IND,OWID,Deaths,Cori_slidingWindow,2022-10-30,0.00230987029701014,1.4341603025036629,0,IND
India,IND,OWID,Deaths,Cori_slidingWindow,2022-10-31,0.003355095802160071,1.160257115682013,0,IND
India,IND,OWID,Deaths,Cori_slidingWindow,2022-11-01,0.0048600975810581745,1.0502739887757877,0,IND
India,IND,OWID,Deaths,Cori_slidingWindow,2022-11-02,0.007022184421864814,1.7237308744864976,0,IND
India,IND,OWID,Deaths,Cori_slidingWindow,2022-11-03,0.010120010707055895,2.714449892375057,0,IND
India,IND,OWID,Deaths,Cori_slidingWindow,2022-11-04,0.014544191987985757,2.843935075120097,0,IND
India,IND,OWID,Deaths,Cori_slidingWindow,2022-11-05,0.020836577675516933,3.0001890232483444,0,IND
India,IND,OWID,Deaths,Cori_slidingWindow,2022-11-06,0.029737666929722788,2.2023769600067276,0,IND
India,IND,OWID,Deaths,Cori_slidingWindow,2022-11-07,0.042239688846111394,2.143424367820739,0,IND
India,IND,OWID,Deaths,Cori_slidingWindow,2022-11-08,0.05978685310170218,2.375214002726939,0,IND
India,IND,OWID,Deaths,Cori_slidingWindow,2022-11-09,0.09034684518494311,2.044759299022726,0,IND
India,IND,OWID,Deaths,Cori_slidingWindow,2022-11-10,0.25122083669759115,2.5585229029580505,0,IND
India,IND,OWID,Deaths,Cori_slidingWindow,2022-11-11,1.4673433405690688,8.228674787405499,0,IND
India,IND,OWID,Deaths,Cori_slidingWindow,2022-11-12,5.122449362505921,15.735421951057921,0.39640283942305626,IND
India,IND,OWID,Deaths,Cori_slidingWindow,2022-11-13,6.134331755781055,13.245553874899661,1.7403466916811692,IND
India,IND,OWID,Deaths,Cori_slidingWindow,2022-11-14,4.539532238408937,8.155151301447013,1.9739160592289418,IND
India,IND,OWID,Deaths,Cori_slidingWindow,2022-11-15,3.1271218268931684,5.128178437049613,1.6162963356176083,IND
India,IND,OWID,Deaths,Cori_slidingWindow,2022-11-16,2.194194057384953,3.663383557332894,0.7250045574370125,IND
India,IND,OWID,Deaths,Cori_slidingWindow,2022-11-17,1.5969658791294103,3.595154944791711,0,IND
India,IND,OWID,Deaths,Cori_slidingWindow,2022-11-18,1.22437319071315,2.852079514115731,0,IND
India,IND,OWID,Deaths,Cori_slidingWindow,2022-11-19,1.0060149569494377,2.3607398011380085,0,IND
India,IND,OWID,Deaths,Cori_slidingWindow,2022-11-20,0.9043443972829317,2.046478374130931,0,IND
India,IND,OWID,Deaths,Cori_slidingWindow,2022-11-21,0.8945857564890914,1.8684951965478955,0,IND
India,IND,OWID,Deaths,Cori_slidingWindow,2022-11-22,0.9422775649722105,1.8949058291953347,0,IND
India,IND,OWID,Deaths,Cori_slidingWindow,2022-11-23,0.9986384822742431,2.181185250891177,0,IND
India,IND,OWID,Deaths,Cori_slidingWindow,2022-11-24,1.0107552970285223,2.61385074388465,0,IND
India,IND,OWID,Deaths,Cori_slidingWindow,2022-11-25,0.9612258219123296,2.4702470018758316,0,IND
India,IND,OWID,Deaths,Cori_slidingWindow,2022-11-26,0.8739206467879178,2.2352095535336955,0,IND
India,IND,OWID,Deaths,Cori_slidingWindow,2022-11-27,0.7853379690325922,2.2711442616520454,0,IND
India,IND,OWID,Deaths,Cori_slidingWindow,2022-11-28,0.7213276739646415,2.306165672038037,0,IND
India,IND,OWID,Deaths,Cori_slidingWindow,2022-11-29,0.6875782160783943,2.0893949876667515,0,IND
India,IND,OWID,Deaths,Cori_slidingWindow,2022-11-30,0.6876631095936351,1.8413312762035026,0,IND
India,IND,OWID,Deaths,Cori_slidingWindow,2022-12-01,0.732650252267485,1.9233026608345103,0,IND
India,IND,OWID,Deaths,Cori_slidingWindow,2022-12-02,0.8349009291220113,2.8435409584312428,0,IND
India,IND,OWID,Deaths,Cori_slidingWindow,2022-12-03,0.9870978612293911,3.4622677932129418,0,IND
India,IND,OWID,Deaths,Cori_slidingWindow,2022-12-04,1.1543261766702633,3.2037084115808625,0,IND
India,IND,OWID,Deaths,Cori_slidingWindow,2022-12-05,1.2914759771978375,2.728658374217275,0,IND
India,IND,OWID,Deaths,Cori_slidingWindow,2022-12-06,1.3707449059834191,2.429432515115936,0.31205729685090233,IND
India,IND,OWID,Deaths,Cori_slidingWindow,2022-12-07,1.3756395256764393,3.376622308943034,0,IND
India,IND,OWID,Deaths,Cori_slidingWindow,2022-12-08,1.3010997963653272,4.108978968519504,0,IND
India,IND,OWID,Deaths,Cori_slidingWindow,2022-12-09,1.1580907001980834,3.445298110988759,0,IND
India,IND,OWID,Deaths,Cori_slidingWindow,2022-12-10,0.9757860260577356,2.592613519481655,0,IND
India,IND,OWID,Deaths,Cori_slidingWindow,2022-12-11,0.7928210553757788,1.963342775121834,0,IND
India,IND,OWID,Deaths,Cori_slidingWindow,2022-12-12,0.638984998187925,1.7469880182417068,0,IND
India,IND,OWID,Deaths,Cori_slidingWindow,2022-12-13,0.530514337977311,1.7605718987678707,0,IND
India,IND,OWID,Deaths,Cori_slidingWindow,2022-12-14,0.4715907681219869,1.8813152573427232,0,IND
India,IND,OWID,Deaths,Cori_slidingWindow,2022-12-15,0.4652225918066457,1.8821328158383495,0,IND
India,IND,OWID,Deaths,Cori_slidingWindow,2022-12-16,0.5205352573524288,1.7541943061426952,0,IND
India,IND,OWID,Deaths,Cori_slidingWindow,2022-12-17,0.6521776927206842,1.6962475552324767,0,IND
India,IND,OWID,Deaths,Cori_slidingWindow,2022-12-18,0.8676414183903889,2.0918485815678105,0.011343692376875159,IND
India,IND,OWID,Deaths,Cori_slidingWindow,2022-12-19,1.1452029357449571,2.560019295287746,0.2954135348486439,IND
India,IND,OWID,Deaths,Cori_slidingWindow,2022-12-20,1.4224723109730117,2.9343853395291384,0.45387040393577,IND
India,IND,OWID,Deaths,Cori_slidingWindow,2022-12-21,1.6148362379677759,3.0977745309904092,0.6110748041931752,IND
India,IND,OWID,Deaths,Cori_slidingWindow,2022-12-22,1.6509852638629547,3.058799485965311,0.24317104176059834,IND
India,IND,OWID,Deaths,Cori_slidingWindow,2022-12-23,1.5198327489990984,4.109447353921432,0,IND
India,IND,OWID,Deaths,Cori_slidingWindow,2022-12-24,1.2704916381981468,3.7519622385197415,0,IND
India,IND,OWID,Deaths,Cori_slidingWindow,2022-12-25,0.9808649960212087,2.6511712112035464,0,IND
India,IND,OWID,Deaths,Cori_slidingWindow,2022-12-26,0.7134212443686584,1.8437934080134286,0,IND
India,IND,OWID,Deaths,Cori_slidingWindow,2022-12-27,0.5012134585239347,1.4626435975548695,0,IND
India,IND,OWID,Deaths,Cori_slidingWindow,2022-12-28,0.352421909650953,1.2641176756196337,0,IND
India,IND,OWID,Deaths,Cori_slidingWindow,2022-12-29,0.25926857255947416,1.1656900183295118,0,IND
India,IND,OWID,Deaths,Cori_slidingWindow,2022-12-30,0.2130761207296386,1.1524867028388885,0,IND
India,IND,OWID,Deaths,Cori_slidingWindow,2022-12-31,0.20954443704209352,1.3300392182029988,0,IND
India,IND,OWID,Deaths,Cori_slidingWindow,2023-01-01,0.2504580689825019,1.8715998534068787,0,IND
India,IND,OWID,Deaths,Cori_slidingWindow,2023-01-02,0.35173818344192886,2.1815382972188226,0,IND
India,IND,OWID,Deaths,Cori_slidingWindow,2023-01-03,0.5595002561756376,2.6589008588637784,0,IND
India,IND,OWID,Deaths,Cori_slidingWindow,2023-01-04,0.969386471504226,3.865696076588281,0,IND
India,IND,OWID,Deaths,Cori_slidingWindow,2023-01-05,1.6524527956030366,5.284820487235782,0.06854458302550137,IND
India,IND,OWID,Deaths,Cori_slidingWindow,2023-01-06,2.3801915021905544,6.44780826913961,0,IND
India,IND,OWID,Deaths,Cori_slidingWindow,2023-01-07,2.68659831322153,7.45603707786235,0,IND
India,IND,OWID,Deaths,Cori_slidingWindow,2023-01-08,2.4532164529224203,5.894183291795894,0,IND
India,IND,OWID,Deaths,Cori_slidingWindow,2023-01-09,1.961799799288881,4.626328264032233,0,IND
India,IND,OWID,Deaths,Cori_slidingWindow,2023-01-10,1.4551372098911188,3.6807746425543733,0,IND
India,IND,OWID,Deaths,Cori_slidingWindow,2023-01-11,1.028614532288545,3.2220062453228735,0,IND
India,IND,OWID,Deaths,Cori_slidingWindow,2023-01-12,0.7036601414104641,3.355158150956862,0,IND
India,IND,OWID,Deaths,Cori_slidingWindow,2023-01-13,0.4702368488115436,3.7710782543813144,0,IND
India,IND,OWID,Deaths,Cori_slidingWindow,2023-01-14,0.31617368365473525,3.1984971547808603,0,IND
India,IND,OWID,Deaths,Cori_slidingWindow,2023-01-15,0.22897208950606518,2.2714144937399547,0,IND
India,IND,OWID,Deaths,Cori_slidingWindow,2023-01-16,0.19366185607083555,1.654951461597219,0,IND
India,IND,OWID,Deaths,Cori_slidingWindow,2023-01-17,0.19768548776275877,1.4579656384335535,0,IND
India,IND,OWID,Deaths,Cori_slidingWindow,2023-01-18,0.24108898581075425,1.5707468161170717,0,IND
India,IND,OWID,Deaths,Cori_slidingWindow,2023-01-19,0.3491834984427604,2.199699440730867,0,IND
India,IND,OWID,Deaths,Cori_slidingWindow,2023-01-20,0.5876808506775286,4.0213377230849146,0,IND
India,IND,OWID,Deaths,Cori_slidingWindow,2023-01-21,1.0550819285381052,4.8065113178499566,0,IND
India,IND,OWID,Deaths,Cori_slidingWindow,2023-01-22,1.7623533640813511,6.363404599101339,0,IND
India,IND,OWID,Deaths,Cori_slidingWindow,2023-01-23,2.42655540062206,7.038969971722071,0.2466597805558214,IND
India,IND,OWID,Deaths,Cori_slidingWindow,2023-01-24,2.68770267057104,6.5418590136544115,0.5355374269318692,IND
India,IND,OWID,Deaths,Cori_slidingWindow,2023-01-25,2.538873742792526,5.457779565946848,0.6675204941526984,IND
India,IND,OWID,Deaths,Cori_slidingWindow,2023-01-26,2.1879519226199626,4.351860774005961,0.5993252174292063,IND
India,IND,OWID,Deaths,Cori_slidingWindow,2023-01-27,1.8018402911072002,3.4453516572105247,0.2676328261109997,IND
India,IND,OWID,Deaths,Cori_slidingWindow,2023-01-28,1.452363720966068,3.274190065812874,0,IND
India,IND,OWID,Deaths,Cori_slidingWindow,2023-01-29,1.1635863376441788,3.1875498788973493,0,IND
India,IND,OWID,Deaths,Cori_slidingWindow,2023-01-30,0.9405433011371387,2.8416070926139847,0,IND
India,IND,OWID,Deaths,Cori_slidingWindow,2023-01-31,0.7844155866995358,2.63830494043091,0,IND
India,IND,OWID,Deaths,Cori_slidingWindow,2023-02-01,0.6927225814477825,2.486492320481229,0,IND
India,IND,OWID,Deaths,Cori_slidingWindow,2023-02-02,0.6578862989985597,2.529153399817334,0,IND
India,IND,OWID,Deaths,Cori_slidingWindow,2023-02-03,0.6695366307972302,3.260215610573738,0,IND
India,IND,OWID,Deaths,Cori_slidingWindow,2023-02-04,0.7188650856620069,3.337588306091718,0,IND
India,IND,OWID,Deaths,Cori_slidingWindow,2023-02-05,0.801315506017284,3.21361625776943,0,IND
India,IND,OWID,Deaths,Cori_slidingWindow,2023-02-06,0.9141963269874464,2.657361657914475,0,IND
India,IND,OWID,Deaths,Cori_slidingWindow,2023-02-07,1.0542585103915205,2.720787434691609,0,IND
India,IND,OWID,Deaths,Cori_slidingWindow,2023-02-08,1.1982440325674086,3.3812930061815876,0,IND
India,IND,OWID,Deaths,Cori_slidingWindow,2023-02-09,1.2991181257359419,3.8752677152865758,0,IND
India,IND,OWID,Deaths,Cori_slidingWindow,2023-02-10,1.3187054295521932,4.141047015991412,0,IND
India,IND,OWID,Deaths,Cori_slidingWindow,2023-02-11,1.2545695149908658,3.384723456952276,0,IND
India,IND,OWID,Deaths,Cori_slidingWindow,2023-02-12,1.1434685805596028,2.9677518488450296,0,IND
India,IND,OWID,Deaths,Cori_slidingWindow,2023-02-13,1.016631919822545,2.6489663860881274,0,IND
India,IND,OWID,Deaths,Cori_slidingWindow,2023-02-14,0.8846324357044083,2.2231973593974215,0,IND
India,IND,OWID,Deaths,Cori_slidingWindow,2023-02-15,0.7532376577703813,2.1686497084906424,0,IND
India,IND,OWID,Deaths,Cori_slidingWindow,2023-02-16,0.6346509357541463,2.4087332018658234,0,IND
India,IND,OWID,Deaths,Cori_slidingWindow,2023-02-17,0.5478387050488549,2.2923801287434857,0,IND
India,IND,OWID,Deaths,Cori_slidingWindow,2023-02-18,0.5018036717912762,2.39583940257289,0,IND
India,IND,OWID,Deaths,Cori_slidingWindow,2023-02-19,0.49677014651134044,2.1252763818475136,0,IND
India,IND,OWID,Deaths,Cori_slidingWindow,2023-02-20,0.5405041739375088,2.040407423250384,0,IND
India,IND,OWID,Deaths,Cori_slidingWindow,2023-02-21,0.6455575527862175,2.3074754756398983,0,IND
India,IND,OWID,Deaths,Cori_slidingWindow,2023-02-22,0.8180228592337432,2.7949693320836517,0,IND
India,IND,OWID,Deaths,Cori_slidingWindow,2023-02-23,1.066504780271013,3.3569853145308426,0,IND
India,IND,OWID,Deaths,Cori_slidingWindow,2023-02-24,1.4044506398238066,3.940350624441811,0,IND
India,IND,OWID,Deaths,Cori_slidingWindow,2023-02-25,1.8119616194765777,4.436430343256304,0.35008090649330503,IND
India,IND,OWID,Deaths,Cori_slidingWindow,2023-02-26,2.1976227189649418,4.686315982388798,0.6443889168694756,IND
India,IND,OWID,Deaths,Cori_slidingWindow,2023-02-27,2.4404788709067446,4.600854294885664,0.6295744205486993,IND
India,IND,OWID,Deaths,Cori_slidingWindow,2023-02-28,2.479956043386262,4.680215315272046,0.2796967715004781,IND
India,IND,OWID,Deaths,Cori_slidingWindow,2023-03-01,2.3303733552418504,5.060148654460009,0,IND
India,IND,OWID,Deaths,Cori_step,2022-01-01,1.1201400283026464,4.363651113893502,0,IND
India,IND,OWID,Deaths,Cori_step,2022-01-02,1.1201400283026464,4.363651113893502,0,IND
India,IND,OWID,Deaths,Cori_step,2022-01-03,1.2449551528054479,1.7326169016086013,0.7572934040022944,IND
India,IND,OWID,Deaths,Cori_step,2022-01-04,1.2449551528054479,1.7326169016086013,0.7572934040022944,IND
India,IND,OWID,Deaths,Cori_step,2022-01-05,1.2449551528054479,1.7326169016086013,0.7572934040022944,IND
India,IND,OWID,Deaths,Cori_step,2022-01-06,1.2449551528054479,1.7326169016086013,0.7572934040022944,IND
India,IND,OWID,Deaths,Cori_step,2022-01-07,1.2449551528054479,1.7326169016086013,0.7572934040022944,IND
India,IND,OWID,Deaths,Cori_step,2022-01-08,1.2449551528054479,1.7326169016086013,0.7572934040022944,IND
India,IND,OWID,Deaths,Cori_step,2022-01-09,1.2449551528054479,1.7326169016086013,0.7572934040022944,IND
India,IND,OWID,Deaths,Cori_step,2022-01-10,1.2449551528054479,1.7326169016086013,0.7572934040022944,IND
India,IND,OWID,Deaths,Cori_step,2022-01-11,1.2449551528054479,1.7326169016086013,0.7572934040022944,IND
India,IND,OWID,Deaths,Cori_step,2022-01-12,1.2449551528054479,1.7326169016086013,0.7572934040022944,IND
India,IND,OWID,Deaths,Cori_step,2022-01-13,1.2449551528054479,1.7326169016086013,0.7572934040022944,IND
India,IND,OWID,Deaths,Cori_step,2022-01-14,1.2449551528054479,1.7326169016086013,0.7572934040022944,IND
India,IND,OWID,Deaths,Cori_step,2022-01-15,1.2449551528054479,1.7326169016086013,0.7572934040022944,IND
India,IND,OWID,Deaths,Cori_step,2022-01-16,1.2449551528054479,1.7326169016086013,0.7572934040022944,IND
India,IND,OWID,Deaths,Cori_step,2022-01-17,1.2449551528054479,1.7326169016086013,0.7572934040022944,IND
India,IND,OWID,Deaths,Cori_step,2022-01-18,1.2449551528054479,1.7326169016086013,0.7572934040022944,IND
India,IND,OWID,Deaths,Cori_step,2022-01-19,0.8186392306797202,1.4003649770620539,0.23691348429738657,IND
India,IND,OWID,Deaths,Cori_step,2022-01-20,0.8186392306797202,1.4003649770620539,0.23691348429738657,IND
India,IND,OWID,Deaths,Cori_step,2022-01-21,0.8186392306797202,1.4003649770620539,0.23691348429738657,IND
India,IND,OWID,Deaths,Cori_step,2022-01-22,0.8186392306797202,1.4003649770620539,0.23691348429738657,IND
India,IND,OWID,Deaths,Cori_step,2022-01-23,0.8186392306797202,1.4003649770620539,0.23691348429738657,IND
India,IND,OWID,Deaths,Cori_step,2022-01-24,0.8186392306797202,1.4003649770620539,0.23691348429738657,IND
India,IND,OWID,Deaths,Cori_step,2022-01-25,0.8186392306797202,1.4003649770620539,0.23691348429738657,IND
India,IND,OWID,Deaths,Cori_step,2022-01-26,0.8186392306797202,1.4003649770620539,0.23691348429738657,IND
India,IND,OWID,Deaths,Cori_step,2022-01-27,0.8186392306797202,1.4003649770620539,0.23691348429738657,IND
India,IND,OWID,Deaths,Cori_step,2022-01-28,0.8186392306797202,1.4003649770620539,0.23691348429738657,IND
India,IND,OWID,Deaths,Cori_step,2022-01-29,0.8186392306797202,1.4003649770620539,0.23691348429738657,IND
India,IND,OWID,Deaths,Cori_step,2022-01-30,0.8186392306797202,1.4003649770620539,0.23691348429738657,IND
India,IND,OWID,Deaths,Cori_step,2022-01-31,0.8186392306797202,1.4003649770620539,0.23691348429738657,IND
India,IND,OWID,Deaths,Cori_step,2022-02-01,0.6708745547842929,1.7485783906415597,0,IND
India,IND,OWID,Deaths,Cori_step,2022-02-02,0.6708745547842929,1.7485783906415597,0,IND
India,IND,OWID,Deaths,Cori_step,2022-02-03,0.6708745547842929,1.7485783906415597,0,IND
India,IND,OWID,Deaths,Cori_step,2022-02-04,0.6708745547842929,1.7485783906415597,0,IND
India,IND,OWID,Deaths,Cori_step,2022-02-05,0.6708745547842929,1.7485783906415597,0,IND
India,IND,OWID,Deaths,Cori_step,2022-02-06,0.6708745547842929,1.7485783906415597,0,IND
India,IND,OWID,Deaths,Cori_step,2022-02-07,0.6708745547842929,1.7485783906415597,0,IND
India,IND,OWID,Deaths,Cori_step,2022-02-08,1.001631893183597,1.9800272797171183,0.023236506650075706,IND
India,IND,OWID,Deaths,Cori_step,2022-02-09,1.001631893183597,1.9800272797171183,0.023236506650075706,IND
India,IND,OWID,Deaths,Cori_step,2022-02-10,1.001631893183597,1.9800272797171183,0.023236506650075706,IND
India,IND,OWID,Deaths,Cori_step,2022-02-11,1.001631893183597,1.9800272797171183,0.023236506650075706,IND
India,IND,OWID,Deaths,Cori_step,2022-02-12,1.001631893183597,1.9800272797171183,0.023236506650075706,IND
India,IND,OWID,Deaths,Cori_step,2022-02-13,1.001631893183597,1.9800272797171183,0.023236506650075706,IND
India,IND,OWID,Deaths,Cori_step,2022-02-14,0.9488125138318773,3.638207564048369,0,IND
India,IND,OWID,Deaths,Cori_step,2022-02-15,0.7387147164764146,1.3728738576615926,0.10455557529123671,IND
India,IND,OWID,Deaths,Cori_step,2022-02-16,0.7387147164764146,1.3728738576615926,0.10455557529123671,IND
India,IND,OWID,Deaths,Cori_step,2022-02-17,0.7387147164764146,1.3728738576615926,0.10455557529123671,IND
India,IND,OWID,Deaths,Cori_step,2022-02-18,0.7387147164764146,1.3728738576615926,0.10455557529123671,IND
India,IND,OWID,Deaths,Cori_step,2022-02-19,0.7387147164764146,1.3728738576615926,0.10455557529123671,IND
India,IND,OWID,Deaths,Cori_step,2022-02-20,0.7387147164764146,1.3728738576615926,0.10455557529123671,IND
India,IND,OWID,Deaths,Cori_step,2022-02-21,0.7387147164764146,1.3728738576615926,0.10455557529123671,IND
India,IND,OWID,Deaths,Cori_step,2022-02-22,0.7387147164764146,1.3728738576615926,0.10455557529123671,IND
India,IND,OWID,Deaths,Cori_step,2022-02-23,0.7387147164764146,1.3728738576615926,0.10455557529123671,IND
India,IND,OWID,Deaths,Cori_step,2022-02-24,0.7387147164764146,1.3728738576615926,0.10455557529123671,IND
India,IND,OWID,Deaths,Cori_step,2022-02-25,0.7387147164764146,1.3728738576615926,0.10455557529123671,IND
India,IND,OWID,Deaths,Cori_step,2022-02-26,0.7387147164764146,1.3728738576615926,0.10455557529123671,IND
India,IND,OWID,Deaths,Cori_step,2022-02-27,0.7387147164764146,1.3728738576615926,0.10455557529123671,IND
India,IND,OWID,Deaths,Cori_step,2022-02-28,0.7387147164764146,1.3728738576615926,0.10455557529123671,IND
India,IND,OWID,Deaths,Cori_step,2022-03-01,1.1779330911136534,1.9095539846566167,0.4463121975706901,IND
India,IND,OWID,Deaths,Cori_step,2022-03-02,1.1779330911136534,1.9095539846566167,0.4463121975706901,IND
India,IND,OWID,Deaths,Cori_step,2022-03-03,1.1779330911136534,1.9095539846566167,0.4463121975706901,IND
India,IND,OWID,Deaths,Cori_step,2022-03-04,1.1779330911136534,1.9095539846566167,0.4463121975706901,IND
India,IND,OWID,Deaths,Cori_step,2022-03-05,1.1779330911136534,1.9095539846566167,0.4463121975706901,IND
India,IND,OWID,Deaths,Cori_step,2022-03-06,1.1779330911136534,1.9095539846566167,0.4463121975706901,IND
India,IND,OWID,Deaths,Cori_step,2022-03-07,1.1779330911136534,1.9095539846566167,0.4463121975706901,IND
India,IND,OWID,Deaths,Cori_step,2022-03-08,1.1779330911136534,1.9095539846566167,0.4463121975706901,IND
India,IND,OWID,Deaths,Cori_step,2022-03-09,1.1779330911136534,1.9095539846566167,0.4463121975706901,IND
India,IND,OWID,Deaths,Cori_step,2022-03-10,1.1779330911136534,1.9095539846566167,0.4463121975706901,IND
India,IND,OWID,Deaths,Cori_step,2022-03-11,1.1779330911136534,1.9095539846566167,0.4463121975706901,IND
India,IND,OWID,Deaths,Cori_step,2022-03-12,1.1779330911136534,1.9095539846566167,0.4463121975706901,IND
India,IND,OWID,Deaths,Cori_step,2022-03-13,1.1779330911136534,1.9095539846566167,0.4463121975706901,IND
India,IND,OWID,Deaths,Cori_step,2022-03-14,1.1779330911136534,1.9095539846566167,0.4463121975706901,IND
India,IND,OWID,Deaths,Cori_step,2022-03-15,9.421240391462554e-5,0.7648944006864734,0,IND
India,IND,OWID,Deaths,Cori_step,2022-03-16,9.421240391462554e-5,0.7648944006864734,0,IND
India,IND,OWID,Deaths,Cori_step,2022-03-17,9.421240391462554e-5,0.7648944006864734,0,IND
India,IND,OWID,Deaths,Cori_step,2022-03-18,9.421240391462554e-5,0.7648944006864734,0,IND
India,IND,OWID,Deaths,Cori_step,2022-03-19,9.421240391462554e-5,0.7648944006864734,0,IND
India,IND,OWID,Deaths,Cori_step,2022-03-20,9.421240391462554e-5,0.7648944006864734,0,IND
India,IND,OWID,Deaths,Cori_step,2022-03-21,9.421240391462554e-5,0.7648944006864734,0,IND
India,IND,OWID,Deaths,Cori_step,2022-03-22,9.421240391462554e-5,0.7648944006864734,0,IND
India,IND,OWID,Deaths,Cori_step,2022-03-23,9.421240391462554e-5,0.7648944006864734,0,IND
India,IND,OWID,Deaths,Cori_step,2022-03-24,9.421240391462554e-5,0.7648944006864734,0,IND
India,IND,OWID,Deaths,Cori_step,2022-03-25,9.421240391462554e-5,0.7648944006864734,0,IND
India,IND,OWID,Deaths,Cori_step,2022-03-26,0.0030706514496247213,0.90320091072807,0,IND
India,IND,OWID,Deaths,Cori_step,2022-03-27,0.0030706514496247213,0.90320091072807,0,IND
India,IND,OWID,Deaths,Cori_step,2022-03-28,0.0030706514496247213,0.90320091072807,0,IND
India,IND,OWID,Deaths,Cori_step,2022-03-29,0.0030706514496247213,0.90320091072807,0,IND
India,IND,OWID,Deaths,Cori_step,2022-03-30,0.0030706514496247213,0.90320091072807,0,IND
India,IND,OWID,Deaths,Cori_step,2022-03-31,0.0030706514496247213,0.90320091072807,0,IND
India,IND,OWID,Deaths,Cori_step,2022-04-01,0.5191633110629054,5.091853529844284,0,IND
India,IND,OWID,Deaths,Cori_step,2022-04-02,0.5191633110629054,5.091853529844284,0,IND
India,IND,OWID,Deaths,Cori_step,2022-04-03,0.5191633110629054,5.091853529844284,0,IND
India,IND,OWID,Deaths,Cori_step,2022-04-04,1.0023709088459232,1.2544516685499687,0.7502901491418777,IND
India,IND,OWID,Deaths,Cori_step,2022-04-05,1.0023709088459232,1.2544516685499687,0.7502901491418777,IND
India,IND,OWID,Deaths,Cori_step,2022-04-06,1.0023709088459232,1.2544516685499687,0.7502901491418777,IND
India,IND,OWID,Deaths,Cori_step,2022-04-07,1.0023709088459232,1.2544516685499687,0.7502901491418777,IND
India,IND,OWID,Deaths,Cori_step,2022-04-08,1.0023709088459232,1.2544516685499687,0.7502901491418777,IND
India,IND,OWID,Deaths,Cori_step,2022-04-09,1.0023709088459232,1.2544516685499687,0.7502901491418777,IND
India,IND,OWID,Deaths,Cori_step,2022-04-10,1.0023709088459232,1.2544516685499687,0.7502901491418777,IND
India,IND,OWID,Deaths,Cori_step,2022-04-11,1.0023709088459232,1.2544516685499687,0.7502901491418777,IND
India,IND,OWID,Deaths,Cori_step,2022-04-12,1.0023709088459232,1.2544516685499687,0.7502901491418777,IND
India,IND,OWID,Deaths,Cori_step,2022-04-13,1.0023709088459232,1.2544516685499687,0.7502901491418777,IND
India,IND,OWID,Deaths,Cori_step,2022-04-14,1.0023709088459232,1.2544516685499687,0.7502901491418777,IND
India,IND,OWID,Deaths,Cori_step,2022-04-15,1.0023709088459232,1.2544516685499687,0.7502901491418777,IND
India,IND,OWID,Deaths,Cori_step,2022-04-16,1.0023709088459232,1.2544516685499687,0.7502901491418777,IND
India,IND,OWID,Deaths,Cori_step,2022-04-17,1.0023709088459232,1.2544516685499687,0.7502901491418777,IND
India,IND,OWID,Deaths,Cori_step,2022-04-18,1.0023709088459232,1.2544516685499687,0.7502901491418777,IND
India,IND,OWID,Deaths,Cori_step,2022-04-19,1.0023709088459232,1.2544516685499687,0.7502901491418777,IND
India,IND,OWID,Deaths,Cori_step,2022-04-20,1.0023709088459232,1.2544516685499687,0.7502901491418777,IND
India,IND,OWID,Deaths,Cori_step,2022-04-21,1.0023709088459232,1.2544516685499687,0.7502901491418777,IND
India,IND,OWID,Deaths,Cori_step,2022-04-22,1.0023709088459232,1.2544516685499687,0.7502901491418777,IND
India,IND,OWID,Deaths,Cori_step,2022-04-23,1.0023709088459232,1.2544516685499687,0.7502901491418777,IND
India,IND,OWID,Deaths,Cori_step,2022-04-24,1.0023709088459232,1.2544516685499687,0.7502901491418777,IND
India,IND,OWID,Deaths,Cori_step,2022-04-25,1.0023709088459232,1.2544516685499687,0.7502901491418777,IND
India,IND,OWID,Deaths,Cori_step,2022-04-26,1.0412037375836605,1.1689902976668851,0.9134171775004358,IND
India,IND,OWID,Deaths,Cori_step,2022-04-27,1.0412037375836605,1.1689902976668851,0.9134171775004358,IND
India,IND,OWID,Deaths,Cori_step,2022-04-28,1.0412037375836605,1.1689902976668851,0.9134171775004358,IND
India,IND,OWID,Deaths,Cori_step,2022-04-29,1.0412037375836605,1.1689902976668851,0.9134171775004358,IND
India,IND,OWID,Deaths,Cori_step,2022-04-30,1.0412037375836605,1.1689902976668851,0.9134171775004358,IND
India,IND,OWID,Deaths,Cori_step,2022-05-01,1.0412037375836605,1.1689902976668851,0.9134171775004358,IND
India,IND,OWID,Deaths,Cori_step,2022-05-02,1.0412037375836605,1.1689902976668851,0.9134171775004358,IND
India,IND,OWID,Deaths,Cori_step,2022-05-03,1.0412037375836605,1.1689902976668851,0.9134171775004358,IND
India,IND,OWID,Deaths,Cori_step,2022-05-04,1.0412037375836605,1.1689902976668851,0.9134171775004358,IND
India,IND,OWID,Deaths,Cori_step,2022-05-05,1.0412037375836605,1.1689902976668851,0.9134171775004358,IND
India,IND,OWID,Deaths,Cori_step,2022-05-06,1.0412037375836605,1.1689902976668851,0.9134171775004358,IND
India,IND,OWID,Deaths,Cori_step,2022-05-07,1.0412037375836605,1.1689902976668851,0.9134171775004358,IND
India,IND,OWID,Deaths,Cori_step,2022-05-08,1.0412037375836605,1.1689902976668851,0.9134171775004358,IND
India,IND,OWID,Deaths,Cori_step,2022-05-09,1.0412037375836605,1.1689902976668851,0.9134171775004358,IND
India,IND,OWID,Deaths,Cori_step,2022-05-10,1.0412037375836605,1.1689902976668851,0.9134171775004358,IND
India,IND,OWID,Deaths,Cori_step,2022-05-11,1.0412037375836605,1.1689902976668851,0.9134171775004358,IND
India,IND,OWID,Deaths,Cori_step,2022-05-12,1.0412037375836605,1.1689902976668851,0.9134171775004358,IND
India,IND,OWID,Deaths,Cori_step,2022-05-13,1.0412037375836605,1.1689902976668851,0.9134171775004358,IND
India,IND,OWID,Deaths,Cori_step,2022-05-14,1.0412037375836605,1.1689902976668851,0.9134171775004358,IND
India,IND,OWID,Deaths,Cori_step,2022-05-15,1.0412037375836605,1.1689902976668851,0.9134171775004358,IND
India,IND,OWID,Deaths,Cori_step,2022-05-16,1.0412037375836605,1.1689902976668851,0.9134171775004358,IND
India,IND,OWID,Deaths,Cori_step,2022-05-17,1.0412037375836605,1.1689902976668851,0.9134171775004358,IND
India,IND,OWID,Deaths,Cori_step,2022-05-18,1.0412037375836605,1.1689902976668851,0.9134171775004358,IND
India,IND,OWID,Deaths,Cori_step,2022-05-19,1.0412037375836605,1.1689902976668851,0.9134171775004358,IND
India,IND,OWID,Deaths,Cori_step,2022-05-20,1.0412037375836605,1.1689902976668851,0.9134171775004358,IND
India,IND,OWID,Deaths,Cori_step,2022-05-21,1.0412037375836605,1.1689902976668851,0.9134171775004358,IND
India,IND,OWID,Deaths,Cori_step,2022-05-22,1.0412037375836605,1.1689902976668851,0.9134171775004358,IND
India,IND,OWID,Deaths,Cori_step,2022-05-23,1.0412037375836605,1.1689902976668851,0.9134171775004358,IND
India,IND,OWID,Deaths,Cori_step,2022-05-24,1.0412037375836605,1.1689902976668851,0.9134171775004358,IND
India,IND,OWID,Deaths,Cori_step,2022-05-25,1.0412037375836605,1.1689902976668851,0.9134171775004358,IND
India,IND,OWID,Deaths,Cori_step,2022-05-26,1.0412037375836605,1.1689902976668851,0.9134171775004358,IND
India,IND,OWID,Deaths,Cori_step,2022-05-27,1.0412037375836605,1.1689902976668851,0.9134171775004358,IND
India,IND,OWID,Deaths,Cori_step,2022-05-28,1.0412037375836605,1.1689902976668851,0.9134171775004358,IND
India,IND,OWID,Deaths,Cori_step,2022-05-29,1.0412037375836605,1.1689902976668851,0.9134171775004358,IND
India,IND,OWID,Deaths,Cori_step,2022-05-30,1.0412037375836605,1.1689902976668851,0.9134171775004358,IND
India,IND,OWID,Deaths,Cori_step,2022-05-31,1.0412037375836605,1.1689902976668851,0.9134171775004358,IND
India,IND,OWID,Deaths,Cori_step,2022-06-01,1.0412037375836605,1.1689902976668851,0.9134171775004358,IND
India,IND,OWID,Deaths,Cori_step,2022-06-02,1.0412037375836605,1.1689902976668851,0.9134171775004358,IND
India,IND,OWID,Deaths,Cori_step,2022-06-03,1.0412037375836605,1.1689902976668851,0.9134171775004358,IND
India,IND,OWID,Deaths,Cori_step,2022-06-04,1.0412037375836605,1.1689902976668851,0.9134171775004358,IND
India,IND,OWID,Deaths,Cori_step,2022-06-05,1.0412037375836605,1.1689902976668851,0.9134171775004358,IND
India,IND,OWID,Deaths,Cori_step,2022-06-06,1.0412037375836605,1.1689902976668851,0.9134171775004358,IND
India,IND,OWID,Deaths,Cori_step,2022-06-07,1.0412037375836605,1.1689902976668851,0.9134171775004358,IND
India,IND,OWID,Deaths,Cori_step,2022-06-08,1.0412037375836605,1.1689902976668851,0.9134171775004358,IND
India,IND,OWID,Deaths,Cori_step,2022-06-09,1.0412037375836605,1.1689902976668851,0.9134171775004358,IND
India,IND,OWID,Deaths,Cori_step,2022-06-10,1.0412037375836605,1.1689902976668851,0.9134171775004358,IND
India,IND,OWID,Deaths,Cori_step,2022-06-11,1.0412037375836605,1.1689902976668851,0.9134171775004358,IND
India,IND,OWID,Deaths,Cori_step,2022-06-12,1.0412037375836605,1.1689902976668851,0.9134171775004358,IND
India,IND,OWID,Deaths,Cori_step,2022-06-13,1.0412037375836605,1.1689902976668851,0.9134171775004358,IND
India,IND,OWID,Deaths,Cori_step,2022-06-14,1.0412037375836605,1.1689902976668851,0.9134171775004358,IND
India,IND,OWID,Deaths,Cori_step,2022-06-15,1.0412037375836605,1.1689902976668851,0.9134171775004358,IND
India,IND,OWID,Deaths,Cori_step,2022-06-16,1.0412037375836605,1.1689902976668851,0.9134171775004358,IND
India,IND,OWID,Deaths,Cori_step,2022-06-17,1.0412037375836605,1.1689902976668851,0.9134171775004358,IND
India,IND,OWID,Deaths,Cori_step,2022-06-18,1.0412037375836605,1.1689902976668851,0.9134171775004358,IND
India,IND,OWID,Deaths,Cori_step,2022-06-19,1.0412037375836605,1.1689902976668851,0.9134171775004358,IND
India,IND,OWID,Deaths,Cori_step,2022-06-20,1.0412037375836605,1.1689902976668851,0.9134171775004358,IND
India,IND,OWID,Deaths,Cori_step,2022-06-21,1.0412037375836605,1.1689902976668851,0.9134171775004358,IND
India,IND,OWID,Deaths,Cori_step,2022-06-22,1.0412037375836605,1.1689902976668851,0.9134171775004358,IND
India,IND,OWID,Deaths,Cori_step,2022-06-23,1.0412037375836605,1.1689902976668851,0.9134171775004358,IND
India,IND,OWID,Deaths,Cori_step,2022-06-24,1.0412037375836605,1.1689902976668851,0.9134171775004358,IND
India,IND,OWID,Deaths,Cori_step,2022-06-25,1.0412037375836605,1.1689902976668851,0.9134171775004358,IND
India,IND,OWID,Deaths,Cori_step,2022-06-26,1.0412037375836605,1.1689902976668851,0.9134171775004358,IND
India,IND,OWID,Deaths,Cori_step,2022-06-27,1.0412037375836605,1.1689902976668851,0.9134171775004358,IND
India,IND,OWID,Deaths,Cori_step,2022-06-28,1.0412037375836605,1.1689902976668851,0.9134171775004358,IND
India,IND,OWID,Deaths,Cori_step,2022-06-29,1.0412037375836605,1.1689902976668851,0.9134171775004358,IND
India,IND,OWID,Deaths,Cori_step,2022-06-30,1.0412037375836605,1.1689902976668851,0.9134171775004358,IND
India,IND,OWID,Deaths,Cori_step,2022-07-01,1.0412037375836605,1.1689902976668851,0.9134171775004358,IND
India,IND,OWID,Deaths,Cori_step,2022-07-02,1.0412037375836605,1.1689902976668851,0.9134171775004358,IND
India,IND,OWID,Deaths,Cori_step,2022-07-03,1.0412037375836605,1.1689902976668851,0.9134171775004358,IND
India,IND,OWID,Deaths,Cori_step,2022-07-04,1.0412037375836605,1.1689902976668851,0.9134171775004358,IND
India,IND,OWID,Deaths,Cori_step,2022-07-05,1.0412037375836605,1.1689902976668851,0.9134171775004358,IND
India,IND,OWID,Deaths,Cori_step,2022-07-06,1.0412037375836605,1.1689902976668851,0.9134171775004358,IND
India,IND,OWID,Deaths,Cori_step,2022-07-07,1.0412037375836605,1.1689902976668851,0.9134171775004358,IND
India,IND,OWID,Deaths,Cori_step,2022-07-08,1.0412037375836605,1.1689902976668851,0.9134171775004358,IND
India,IND,OWID,Deaths,Cori_step,2022-07-09,1.0412037375836605,1.1689902976668851,0.9134171775004358,IND
India,IND,OWID,Deaths,Cori_step,2022-07-10,1.0412037375836605,1.1689902976668851,0.9134171775004358,IND
India,IND,OWID,Deaths,Cori_step,2022-07-11,1.0412037375836605,1.1689902976668851,0.9134171775004358,IND
India,IND,OWID,Deaths,Cori_step,2022-07-12,1.0412037375836605,1.1689902976668851,0.9134171775004358,IND
India,IND,OWID,Deaths,Cori_step,2022-07-13,1.0412037375836605,1.1689902976668851,0.9134171775004358,IND
India,IND,OWID,Deaths,Cori_step,2022-07-14,1.0412037375836605,1.1689902976668851,0.9134171775004358,IND
India,IND,OWID,Deaths,Cori_step,2022-07-15,1.0412037375836605,1.1689902976668851,0.9134171775004358,IND
India,IND,OWID,Deaths,Cori_step,2022-07-16,1.0412037375836605,1.1689902976668851,0.9134171775004358,IND
India,IND,OWID,Deaths,Cori_step,2022-07-17,1.0412037375836605,1.1689902976668851,0.9134171775004358,IND
India,IND,OWID,Deaths,Cori_step,2022-07-18,1.0412037375836605,1.1689902976668851,0.9134171775004358,IND
India,IND,OWID,Deaths,Cori_step,2022-07-19,1.0412037375836605,1.1689902976668851,0.9134171775004358,IND
India,IND,OWID,Deaths,Cori_step,2022-07-20,1.0412037375836605,1.1689902976668851,0.9134171775004358,IND
India,IND,OWID,Deaths,Cori_step,2022-07-21,1.0412037375836605,1.1689902976668851,0.9134171775004358,IND
India,IND,OWID,Deaths,Cori_step,2022-07-22,1.0412037375836605,1.1689902976668851,0.9134171775004358,IND
India,IND,OWID,Deaths,Cori_step,2022-07-23,1.0412037375836605,1.1689902976668851,0.9134171775004358,IND
India,IND,OWID,Deaths,Cori_step,2022-07-24,1.0412037375836605,1.1689902976668851,0.9134171775004358,IND
India,IND,OWID,Deaths,Cori_step,2022-07-25,1.0412037375836605,1.1689902976668851,0.9134171775004358,IND
India,IND,OWID,Deaths,Cori_step,2022-07-26,1.0412037375836605,1.1689902976668851,0.9134171775004358,IND
India,IND,OWID,Deaths,Cori_step,2022-07-27,1.0412037375836605,1.1689902976668851,0.9134171775004358,IND
India,IND,OWID,Deaths,Cori_step,2022-07-28,1.0412037375836605,1.1689902976668851,0.9134171775004358,IND
India,IND,OWID,Deaths,Cori_step,2022-07-29,1.0412037375836605,1.1689902976668851,0.9134171775004358,IND
India,IND,OWID,Deaths,Cori_step,2022-07-30,1.0412037375836605,1.1689902976668851,0.9134171775004358,IND
India,IND,OWID,Deaths,Cori_step,2022-07-31,1.0412037375836605,1.1689902976668851,0.9134171775004358,IND
India,IND,OWID,Deaths,Cori_step,2022-08-01,1.0412037375836605,1.1689902976668851,0.9134171775004358,IND
India,IND,OWID,Deaths,Cori_step,2022-08-02,0.9665363634448617,1.1135751022503975,0.8194976246393261,IND
India,IND,OWID,Deaths,Cori_step,2022-08-03,0.9665363634448617,1.1135751022503975,0.8194976246393261,IND
India,IND,OWID,Deaths,Cori_step,2022-08-04,0.9665363634448617,1.1135751022503975,0.8194976246393261,IND
India,IND,OWID,Deaths,Cori_step,2022-08-05,0.9665363634448617,1.1135751022503975,0.8194976246393261,IND
India,IND,OWID,Deaths,Cori_step,2022-08-06,0.9665363634448617,1.1135751022503975,0.8194976246393261,IND
India,IND,OWID,Deaths,Cori_step,2022-08-07,0.9665363634448617,1.1135751022503975,0.8194976246393261,IND
India,IND,OWID,Deaths,Cori_step,2022-08-08,0.9665363634448617,1.1135751022503975,0.8194976246393261,IND
India,IND,OWID,Deaths,Cori_step,2022-08-09,0.9665363634448617,1.1135751022503975,0.8194976246393261,IND
India,IND,OWID,Deaths,Cori_step,2022-08-10,0.9665363634448617,1.1135751022503975,0.8194976246393261,IND
India,IND,OWID,Deaths,Cori_step,2022-08-11,0.9665363634448617,1.1135751022503975,0.8194976246393261,IND
India,IND,OWID,Deaths,Cori_step,2022-08-12,0.9665363634448617,1.1135751022503975,0.8194976246393261,IND
India,IND,OWID,Deaths,Cori_step,2022-08-13,0.9665363634448617,1.1135751022503975,0.8194976246393261,IND
India,IND,OWID,Deaths,Cori_step,2022-08-14,0.9665363634448617,1.1135751022503975,0.8194976246393261,IND
India,IND,OWID,Deaths,Cori_step,2022-08-15,0.9665363634448617,1.1135751022503975,0.8194976246393261,IND
India,IND,OWID,Deaths,Cori_step,2022-08-16,0.9665363634448617,1.1135751022503975,0.8194976246393261,IND
India,IND,OWID,Deaths,Cori_step,2022-08-17,0.9665363634448617,1.1135751022503975,0.8194976246393261,IND
India,IND,OWID,Deaths,Cori_step,2022-08-18,0.9665363634448617,1.1135751022503975,0.8194976246393261,IND
India,IND,OWID,Deaths,Cori_step,2022-08-19,0.9665363634448617,1.1135751022503975,0.8194976246393261,IND
India,IND,OWID,Deaths,Cori_step,2022-08-20,0.9665363634448617,1.1135751022503975,0.8194976246393261,IND
India,IND,OWID,Deaths,Cori_step,2022-08-21,0.9665363634448617,1.1135751022503975,0.8194976246393261,IND
India,IND,OWID,Deaths,Cori_step,2022-08-22,0.9665363634448617,1.1135751022503975,0.8194976246393261,IND
India,IND,OWID,Deaths,Cori_step,2022-08-23,0.9665363634448617,1.1135751022503975,0.8194976246393261,IND
India,IND,OWID,Deaths,Cori_step,2022-08-24,0.9665363634448617,1.1135751022503975,0.8194976246393261,IND
India,IND,OWID,Deaths,Cori_step,2022-08-25,0.9665363634448617,1.1135751022503975,0.8194976246393261,IND
India,IND,OWID,Deaths,Cori_step,2022-08-26,0.9665363634448617,1.1135751022503975,0.8194976246393261,IND
India,IND,OWID,Deaths,Cori_step,2022-08-27,0.9665363634448617,1.1135751022503975,0.8194976246393261,IND
India,IND,OWID,Deaths,Cori_step,2022-08-28,0.9665363634448617,1.1135751022503975,0.8194976246393261,IND
India,IND,OWID,Deaths,Cori_step,2022-08-29,0.9665363634448617,1.1135751022503975,0.8194976246393261,IND
India,IND,OWID,Deaths,Cori_step,2022-08-30,0.9665363634448617,1.1135751022503975,0.8194976246393261,IND
India,IND,OWID,Deaths,Cori_step,2022-08-31,0.9665363634448617,1.1135751022503975,0.8194976246393261,IND
India,IND,OWID,Deaths,Cori_step,2022-09-01,0.9665363634448617,1.1135751022503975,0.8194976246393261,IND
India,IND,OWID,Deaths,Cori_step,2022-09-02,0.9665363634448617,1.1135751022503975,0.8194976246393261,IND
India,IND,OWID,Deaths,Cori_step,2022-09-03,0.9665363634448617,1.1135751022503975,0.8194976246393261,IND
India,IND,OWID,Deaths,Cori_step,2022-09-04,0.9665363634448617,1.1135751022503975,0.8194976246393261,IND
India,IND,OWID,Deaths,Cori_step,2022-09-05,0.9665363634448617,1.1135751022503975,0.8194976246393261,IND
India,IND,OWID,Deaths,Cori_step,2022-09-06,0.9665363634448617,1.1135751022503975,0.8194976246393261,IND
India,IND,OWID,Deaths,Cori_step,2022-09-07,0.9665363634448617,1.1135751022503975,0.8194976246393261,IND
India,IND,OWID,Deaths,Cori_step,2022-09-08,0.9665363634448617,1.1135751022503975,0.8194976246393261,IND
India,IND,OWID,Deaths,Cori_step,2022-09-09,0.9665363634448617,1.1135751022503975,0.8194976246393261,IND
India,IND,OWID,Deaths,Cori_step,2022-09-10,0.9665363634448617,1.1135751022503975,0.8194976246393261,IND
India,IND,OWID,Deaths,Cori_step,2022-09-11,0.9665363634448617,1.1135751022503975,0.8194976246393261,IND
India,IND,OWID,Deaths,Cori_step,2022-09-12,0.9665363634448617,1.1135751022503975,0.8194976246393261,IND
India,IND,OWID,Deaths,Cori_step,2022-09-13,0.9665363634448617,1.1135751022503975,0.8194976246393261,IND
India,IND,OWID,Deaths,Cori_step,2022-09-14,0.9665363634448617,1.1135751022503975,0.8194976246393261,IND
India,IND,OWID,Deaths,Cori_step,2022-09-15,0.9665363634448617,1.1135751022503975,0.8194976246393261,IND
India,IND,OWID,Deaths,Cori_step,2022-09-16,0.9665363634448617,1.1135751022503975,0.8194976246393261,IND
India,IND,OWID,Deaths,Cori_step,2022-09-17,0.9665363634448617,1.1135751022503975,0.8194976246393261,IND
India,IND,OWID,Deaths,Cori_step,2022-09-18,0.9665363634448617,1.1135751022503975,0.8194976246393261,IND
India,IND,OWID,Deaths,Cori_step,2022-09-19,0.9665363634448617,1.1135751022503975,0.8194976246393261,IND
India,IND,OWID,Deaths,Cori_step,2022-09-20,0.9665363634448617,1.1135751022503975,0.8194976246393261,IND
India,IND,OWID,Deaths,Cori_step,2022-09-21,0.9665363634448617,1.1135751022503975,0.8194976246393261,IND
India,IND,OWID,Deaths,Cori_step,2022-09-22,0.9665363634448617,1.1135751022503975,0.8194976246393261,IND
India,IND,OWID,Deaths,Cori_step,2022-09-23,0.9665363634448617,1.1135751022503975,0.8194976246393261,IND
India,IND,OWID,Deaths,Cori_step,2022-09-24,0.9665363634448617,1.1135751022503975,0.8194976246393261,IND
India,IND,OWID,Deaths,Cori_step,2022-09-25,0.9665363634448617,1.1135751022503975,0.8194976246393261,IND
India,IND,OWID,Deaths,Cori_step,2022-09-26,0.9665363634448617,1.1135751022503975,0.8194976246393261,IND
India,IND,OWID,Deaths,Cori_step,2022-09-27,0.9665363634448617,1.1135751022503975,0.8194976246393261,IND
India,IND,OWID,Deaths,Cori_step,2022-09-28,0.9665363634448617,1.1135751022503975,0.8194976246393261,IND
India,IND,OWID,Deaths,Cori_step,2022-09-29,0.9665363634448617,1.1135751022503975,0.8194976246393261,IND
India,IND,OWID,Deaths,Cori_step,2022-09-30,0.9665363634448617,1.1135751022503975,0.8194976246393261,IND
India,IND,OWID,Deaths,Cori_step,2022-10-01,0.9665363634448617,1.1135751022503975,0.8194976246393261,IND
India,IND,OWID,Deaths,Cori_step,2022-10-02,0.9665363634448617,1.1135751022503975,0.8194976246393261,IND
India,IND,OWID,Deaths,Cori_step,2022-10-03,0.9665363634448617,1.1135751022503975,0.8194976246393261,IND
India,IND,OWID,Deaths,Cori_step,2022-10-04,0.9665363634448617,1.1135751022503975,0.8194976246393261,IND
India,IND,OWID,Deaths,Cori_step,2022-10-05,0.9665363634448617,1.1135751022503975,0.8194976246393261,IND
India,IND,OWID,Deaths,Cori_step,2022-10-06,0.9665363634448617,1.1135751022503975,0.8194976246393261,IND
India,IND,OWID,Deaths,Cori_step,2022-10-07,0.9665363634448617,1.1135751022503975,0.8194976246393261,IND
India,IND,OWID,Deaths,Cori_step,2022-10-08,0.9665363634448617,1.1135751022503975,0.8194976246393261,IND
India,IND,OWID,Deaths,Cori_step,2022-10-09,0.9665363634448617,1.1135751022503975,0.8194976246393261,IND
India,IND,OWID,Deaths,Cori_step,2022-10-10,0.9665363634448617,1.1135751022503975,0.8194976246393261,IND
India,IND,OWID,Deaths,Cori_step,2022-10-11,0.9665363634448617,1.1135751022503975,0.8194976246393261,IND
India,IND,OWID,Deaths,Cori_step,2022-10-12,0.9665363634448617,1.1135751022503975,0.8194976246393261,IND
India,IND,OWID,Deaths,Cori_step,2022-10-13,0.9665363634448617,1.1135751022503975,0.8194976246393261,IND
India,IND,OWID,Deaths,Cori_step,2022-10-14,0.9665363634448617,1.1135751022503975,0.8194976246393261,IND
India,IND,OWID,Deaths,Cori_step,2022-10-15,0.9665363634448617,1.1135751022503975,0.8194976246393261,IND
India,IND,OWID,Deaths,Cori_step,2022-10-16,0.9665363634448617,1.1135751022503975,0.8194976246393261,IND
India,IND,OWID,Deaths,Cori_step,2022-10-17,0.9665363634448617,1.1135751022503975,0.8194976246393261,IND
India,IND,OWID,Deaths,Cori_step,2022-10-18,0.9665363634448617,1.1135751022503975,0.8194976246393261,IND
India,IND,OWID,Deaths,Cori_step,2022-10-19,0.9665363634448617,1.1135751022503975,0.8194976246393261,IND
India,IND,OWID,Deaths,Cori_step,2022-10-20,0.9665363634448617,1.1135751022503975,0.8194976246393261,IND
India,IND,OWID,Deaths,Cori_step,2022-10-21,0.9665363634448617,1.1135751022503975,0.8194976246393261,IND
India,IND,OWID,Deaths,Cori_step,2022-10-22,0.9665363634448617,1.1135751022503975,0.8194976246393261,IND
India,IND,OWID,Deaths,Cori_step,2022-10-23,0.9665363634448617,1.1135751022503975,0.8194976246393261,IND
India,IND,OWID,Deaths,Cori_step,2022-10-24,0.9665363634448617,1.1135751022503975,0.8194976246393261,IND
India,IND,OWID,Deaths,Cori_step,2022-10-25,0.9665363634448617,1.1135751022503975,0.8194976246393261,IND
India,IND,OWID,Deaths,Cori_step,2022-10-26,0.9665363634448617,1.1135751022503975,0.8194976246393261,IND
India,IND,OWID,Deaths,Cori_step,2022-10-27,0.9665363634448617,1.1135751022503975,0.8194976246393261,IND
India,IND,OWID,Deaths,Cori_step,2022-10-28,0.9665363634448617,1.1135751022503975,0.8194976246393261,IND
India,IND,OWID,Deaths,Cori_step,2022-10-29,0.9665363634448617,1.1135751022503975,0.8194976246393261,IND
India,IND,OWID,Deaths,Cori_step,2022-10-30,0.9665363634448617,1.1135751022503975,0.8194976246393261,IND
India,IND,OWID,Deaths,Cori_step,2022-10-31,0.9665363634448617,1.1135751022503975,0.8194976246393261,IND
India,IND,OWID,Deaths,Cori_step,2022-11-01,0.9665363634448617,1.1135751022503975,0.8194976246393261,IND
India,IND,OWID,Deaths,Cori_step,2022-11-02,0.9665363634448617,1.1135751022503975,0.8194976246393261,IND
India,IND,OWID,Deaths,Cori_step,2022-11-03,0.9665363634448617,1.1135751022503975,0.8194976246393261,IND
India,IND,OWID,Deaths,Cori_step,2022-11-04,0.9665363634448617,1.1135751022503975,0.8194976246393261,IND
India,IND,OWID,Deaths,Cori_step,2022-11-05,0.9665363634448617,1.1135751022503975,0.8194976246393261,IND
India,IND,OWID,Deaths,Cori_step,2022-11-06,0.9665363634448617,1.1135751022503975,0.8194976246393261,IND
India,IND,OWID,Deaths,Cori_step,2022-11-07,0.9665363634448617,1.1135751022503975,0.8194976246393261,IND
India,IND,OWID,Deaths,Cori_step,2022-11-08,0.9665363634448617,1.1135751022503975,0.8194976246393261,IND
India,IND,OWID,Deaths,Cori_step,2022-11-09,0.9665363634448617,1.1135751022503975,0.8194976246393261,IND
India,IND,OWID,Deaths,Cori_step,2022-11-10,0.9665363634448617,1.1135751022503975,0.8194976246393261,IND
India,IND,OWID,Deaths,Cori_step,2022-11-11,0.9665363634448617,1.1135751022503975,0.8194976246393261,IND
India,IND,OWID,Deaths,Cori_step,2022-11-12,0.9665363634448617,1.1135751022503975,0.8194976246393261,IND
India,IND,OWID,Deaths,Cori_step,2022-11-13,0.9665363634448617,1.1135751022503975,0.8194976246393261,IND
India,IND,OWID,Deaths,Cori_step,2022-11-14,0.9665363634448617,1.1135751022503975,0.8194976246393261,IND
India,IND,OWID,Deaths,Cori_step,2022-11-15,0.9665363634448617,1.1135751022503975,0.8194976246393261,IND
India,IND,OWID,Deaths,Cori_step,2022-11-16,0.9665363634448617,1.1135751022503975,0.8194976246393261,IND
India,IND,OWID,Deaths,Cori_step,2022-11-17,0.9665363634448617,1.1135751022503975,0.8194976246393261,IND
India,IND,OWID,Deaths,Cori_step,2022-11-18,0.9665363634448617,1.1135751022503975,0.8194976246393261,IND
India,IND,OWID,Deaths,Cori_step,2022-11-19,0.9665363634448617,1.1135751022503975,0.8194976246393261,IND
India,IND,OWID,Deaths,Cori_step,2022-11-20,0.9665363634448617,1.1135751022503975,0.8194976246393261,IND
India,IND,OWID,Deaths,Cori_step,2022-11-21,0.9665363634448617,1.1135751022503975,0.8194976246393261,IND
India,IND,OWID,Deaths,Cori_step,2022-11-22,1.0062115554847064,1.2674999021522702,0.7449232088171427,IND
India,IND,OWID,Deaths,Cori_step,2022-11-23,1.0062115554847064,1.2674999021522702,0.7449232088171427,IND
India,IND,OWID,Deaths,Cori_step,2022-11-24,1.0062115554847064,1.2674999021522702,0.7449232088171427,IND
India,IND,OWID,Deaths,Cori_step,2022-11-25,1.0062115554847064,1.2674999021522702,0.7449232088171427,IND
India,IND,OWID,Deaths,Cori_step,2022-11-26,1.0062115554847064,1.2674999021522702,0.7449232088171427,IND
India,IND,OWID,Deaths,Cori_step,2022-11-27,1.0062115554847064,1.2674999021522702,0.7449232088171427,IND
India,IND,OWID,Deaths,Cori_step,2022-11-28,1.0062115554847064,1.2674999021522702,0.7449232088171427,IND
India,IND,OWID,Deaths,Cori_step,2022-11-29,1.0062115554847064,1.2674999021522702,0.7449232088171427,IND
India,IND,OWID,Deaths,Cori_step,2022-11-30,1.0062115554847064,1.2674999021522702,0.7449232088171427,IND
India,IND,OWID,Deaths,Cori_step,2022-12-01,1.0062115554847064,1.2674999021522702,0.7449232088171427,IND
India,IND,OWID,Deaths,Cori_step,2022-12-02,1.0062115554847064,1.2674999021522702,0.7449232088171427,IND
India,IND,OWID,Deaths,Cori_step,2022-12-03,1.0062115554847064,1.2674999021522702,0.7449232088171427,IND
India,IND,OWID,Deaths,Cori_step,2022-12-04,1.0062115554847064,1.2674999021522702,0.7449232088171427,IND
India,IND,OWID,Deaths,Cori_step,2022-12-05,1.0062115554847064,1.2674999021522702,0.7449232088171427,IND
India,IND,OWID,Deaths,Cori_step,2022-12-06,1.0062115554847064,1.2674999021522702,0.7449232088171427,IND
India,IND,OWID,Deaths,Cori_step,2022-12-07,1.0062115554847064,1.2674999021522702,0.7449232088171427,IND
India,IND,OWID,Deaths,Cori_step,2022-12-08,1.0062115554847064,1.2674999021522702,0.7449232088171427,IND
India,IND,OWID,Deaths,Cori_step,2022-12-09,1.0062115554847064,1.2674999021522702,0.7449232088171427,IND
India,IND,OWID,Deaths,Cori_step,2022-12-10,1.0062115554847064,1.2674999021522702,0.7449232088171427,IND
India,IND,OWID,Deaths,Cori_step,2022-12-11,1.0062115554847064,1.2674999021522702,0.7449232088171427,IND
India,IND,OWID,Deaths,Cori_step,2022-12-12,1.0062115554847064,1.2674999021522702,0.7449232088171427,IND
India,IND,OWID,Deaths,Cori_step,2022-12-13,1.0062115554847064,1.2674999021522702,0.7449232088171427,IND
India,IND,OWID,Deaths,Cori_step,2022-12-14,1.0062115554847064,1.2674999021522702,0.7449232088171427,IND
India,IND,OWID,Deaths,Cori_step,2022-12-15,1.0062115554847064,1.2674999021522702,0.7449232088171427,IND
India,IND,OWID,Deaths,Cori_step,2022-12-16,1.0062115554847064,1.2674999021522702,0.7449232088171427,IND
India,IND,OWID,Deaths,Cori_step,2022-12-17,1.0062115554847064,1.2674999021522702,0.7449232088171427,IND
India,IND,OWID,Deaths,Cori_step,2022-12-18,1.0062115554847064,1.2674999021522702,0.7449232088171427,IND
India,IND,OWID,Deaths,Cori_step,2022-12-19,1.0062115554847064,1.2674999021522702,0.7449232088171427,IND
India,IND,OWID,Deaths,Cori_step,2022-12-20,1.0062115554847064,1.2674999021522702,0.7449232088171427,IND
India,IND,OWID,Deaths,Cori_step,2022-12-21,1.0062115554847064,1.2674999021522702,0.7449232088171427,IND
India,IND,OWID,Deaths,Cori_step,2022-12-22,1.0062115554847064,1.2674999021522702,0.7449232088171427,IND
India,IND,OWID,Deaths,Cori_step,2022-12-23,1.0062115554847064,1.2674999021522702,0.7449232088171427,IND
India,IND,OWID,Deaths,Cori_step,2022-12-24,1.0062115554847064,1.2674999021522702,0.7449232088171427,IND
India,IND,OWID,Deaths,Cori_step,2022-12-25,1.0062115554847064,1.2674999021522702,0.7449232088171427,IND
India,IND,OWID,Deaths,Cori_step,2022-12-26,1.0062115554847064,1.2674999021522702,0.7449232088171427,IND
India,IND,OWID,Deaths,Cori_step,2022-12-27,1.0062115554847064,1.2674999021522702,0.7449232088171427,IND
India,IND,OWID,Deaths,Cori_step,2022-12-28,1.0062115554847064,1.2674999021522702,0.7449232088171427,IND
India,IND,OWID,Deaths,Cori_step,2022-12-29,1.0062115554847064,1.2674999021522702,0.7449232088171427,IND
India,IND,OWID,Deaths,Cori_step,2022-12-30,1.0062115554847064,1.2674999021522702,0.7449232088171427,IND
India,IND,OWID,Deaths,Cori_step,2022-12-31,1.0062115554847064,1.2674999021522702,0.7449232088171427,IND
India,IND,OWID,Deaths,Cori_step,2023-01-01,1.0062115554847064,1.2674999021522702,0.7449232088171427,IND
India,IND,OWID,Deaths,Cori_step,2023-01-02,1.0062115554847064,1.2674999021522702,0.7449232088171427,IND
India,IND,OWID,Deaths,Cori_step,2023-01-03,1.0062115554847064,1.2674999021522702,0.7449232088171427,IND
India,IND,OWID,Deaths,Cori_step,2023-01-04,1.0062115554847064,1.2674999021522702,0.7449232088171427,IND
India,IND,OWID,Deaths,Cori_step,2023-01-05,1.0062115554847064,1.2674999021522702,0.7449232088171427,IND
India,IND,OWID,Deaths,Cori_step,2023-01-06,1.0062115554847064,1.2674999021522702,0.7449232088171427,IND
India,IND,OWID,Deaths,Cori_step,2023-01-07,1.0062115554847064,1.2674999021522702,0.7449232088171427,IND
India,IND,OWID,Deaths,Cori_step,2023-01-08,1.0062115554847064,1.2674999021522702,0.7449232088171427,IND
India,IND,OWID,Deaths,Cori_step,2023-01-09,1.0062115554847064,1.2674999021522702,0.7449232088171427,IND
India,IND,OWID,Deaths,Cori_step,2023-01-10,1.0062115554847064,1.2674999021522702,0.7449232088171427,IND
India,IND,OWID,Deaths,Cori_step,2023-01-11,1.0062115554847064,1.2674999021522702,0.7449232088171427,IND
India,IND,OWID,Deaths,Cori_step,2023-01-12,1.0062115554847064,1.2674999021522702,0.7449232088171427,IND
India,IND,OWID,Deaths,Cori_step,2023-01-13,1.0062115554847064,1.2674999021522702,0.7449232088171427,IND
India,IND,OWID,Deaths,Cori_step,2023-01-14,1.0062115554847064,1.2674999021522702,0.7449232088171427,IND
India,IND,OWID,Deaths,Cori_step,2023-01-15,1.0062115554847064,1.2674999021522702,0.7449232088171427,IND
India,IND,OWID,Deaths,Cori_step,2023-01-16,1.0062115554847064,1.2674999021522702,0.7449232088171427,IND
India,IND,OWID,Deaths,Cori_step,2023-01-17,1.0062115554847064,1.2674999021522702,0.7449232088171427,IND
India,IND,OWID,Deaths,Cori_step,2023-01-18,1.0062115554847064,1.2674999021522702,0.7449232088171427,IND
India,IND,OWID,Deaths,Cori_step,2023-01-19,1.0062115554847064,1.2674999021522702,0.7449232088171427,IND
India,IND,OWID,Deaths,Cori_step,2023-01-20,1.0062115554847064,1.2674999021522702,0.7449232088171427,IND
India,IND,OWID,Deaths,Cori_step,2023-01-21,1.0062115554847064,1.2674999021522702,0.7449232088171427,IND
India,IND,OWID,Deaths,Cori_step,2023-01-22,1.0062115554847064,1.2674999021522702,0.7449232088171427,IND
India,IND,OWID,Deaths,Cori_step,2023-01-23,1.0062115554847064,1.2674999021522702,0.7449232088171427,IND
India,IND,OWID,Deaths,Cori_step,2023-01-24,1.0062115554847064,1.2674999021522702,0.7449232088171427,IND
India,IND,OWID,Deaths,Cori_step,2023-01-25,1.0062115554847064,1.2674999021522702,0.7449232088171427,IND
India,IND,OWID,Deaths,Cori_step,2023-01-26,1.0062115554847064,1.2674999021522702,0.7449232088171427,IND
India,IND,OWID,Deaths,Cori_step,2023-01-27,1.0062115554847064,1.2674999021522702,0.7449232088171427,IND
India,IND,OWID,Deaths,Cori_step,2023-01-28,1.0062115554847064,1.2674999021522702,0.7449232088171427,IND
India,IND,OWID,Deaths,Cori_step,2023-01-29,1.0062115554847064,1.2674999021522702,0.7449232088171427,IND
India,IND,OWID,Deaths,Cori_step,2023-01-30,1.0062115554847064,1.2674999021522702,0.7449232088171427,IND
India,IND,OWID,Deaths,Cori_step,2023-01-31,1.0062115554847064,1.2674999021522702,0.7449232088171427,IND
India,IND,OWID,Deaths,Cori_step,2023-02-01,1.0062115554847064,1.2674999021522702,0.7449232088171427,IND
India,IND,OWID,Deaths,Cori_step,2023-02-02,1.0062115554847064,1.2674999021522702,0.7449232088171427,IND
India,IND,OWID,Deaths,Cori_step,2023-02-03,1.0062115554847064,1.2674999021522702,0.7449232088171427,IND
India,IND,OWID,Deaths,Cori_step,2023-02-04,1.0062115554847064,1.2674999021522702,0.7449232088171427,IND
India,IND,OWID,Deaths,Cori_step,2023-02-05,1.0062115554847064,1.2674999021522702,0.7449232088171427,IND
India,IND,OWID,Deaths,Cori_step,2023-02-06,1.0062115554847064,1.2674999021522702,0.7449232088171427,IND
India,IND,OWID,Deaths,Cori_step,2023-02-07,1.0062115554847064,1.2674999021522702,0.7449232088171427,IND
India,IND,OWID,Deaths,Cori_step,2023-02-08,1.0062115554847064,1.2674999021522702,0.7449232088171427,IND
India,IND,OWID,Deaths,Cori_step,2023-02-09,1.0062115554847064,1.2674999021522702,0.7449232088171427,IND
India,IND,OWID,Deaths,Cori_step,2023-02-10,1.0062115554847064,1.2674999021522702,0.7449232088171427,IND
India,IND,OWID,Deaths,Cori_step,2023-02-11,1.0062115554847064,1.2674999021522702,0.7449232088171427,IND
India,IND,OWID,Deaths,Cori_step,2023-02-12,1.0062115554847064,1.2674999021522702,0.7449232088171427,IND
India,IND,OWID,Deaths,Cori_step,2023-02-13,1.0062115554847064,1.2674999021522702,0.7449232088171427,IND
India,IND,OWID,Deaths,Cori_step,2023-02-14,1.0062115554847064,1.2674999021522702,0.7449232088171427,IND
India,IND,OWID,Deaths,Cori_step,2023-02-15,1.0062115554847064,1.2674999021522702,0.7449232088171427,IND
India,IND,OWID,Deaths,Cori_step,2023-02-16,1.0062115554847064,1.2674999021522702,0.7449232088171427,IND
India,IND,OWID,Deaths,Cori_step,2023-02-17,1.0062115554847064,1.2674999021522702,0.7449232088171427,IND
India,IND,OWID,Deaths,Cori_step,2023-02-18,1.0062115554847064,1.2674999021522702,0.7449232088171427,IND
India,IND,OWID,Deaths,Cori_step,2023-02-19,1.0062115554847064,1.2674999021522702,0.7449232088171427,IND
India,IND,OWID,Deaths,Cori_step,2023-02-20,1.0062115554847064,1.2674999021522702,0.7449232088171427,IND
India,IND,OWID,Deaths,Cori_step,2023-02-21,1.0062115554847064,1.2674999021522702,0.7449232088171427,IND
India,IND,OWID,Deaths,Cori_step,2023-02-22,1.0062115554847064,1.2674999021522702,0.7449232088171427,IND
India,IND,OWID,Deaths,Cori_step,2023-02-23,1.0062115554847064,1.2674999021522702,0.7449232088171427,IND
India,IND,OWID,Deaths,Cori_step,2023-02-24,1.0062115554847064,1.2674999021522702,0.7449232088171427,IND
India,IND,OWID,Deaths,Cori_step,2023-02-25,1.0062115554847064,1.2674999021522702,0.7449232088171427,IND
India,IND,OWID,Deaths,Cori_step,2023-02-26,1.0062115554847064,1.2674999021522702,0.7449232088171427,IND
India,IND,OWID,Deaths,Cori_step,2023-02-27,1.0062115554847064,1.2674999021522702,0.7449232088171427,IND
India,IND,OWID,Deaths,Cori_step,2023-02-28,1.0062115554847064,1.2674999021522702,0.7449232088171427,IND
India,IND,OWID,Deaths,Cori_step,2023-03-01,1.0062115554847064,1.2674999021522702,0.7449232088171427,IND
