country,region,source,data_type,estimate_type,date,median_R_mean,median_R_highHPD,median_R_lowHPD,countryIso3
Italy,ITA,PCM-DPC,Confirmed cases,Cori_slidingWindow,2020-02-27,2.390001215237928,2.615411536948506,2.1645908935273503,ITA
Italy,ITA,PCM-DPC,Confirmed cases,Cori_slidingWindow,2020-02-28,2.25348422987194,2.478494054509527,2.028474405234353,ITA
Italy,ITA,PCM-DPC,Confirmed cases,Cori_slidingWindow,2020-02-29,2.1531494805954514,2.38057118378486,1.9257277774060426,ITA
Italy,ITA,PCM-DPC,Confirmed cases,Cori_slidingWindow,2020-03-01,2.0699252149552665,2.2849021273556835,1.8549483025548492,ITA
Italy,ITA,PCM-DPC,Confirmed cases,Cori_slidingWindow,2020-03-02,1.997508219501847,2.188486796465604,1.8065296425380901,ITA
Italy,ITA,PCM-DPC,Confirmed cases,Cori_slidingWindow,2020-03-03,1.936333107007072,2.1043847937050857,1.7682814203090584,ITA
Italy,ITA,PCM-DPC,Confirmed cases,Cori_slidingWindow,2020-03-04,1.885548226978251,2.033823063242989,1.7372733907135132,ITA
Italy,ITA,PCM-DPC,Confirmed cases,Cori_slidingWindow,2020-03-05,1.8409494750432458,1.9698713555134737,1.712027594573018,ITA
Italy,ITA,PCM-DPC,Confirmed cases,Cori_slidingWindow,2020-03-06,1.7975917130231203,1.9141921718458794,1.680991254200361,ITA
Italy,ITA,PCM-DPC,Confirmed cases,Cori_slidingWindow,2020-03-07,1.7466583327408787,1.8634180354509926,1.6298986300307647,ITA
Italy,ITA,PCM-DPC,Confirmed cases,Cori_slidingWindow,2020-03-08,1.6826949980872676,1.8023658746108322,1.563024121563703,ITA
Italy,ITA,PCM-DPC,Confirmed cases,Cori_slidingWindow,2020-03-09,1.6094256418798627,1.728318574157538,1.4905327096021874,ITA
Italy,ITA,PCM-DPC,Confirmed cases,Cori_slidingWindow,2020-03-10,1.5351415151377186,1.6522944774860904,1.4179885527893468,ITA
Italy,ITA,PCM-DPC,Confirmed cases,Cori_slidingWindow,2020-03-11,1.4635755179857093,1.5785315953151193,1.3486194406562992,ITA
Italy,ITA,PCM-DPC,Confirmed cases,Cori_slidingWindow,2020-03-12,1.392520502832354,1.5019949726356083,1.2830460330290996,ITA
Italy,ITA,PCM-DPC,Confirmed cases,Cori_slidingWindow,2020-03-13,1.3195918183478474,1.4208032500484555,1.2183803866472394,ITA
Italy,ITA,PCM-DPC,Confirmed cases,Cori_slidingWindow,2020-03-14,1.246028749155858,1.33979423646925,1.1522632618424657,ITA
Italy,ITA,PCM-DPC,Confirmed cases,Cori_slidingWindow,2020-03-15,1.1738898454872562,1.2618352815521714,1.085944409422341,ITA
Italy,ITA,PCM-DPC,Confirmed cases,Cori_slidingWindow,2020-03-16,1.1045864720504561,1.187614115690158,1.0215588284107542,ITA
Italy,ITA,PCM-DPC,Confirmed cases,Cori_slidingWindow,2020-03-17,1.0403181961653105,1.1199299145367925,0.9607064777938287,ITA
Italy,ITA,PCM-DPC,Confirmed cases,Cori_slidingWindow,2020-03-18,0.9838936618548665,1.0616010705086194,0.9061862532011136,ITA
Italy,ITA,PCM-DPC,Confirmed cases,Cori_slidingWindow,2020-03-19,0.9373626154839728,1.0128576932779176,0.861867537690028,ITA
Italy,ITA,PCM-DPC,Confirmed cases,Cori_slidingWindow,2020-03-20,0.9002237747754936,0.972287653109327,0.8281598964416603,ITA
Italy,ITA,PCM-DPC,Confirmed cases,Cori_slidingWindow,2020-03-21,0.8705656617284013,0.9397898985270257,0.801341424929777,ITA
Italy,ITA,PCM-DPC,Confirmed cases,Cori_slidingWindow,2020-03-22,0.847614598146131,0.915910829923726,0.7793183663685361,ITA
Italy,ITA,PCM-DPC,Confirmed cases,Cori_slidingWindow,2020-03-23,0.8311209727198702,0.8995321793600574,0.762709766079683,ITA
Italy,ITA,PCM-DPC,Confirmed cases,Cori_slidingWindow,2020-03-24,0.8215799574313779,0.8902015210514235,0.7529583938113323,ITA
Italy,ITA,PCM-DPC,Confirmed cases,Cori_slidingWindow,2020-03-25,0.8197428706942236,0.8885821236784788,0.7509036177099684,ITA
Italy,ITA,PCM-DPC,Confirmed cases,Cori_slidingWindow,2020-03-26,0.8261561086122808,0.8943822616315993,0.7579299555929624,ITA
Italy,ITA,PCM-DPC,Confirmed cases,Cori_slidingWindow,2020-03-27,0.8399185153269678,0.9060034541917362,0.7738335764621994,ITA
Italy,ITA,PCM-DPC,Confirmed cases,Cori_slidingWindow,2020-03-28,0.8575993585028151,0.9215236788707006,0.7936750381349296,ITA
Italy,ITA,PCM-DPC,Confirmed cases,Cori_slidingWindow,2020-03-29,0.8753021264455564,0.9391223311607313,0.8114819217303815,ITA
Italy,ITA,PCM-DPC,Confirmed cases,Cori_slidingWindow,2020-03-30,0.890529483639618,0.9562071795180154,0.8248517877612207,ITA
Italy,ITA,PCM-DPC,Confirmed cases,Cori_slidingWindow,2020-03-31,0.9031374586740405,0.9709832703892254,0.8352916469588556,ITA
Italy,ITA,PCM-DPC,Confirmed cases,Cori_slidingWindow,2020-04-01,0.9135871825341764,0.9834141705932633,0.8437601944750894,ITA
Italy,ITA,PCM-DPC,Confirmed cases,Cori_slidingWindow,2020-04-02,0.9213086895002599,0.9929253129362856,0.8496920660642342,ITA
Italy,ITA,PCM-DPC,Confirmed cases,Cori_slidingWindow,2020-04-03,0.9252950431321587,0.9983352755003039,0.8522548107640135,ITA
Italy,ITA,PCM-DPC,Confirmed cases,Cori_slidingWindow,2020-04-04,0.9258096985274104,0.9999866891356521,0.8516327079191686,ITA
Italy,ITA,PCM-DPC,Confirmed cases,Cori_slidingWindow,2020-04-05,0.9235781970844212,0.9986038764247991,0.8485525177440434,ITA
Italy,ITA,PCM-DPC,Confirmed cases,Cori_slidingWindow,2020-04-06,0.918575491988176,0.9937004183568459,0.8434505656195062,ITA
Italy,ITA,PCM-DPC,Confirmed cases,Cori_slidingWindow,2020-04-07,0.9103366940913655,0.9846753476015135,0.8359980405812175,ITA
Italy,ITA,PCM-DPC,Confirmed cases,Cori_slidingWindow,2020-04-08,0.8995261307832819,0.9725356823347505,0.8265165792318133,ITA
Italy,ITA,PCM-DPC,Confirmed cases,Cori_slidingWindow,2020-04-09,0.8882788592614806,0.9591806446081672,0.8173770739147941,ITA
Italy,ITA,PCM-DPC,Confirmed cases,Cori_slidingWindow,2020-04-10,0.8789628720540585,0.9468967942517709,0.8110289498563462,ITA
Italy,ITA,PCM-DPC,Confirmed cases,Cori_slidingWindow,2020-04-11,0.8719020111896152,0.937723870498033,0.8060801518811974,ITA
Italy,ITA,PCM-DPC,Confirmed cases,Cori_slidingWindow,2020-04-12,0.8656920178080786,0.9319225349502118,0.7994615006659453,ITA
Italy,ITA,PCM-DPC,Confirmed cases,Cori_slidingWindow,2020-04-13,0.8581138982471282,0.9263241299457167,0.7899036665485398,ITA
Italy,ITA,PCM-DPC,Confirmed cases,Cori_slidingWindow,2020-04-14,0.8484424895160436,0.9187235069465632,0.778161472085524,ITA
Italy,ITA,PCM-DPC,Confirmed cases,Cori_slidingWindow,2020-04-15,0.8378050667658663,0.9103780489776995,0.7652320845540331,ITA
Italy,ITA,PCM-DPC,Confirmed cases,Cori_slidingWindow,2020-04-16,0.827061108989614,0.9017122885852685,0.7524099293939596,ITA
Italy,ITA,PCM-DPC,Confirmed cases,Cori_slidingWindow,2020-04-17,0.8155249046216507,0.8910241308215184,0.740025678421783,ITA
Italy,ITA,PCM-DPC,Confirmed cases,Cori_slidingWindow,2020-04-18,0.8017026751800959,0.8770485380224338,0.726356812337758,ITA
Italy,ITA,PCM-DPC,Confirmed cases,Cori_slidingWindow,2020-04-19,0.785462394747515,0.8599959792034099,0.7109288102916201,ITA
Italy,ITA,PCM-DPC,Confirmed cases,Cori_slidingWindow,2020-04-20,0.7681442032613507,0.8402078247998493,0.696080581722852,ITA
Italy,ITA,PCM-DPC,Confirmed cases,Cori_slidingWindow,2020-04-21,0.7521681846424781,0.819614180088294,0.6847221891966623,ITA
Italy,ITA,PCM-DPC,Confirmed cases,Cori_slidingWindow,2020-04-22,0.7394871349190426,0.8018913535456569,0.6770829162924283,ITA
Italy,ITA,PCM-DPC,Confirmed cases,Cori_slidingWindow,2020-04-23,0.7310160276717993,0.7898753517581251,0.6721567035854735,ITA
Italy,ITA,PCM-DPC,Confirmed cases,Cori_slidingWindow,2020-04-24,0.7261816500543201,0.7840338635959022,0.668329436512738,ITA
Italy,ITA,PCM-DPC,Confirmed cases,Cori_slidingWindow,2020-04-25,0.7241051603373804,0.785423715511108,0.6627866051636527,ITA
Italy,ITA,PCM-DPC,Confirmed cases,Cori_slidingWindow,2020-04-26,0.7246983364668579,0.7941362850096927,0.6552603879240231,ITA
Italy,ITA,PCM-DPC,Confirmed cases,Cori_slidingWindow,2020-04-27,0.7283858691578451,0.806323189149118,0.6504485491665721,ITA
Italy,ITA,PCM-DPC,Confirmed cases,Cori_slidingWindow,2020-04-28,0.7352147982855787,0.8179123383624365,0.6525172582087209,ITA
Italy,ITA,PCM-DPC,Confirmed cases,Cori_slidingWindow,2020-04-29,0.7443436913942729,0.8277824641356734,0.6609049186528725,ITA
Italy,ITA,PCM-DPC,Confirmed cases,Cori_slidingWindow,2020-04-30,0.7548343239676689,0.8360067820304921,0.6736618659048458,ITA
Italy,ITA,PCM-DPC,Confirmed cases,Cori_slidingWindow,2020-05-01,0.7660626907646032,0.8423411423604874,0.689784239168719,ITA
Italy,ITA,PCM-DPC,Confirmed cases,Cori_slidingWindow,2020-05-02,0.7771176226144708,0.8475217241717985,0.7067135210571431,ITA
Italy,ITA,PCM-DPC,Confirmed cases,Cori_slidingWindow,2020-05-03,0.7865435155690332,0.8537524681772509,0.7193345629608155,ITA
Italy,ITA,PCM-DPC,Confirmed cases,Cori_slidingWindow,2020-05-04,0.7930725034536461,0.8615348674838305,0.7246101394234618,ITA
Italy,ITA,PCM-DPC,Confirmed cases,Cori_slidingWindow,2020-05-05,0.7971606805450785,0.8700107760953348,0.7243105849948221,ITA
Italy,ITA,PCM-DPC,Confirmed cases,Cori_slidingWindow,2020-05-06,0.8003827867471195,0.8796124398734367,0.7211531336208022,ITA
Italy,ITA,PCM-DPC,Confirmed cases,Cori_slidingWindow,2020-05-07,0.8033881880010728,0.8899212197021,0.7168551563000456,ITA
Italy,ITA,PCM-DPC,Confirmed cases,Cori_slidingWindow,2020-05-08,0.8048016745883453,0.8982145474021201,0.7113888017745704,ITA
Italy,ITA,PCM-DPC,Confirmed cases,Cori_slidingWindow,2020-05-09,0.8023327981777125,0.9011367241088446,0.70352887224658045,ITA
Italy,ITA,PCM-DPC,Confirmed cases,Cori_slidingWindow,2020-05-10,0.7958489236702091,0.8972058659859127,0.6944919813545055,ITA
Italy,ITA,PCM-DPC,Confirmed cases,Cori_slidingWindow,2020-05-11,0.788372444898631,0.88791869704365,0.688826192753612,ITA
Italy,ITA,PCM-DPC,Confirmed cases,Cori_slidingWindow,2020-05-12,0.7843907624167666,0.8780205205460535,0.6907610042874798,ITA
Italy,ITA,PCM-DPC,Confirmed cases,Cori_slidingWindow,2020-05-13,0.785822041229139,0.8714802272009354,0.7001638552573426,ITA
Italy,ITA,PCM-DPC,Confirmed cases,Cori_slidingWindow,2020-05-14,0.7914101510504741,0.8685342455198499,0.7142860565810982,ITA
Italy,ITA,PCM-DPC,Confirmed cases,Cori_slidingWindow,2020-05-15,0.7978537137426938,0.8672097593811191,0.7284976681042684,ITA
Italy,ITA,PCM-DPC,Confirmed cases,Cori_slidingWindow,2020-05-16,0.8013174662518423,0.8677051227167186,0.734929809786966,ITA
Italy,ITA,PCM-DPC,Confirmed cases,Cori_slidingWindow,2020-05-17,0.798805838599892,0.8701802327595203,0.7274314444402636,ITA
Italy,ITA,PCM-DPC,Confirmed cases,Cori_slidingWindow,2020-05-18,0.790170261368803,0.8711106642790216,0.7092298584585843,ITA
Italy,ITA,PCM-DPC,Confirmed cases,Cori_slidingWindow,2020-05-19,0.7792096532145125,0.8693038565864332,0.6891154498425919,ITA
Italy,ITA,PCM-DPC,Confirmed cases,Cori_slidingWindow,2020-05-20,0.7699935443348723,0.8670155516652527,0.672971537004492,ITA
Italy,ITA,PCM-DPC,Confirmed cases,Cori_slidingWindow,2020-05-21,0.7638490963281412,0.8646199779989338,0.6630782146573487,ITA
Italy,ITA,PCM-DPC,Confirmed cases,Cori_slidingWindow,2020-05-22,0.7587234892292605,0.8588501224846438,0.6585968559738772,ITA
Italy,ITA,PCM-DPC,Confirmed cases,Cori_slidingWindow,2020-05-23,0.7527571612002577,0.8478601018132851,0.6576542205872303,ITA
Italy,ITA,PCM-DPC,Confirmed cases,Cori_slidingWindow,2020-05-24,0.7469129808380714,0.8344044165255167,0.6594215451506262,ITA
Italy,ITA,PCM-DPC,Confirmed cases,Cori_slidingWindow,2020-05-25,0.7444178100330675,0.8240599374498907,0.6647756826162443,ITA
Italy,ITA,PCM-DPC,Confirmed cases,Cori_slidingWindow,2020-05-26,0.7488758090440683,0.8225598759223292,0.6751917421658074,ITA
Italy,ITA,PCM-DPC,Confirmed cases,Cori_slidingWindow,2020-05-27,0.7621377354970332,0.8340984191188116,0.6901770518752549,ITA
Italy,ITA,PCM-DPC,Confirmed cases,Cori_slidingWindow,2020-05-28,0.7852568569322529,0.8602506889425584,0.7102630249219474,ITA
Italy,ITA,PCM-DPC,Confirmed cases,Cori_slidingWindow,2020-05-29,0.8186480713400123,0.8986297389290933,0.7386664037509313,ITA
Italy,ITA,PCM-DPC,Confirmed cases,Cori_slidingWindow,2020-05-30,0.8613190108589266,0.9449210585803435,0.7777169631375097,ITA
Italy,ITA,PCM-DPC,Confirmed cases,Cori_slidingWindow,2020-05-31,0.9102598448156067,0.9942780535561618,0.8262416360750516,ITA
Italy,ITA,PCM-DPC,Confirmed cases,Cori_slidingWindow,2020-06-01,0.9609895480171537,1.0424418282356893,0.8795372677986183,ITA
Italy,ITA,PCM-DPC,Confirmed cases,Cori_slidingWindow,2020-06-02,1.0076971494368347,1.0858576247433946,0.9295366741302749,ITA
Italy,ITA,PCM-DPC,Confirmed cases,Cori_slidingWindow,2020-06-03,1.0445042195331822,1.1212559280227439,0.9677525110436205,ITA
Italy,ITA,PCM-DPC,Confirmed cases,Cori_slidingWindow,2020-06-04,1.0670625014860706,1.1445947597041854,0.9895302432679558,ITA
Italy,ITA,PCM-DPC,Confirmed cases,Cori_slidingWindow,2020-06-05,1.0748868767069133,1.1542104252902552,0.9955633281235714,ITA
Italy,ITA,PCM-DPC,Confirmed cases,Cori_slidingWindow,2020-06-06,1.0692644771545607,1.1505699988903846,0.9879589554187369,ITA
Italy,ITA,PCM-DPC,Confirmed cases,Cori_slidingWindow,2020-06-07,1.0505925006205996,1.132697810242989,0.9684871909982103,ITA
Italy,ITA,PCM-DPC,Confirmed cases,Cori_slidingWindow,2020-06-08,1.019323198903956,1.100186536010974,0.938459861796938,ITA
Italy,ITA,PCM-DPC,Confirmed cases,Cori_slidingWindow,2020-06-09,0.9796432386445516,1.058801057887159,0.9004854194019443,ITA
Italy,ITA,PCM-DPC,Confirmed cases,Cori_slidingWindow,2020-06-10,0.9385983149915227,1.0176574932357367,0.8595391367473086,ITA
Italy,ITA,PCM-DPC,Confirmed cases,Cori_slidingWindow,2020-06-11,0.901237788856726,0.9816883834051598,0.8207871943082922,ITA
Italy,ITA,PCM-DPC,Confirmed cases,Cori_slidingWindow,2020-06-12,0.8680651682528554,0.9510945710966316,0.7850357654090792,ITA
Italy,ITA,PCM-DPC,Confirmed cases,Cori_slidingWindow,2020-06-13,0.837118171485029,0.924299427498043,0.749936915472015,ITA
Italy,ITA,PCM-DPC,Confirmed cases,Cori_slidingWindow,2020-06-14,0.8088211355581046,0.8999218256846483,0.717720445431561,ITA
Italy,ITA,PCM-DPC,Confirmed cases,Cori_slidingWindow,2020-06-15,0.7862778037738712,0.8783875775226747,0.6941680300250678,ITA
Italy,ITA,PCM-DPC,Confirmed cases,Cori_slidingWindow,2020-06-16,0.7745117333796587,0.8645095126678729,0.6845139540914446,ITA
Italy,ITA,PCM-DPC,Confirmed cases,Cori_slidingWindow,2020-06-17,0.776968806900439,0.8632758134702867,0.6906618003305913,ITA
Italy,ITA,PCM-DPC,Confirmed cases,Cori_slidingWindow,2020-06-18,0.7943742390448121,0.8756892735963435,0.7130592044932806,ITA
Italy,ITA,PCM-DPC,Confirmed cases,Cori_slidingWindow,2020-06-19,0.8239616265433676,0.8992010299633633,0.7487222231233719,ITA
Italy,ITA,PCM-DPC,Confirmed cases,Cori_slidingWindow,2020-06-20,0.8606049161282122,0.9354238491642316,0.788297500890666,ITA
Italy,ITA,PCM-DPC,Confirmed cases,Cori_slidingWindow,2020-06-21,0.8998552450221577,0.9780065740310735,0.823222106038798,ITA
Italy,ITA,PCM-DPC,Confirmed cases,Cori_slidingWindow,2020-06-22,0.9398497413837458,1.0263537384278236,0.8533457443396679,ITA
Italy,ITA,PCM-DPC,Confirmed cases,Cori_slidingWindow,2020-06-23,0.9807875859688613,1.0786607061992153,0.8829144657385074,ITA
Italy,ITA,PCM-DPC,Confirmed cases,Cori_slidingWindow,2020-06-24,1.0212803734241171,1.1292612754708826,0.9132994713773518,ITA
Italy,ITA,PCM-DPC,Confirmed cases,Cori_slidingWindow,2020-06-25,1.05763305884337,1.1716026427461403,0.9436634749405995,ITA
Italy,ITA,PCM-DPC,Confirmed cases,Cori_slidingWindow,2020-06-26,1.0857481190336005,1.1996878987255182,0.9718083393416828,ITA
Italy,ITA,PCM-DPC,Confirmed cases,Cori_slidingWindow,2020-06-27,1.1017143620422747,1.210344268630368,0.9930844554541814,ITA
Italy,ITA,PCM-DPC,Confirmed cases,Cori_slidingWindow,2020-06-28,1.1024522111274755,1.2020433084769022,1.0028611137780488,ITA
Italy,ITA,PCM-DPC,Confirmed cases,Cori_slidingWindow,2020-06-29,1.0878941381909175,1.1765353056088927,0.9992529707729424,ITA
Italy,ITA,PCM-DPC,Confirmed cases,Cori_slidingWindow,2020-06-30,1.0640073480461694,1.1495574671577105,0.981721543110979,ITA
Italy,ITA,PCM-DPC,Confirmed cases,Cori_slidingWindow,2020-07-01,1.03916085315563,1.122922538774612,0.9586029497840197,ITA
Italy,ITA,PCM-DPC,Confirmed cases,Cori_slidingWindow,2020-07-02,1.0186218385183012,1.10094786357963,0.9378193641376924,ITA
Italy,ITA,PCM-DPC,Confirmed cases,Cori_slidingWindow,2020-07-03,1.0027168876420731,1.0884854482939088,0.9169483269902374,ITA
Italy,ITA,PCM-DPC,Confirmed cases,Cori_slidingWindow,2020-07-04,0.9903678005091244,1.080457549749445,0.9002780512688039,ITA
Italy,ITA,PCM-DPC,Confirmed cases,Cori_slidingWindow,2020-07-05,0.9827064090630013,1.074830558316833,0.8905822598091697,ITA
Italy,ITA,PCM-DPC,Confirmed cases,Cori_slidingWindow,2020-07-06,0.9818682693075564,1.0734521720764387,0.8902843665386743,ITA
Italy,ITA,PCM-DPC,Confirmed cases,Cori_slidingWindow,2020-07-07,0.9893187289306701,1.0802173606984224,0.8984200971629178,ITA
Italy,ITA,PCM-DPC,Confirmed cases,Cori_slidingWindow,2020-07-08,1.0047007083620214,1.096143839042006,0.9132575776820367,ITA
Italy,ITA,PCM-DPC,Confirmed cases,Cori_slidingWindow,2020-07-09,1.0268224751727844,1.1180274628387161,0.9356174875068527,ITA
Italy,ITA,PCM-DPC,Confirmed cases,Cori_slidingWindow,2020-07-10,1.0538043744860155,1.1428310749567254,0.9647776740153056,ITA
Italy,ITA,PCM-DPC,Confirmed cases,Cori_slidingWindow,2020-07-11,1.082304602088552,1.1692469857362005,0.9953622184409038,ITA
Italy,ITA,PCM-DPC,Confirmed cases,Cori_slidingWindow,2020-07-12,1.1081573334618882,1.19421994353717,1.0220947233866062,ITA
Italy,ITA,PCM-DPC,Confirmed cases,Cori_slidingWindow,2020-07-13,1.127819316126036,1.2129672351497671,1.0426713971023047,ITA
Italy,ITA,PCM-DPC,Confirmed cases,Cori_slidingWindow,2020-07-14,1.1409474195002012,1.2256265415697725,1.0572213723772055,ITA
Italy,ITA,PCM-DPC,Confirmed cases,Cori_slidingWindow,2020-07-15,1.149229097827624,1.2331652728593678,1.0669195964324278,ITA
Italy,ITA,PCM-DPC,Confirmed cases,Cori_slidingWindow,2020-07-16,1.1532793451718317,1.2362034993966222,1.0729959625004242,ITA
Italy,ITA,PCM-DPC,Confirmed cases,Cori_slidingWindow,2020-07-17,1.1514881745390684,1.2331328491716496,1.0726028310986073,ITA
Italy,ITA,PCM-DPC,Confirmed cases,Cori_slidingWindow,2020-07-18,1.1412042362342607,1.2212590701787724,1.0634534549185677,ITA
Italy,ITA,PCM-DPC,Confirmed cases,Cori_slidingWindow,2020-07-19,1.1227836761819596,1.2027651330955869,1.0428022192683324,ITA
Italy,ITA,PCM-DPC,Confirmed cases,Cori_slidingWindow,2020-07-20,1.10045746926716,1.1831270954056015,1.0177878431287186,ITA
Italy,ITA,PCM-DPC,Confirmed cases,Cori_slidingWindow,2020-07-21,1.0837128920607464,1.1679292548801212,0.9994965292413716,ITA
Italy,ITA,PCM-DPC,Confirmed cases,Cori_slidingWindow,2020-07-22,1.0808968532001282,1.1645776077913805,0.9972160986088758,ITA
Italy,ITA,PCM-DPC,Confirmed cases,Cori_slidingWindow,2020-07-23,1.0940196788530487,1.1741679721648326,1.0138713855412649,ITA
Italy,ITA,PCM-DPC,Confirmed cases,Cori_slidingWindow,2020-07-24,1.1169962020431576,1.1916059025303496,1.0423865015559657,ITA
Italy,ITA,PCM-DPC,Confirmed cases,Cori_slidingWindow,2020-07-25,1.139860176457232,1.2136797699902495,1.0683258830194355,ITA
Italy,ITA,PCM-DPC,Confirmed cases,Cori_slidingWindow,2020-07-26,1.15774636579506,1.2313167436328125,1.0864120869898322,ITA
Italy,ITA,PCM-DPC,Confirmed cases,Cori_slidingWindow,2020-07-27,1.1730679744422838,1.2461374545891852,1.102176720282026,ITA
Italy,ITA,PCM-DPC,Confirmed cases,Cori_slidingWindow,2020-07-28,1.191407562329211,1.263922039269013,1.1195546372384797,ITA
Italy,ITA,PCM-DPC,Confirmed cases,Cori_slidingWindow,2020-07-29,1.2126859053543546,1.288701731366843,1.1366700793418663,ITA
Italy,ITA,PCM-DPC,Confirmed cases,Cori_slidingWindow,2020-07-30,1.230945652764901,1.3093493313319133,1.1525419741978886,ITA
Italy,ITA,PCM-DPC,Confirmed cases,Cori_slidingWindow,2020-07-31,1.2388635376192527,1.3173629182817057,1.1603641569567997,ITA
Italy,ITA,PCM-DPC,Confirmed cases,Cori_slidingWindow,2020-08-01,1.2336426728057148,1.3114301066323426,1.155855238979087,ITA
Italy,ITA,PCM-DPC,Confirmed cases,Cori_slidingWindow,2020-08-02,1.2172155837290521,1.2937441320478253,1.140687035410279,ITA
Italy,ITA,PCM-DPC,Confirmed cases,Cori_slidingWindow,2020-08-03,1.194339274912094,1.2703675812811928,1.1183109685429953,ITA
Italy,ITA,PCM-DPC,Confirmed cases,Cori_slidingWindow,2020-08-04,1.1762847682061046,1.255082977194322,1.0974865592178873,ITA
Italy,ITA,PCM-DPC,Confirmed cases,Cori_slidingWindow,2020-08-05,1.17539055118844,1.2588298877875435,1.0919512145893364,ITA
Italy,ITA,PCM-DPC,Confirmed cases,Cori_slidingWindow,2020-08-06,1.198037110398767,1.2846803084101701,1.111393912387364,ITA
Italy,ITA,PCM-DPC,Confirmed cases,Cori_slidingWindow,2020-08-07,1.2398409351269635,1.328842410299736,1.150839459954191,ITA
Italy,ITA,PCM-DPC,Confirmed cases,Cori_slidingWindow,2020-08-08,1.2893047403881925,1.3814796665825215,1.1971298141938636,ITA
Italy,ITA,PCM-DPC,Confirmed cases,Cori_slidingWindow,2020-08-09,1.3400651177305236,1.434523870244631,1.2456063652164162,ITA
Italy,ITA,PCM-DPC,Confirmed cases,Cori_slidingWindow,2020-08-10,1.3930441902326798,1.4886704726401074,1.2974179078252521,ITA
Italy,ITA,PCM-DPC,Confirmed cases,Cori_slidingWindow,2020-08-11,1.4482884540065868,1.5461063464140246,1.350470561599149,ITA
Italy,ITA,PCM-DPC,Confirmed cases,Cori_slidingWindow,2020-08-12,1.4973096410175306,1.596710557584723,1.3979087244503383,ITA
Italy,ITA,PCM-DPC,Confirmed cases,Cori_slidingWindow,2020-08-13,1.5283887888003742,1.6251685787038639,1.4316089988968845,ITA
Italy,ITA,PCM-DPC,Confirmed cases,Cori_slidingWindow,2020-08-14,1.535666921562005,1.6267145362358444,1.4446193068881654,ITA
Italy,ITA,PCM-DPC,Confirmed cases,Cori_slidingWindow,2020-08-15,1.5183356897130298,1.6040706363519535,1.4326007430741061,ITA
Italy,ITA,PCM-DPC,Confirmed cases,Cori_slidingWindow,2020-08-16,1.4768147142492967,1.5580462293679478,1.3955831991306455,ITA
Italy,ITA,PCM-DPC,Confirmed cases,Cori_slidingWindow,2020-08-17,1.4151201876976303,1.4932146524338505,1.33702572296141,ITA
Italy,ITA,PCM-DPC,Confirmed cases,Cori_slidingWindow,2020-08-18,1.3442330630647978,1.4231416561653334,1.2653244699642623,ITA
Italy,ITA,PCM-DPC,Confirmed cases,Cori_slidingWindow,2020-08-19,1.276362492802144,1.3586505778013327,1.1940744078029553,ITA
Italy,ITA,PCM-DPC,Confirmed cases,Cori_slidingWindow,2020-08-20,1.2176647299999437,1.301915248749113,1.1334142112507744,ITA
Italy,ITA,PCM-DPC,Confirmed cases,Cori_slidingWindow,2020-08-21,1.1674586644630616,1.2522084116694305,1.0827089172566926,ITA
Italy,ITA,PCM-DPC,Confirmed cases,Cori_slidingWindow,2020-08-22,1.12287385175206,1.208472917345751,1.037274786158369,ITA
Italy,ITA,PCM-DPC,Confirmed cases,Cori_slidingWindow,2020-08-23,1.0839551029955232,1.1696538921695283,0.9982563138215182,ITA
Italy,ITA,PCM-DPC,Confirmed cases,Cori_slidingWindow,2020-08-24,1.0529379041631135,1.13696969522939,0.968906113096837,ITA
Italy,ITA,PCM-DPC,Confirmed cases,Cori_slidingWindow,2020-08-25,1.0320228182481752,1.114778471125497,0.9492671653708534,ITA
Italy,ITA,PCM-DPC,Confirmed cases,Cori_slidingWindow,2020-08-26,1.0206882108045903,1.1038776673177004,0.9374987542914802,ITA
Italy,ITA,PCM-DPC,Confirmed cases,Cori_slidingWindow,2020-08-27,1.0164631423101032,1.0992562561815433,0.933670028438663,ITA
Italy,ITA,PCM-DPC,Confirmed cases,Cori_slidingWindow,2020-08-28,1.0161011727872336,1.0955909185182728,0.9366114270561942,ITA
Italy,ITA,PCM-DPC,Confirmed cases,Cori_slidingWindow,2020-08-29,1.0168125809211226,1.0917438079333146,0.9418813539089306,ITA
Italy,ITA,PCM-DPC,Confirmed cases,Cori_slidingWindow,2020-08-30,1.0163947253518502,1.0872540060363023,0.945535444667398,ITA
Italy,ITA,PCM-DPC,Confirmed cases,Cori_slidingWindow,2020-08-31,1.0132494629656998,1.0807932131998876,0.945705712731512,ITA
Italy,ITA,PCM-DPC,Confirmed cases,Cori_slidingWindow,2020-09-01,1.008615944238957,1.074529152782035,0.9427027356958789,ITA
Italy,ITA,PCM-DPC,Confirmed cases,Cori_slidingWindow,2020-09-02,1.0058575052023302,1.0732539697533765,0.938461040651284,ITA
Italy,ITA,PCM-DPC,Confirmed cases,Cori_slidingWindow,2020-09-03,1.0076430760792843,1.0786746999288623,0.9366114522297061,ITA
Italy,ITA,PCM-DPC,Confirmed cases,Cori_slidingWindow,2020-09-04,1.0134753592786194,1.0883893358418937,0.9385613827153451,ITA
Italy,ITA,PCM-DPC,Confirmed cases,Cori_slidingWindow,2020-09-05,1.0198898738772455,1.0981705965602706,0.9416091511942205,ITA
Italy,ITA,PCM-DPC,Confirmed cases,Cori_slidingWindow,2020-09-06,1.0248598563726599,1.1051984151642689,0.9445212975810509,ITA
Italy,ITA,PCM-DPC,Confirmed cases,Cori_slidingWindow,2020-09-07,1.0291808123233883,1.1097775899074096,0.9485840347393669,ITA
Italy,ITA,PCM-DPC,Confirmed cases,Cori_slidingWindow,2020-09-08,1.0354742464352222,1.1154933257270514,0.9554551671433932,ITA
Italy,ITA,PCM-DPC,Confirmed cases,Cori_slidingWindow,2020-09-09,1.0448774242099557,1.1248898241381515,0.9648650242817598,ITA
Italy,ITA,PCM-DPC,Confirmed cases,Cori_slidingWindow,2020-09-10,1.0562951662081501,1.1379833901074845,0.9746069423088157,ITA
Italy,ITA,PCM-DPC,Confirmed cases,Cori_slidingWindow,2020-09-11,1.0673655637302033,1.1520745915981614,0.9826565358622451,ITA
Italy,ITA,PCM-DPC,Confirmed cases,Cori_slidingWindow,2020-09-12,1.0757398873867399,1.162232240203886,0.9892475345695937,ITA
Italy,ITA,PCM-DPC,Confirmed cases,Cori_slidingWindow,2020-09-13,1.0791333248849304,1.1648121396827702,0.9934545100870906,ITA
Italy,ITA,PCM-DPC,Confirmed cases,Cori_slidingWindow,2020-09-14,1.0785922223605344,1.1630103369213178,0.9941741077997511,ITA
Italy,ITA,PCM-DPC,Confirmed cases,Cori_slidingWindow,2020-09-15,1.0785014690197787,1.1626344755643216,0.9943684624752358,ITA
Italy,ITA,PCM-DPC,Confirmed cases,Cori_slidingWindow,2020-09-16,1.0830504764021516,1.1663861279012528,0.9997148249030503,ITA
Italy,ITA,PCM-DPC,Confirmed cases,Cori_slidingWindow,2020-09-17,1.0932050809850589,1.175155700533471,1.0112544614366468,ITA
Italy,ITA,PCM-DPC,Confirmed cases,Cori_slidingWindow,2020-09-18,1.1072954176745697,1.1890659330588746,1.0255249022902648,ITA
Italy,ITA,PCM-DPC,Confirmed cases,Cori_slidingWindow,2020-09-19,1.1245111713512377,1.2068460025576164,1.042176340144859,ITA
Italy,ITA,PCM-DPC,Confirmed cases,Cori_slidingWindow,2020-09-20,1.1449088045418558,1.2281888229491116,1.0616287861346,ITA
Italy,ITA,PCM-DPC,Confirmed cases,Cori_slidingWindow,2020-09-21,1.1722653463209038,1.2587313485110232,1.0857993441307845,ITA
Italy,ITA,PCM-DPC,Confirmed cases,Cori_slidingWindow,2020-09-22,1.211729504384935,1.303358869601968,1.120100139167902,ITA
Italy,ITA,PCM-DPC,Confirmed cases,Cori_slidingWindow,2020-09-23,1.265252372804262,1.361554832149098,1.168949913459426,ITA
Italy,ITA,PCM-DPC,Confirmed cases,Cori_slidingWindow,2020-09-24,1.3281551785043761,1.4287599982691204,1.227550358739632,ITA
Italy,ITA,PCM-DPC,Confirmed cases,Cori_slidingWindow,2020-09-25,1.3902141499494753,1.4945844591169914,1.2858438407819592,ITA
Italy,ITA,PCM-DPC,Confirmed cases,Cori_slidingWindow,2020-09-26,1.4434619853347794,1.5481897244518823,1.3387342462176766,ITA
Italy,ITA,PCM-DPC,Confirmed cases,Cori_slidingWindow,2020-09-27,1.4853084280212097,1.5881916391806163,1.382425216861803,ITA
Italy,ITA,PCM-DPC,Confirmed cases,Cori_slidingWindow,2020-09-28,1.5196967889920872,1.6235791211486599,1.4158144568355144,ITA
Italy,ITA,PCM-DPC,Confirmed cases,Cori_slidingWindow,2020-09-29,1.5508113443888927,1.6572599674397033,1.444362721338082,ITA
Italy,ITA,PCM-DPC,Confirmed cases,Cori_slidingWindow,2020-09-30,1.5786999457388042,1.6848621503076373,1.4725377411699712,ITA
Italy,ITA,PCM-DPC,Confirmed cases,Cori_slidingWindow,2020-10-01,1.5998205569078188,1.7048254860711296,1.494815627744508,ITA
Italy,ITA,PCM-DPC,Confirmed cases,Cori_slidingWindow,2020-10-02,1.6100212618044487,1.7155211478656456,1.5045213757432518,ITA
Italy,ITA,PCM-DPC,Confirmed cases,Cori_slidingWindow,2020-10-03,1.608381264594499,1.7124355232805992,1.5043270059083989,ITA
Italy,ITA,PCM-DPC,Confirmed cases,Cori_slidingWindow,2020-10-04,1.5974236697939859,1.6978390344706633,1.4970083051173084,ITA
Italy,ITA,PCM-DPC,Confirmed cases,Cori_slidingWindow,2020-10-05,1.5834227351457137,1.6831375179546768,1.4837079523367507,ITA
Italy,ITA,PCM-DPC,Confirmed cases,Cori_slidingWindow,2020-10-06,1.572147756493659,1.6741056258379412,1.4701898871493768,ITA
Italy,ITA,PCM-DPC,Confirmed cases,Cori_slidingWindow,2020-10-07,1.5656625519093936,1.6704673426706593,1.460857761148128,ITA
Italy,ITA,PCM-DPC,Confirmed cases,Cori_slidingWindow,2020-10-08,1.562386497013491,1.6739866311315645,1.4507863628954176,ITA
Italy,ITA,PCM-DPC,Confirmed cases,Cori_slidingWindow,2020-10-09,1.5584398150760825,1.6794807280769575,1.4373989020752076,ITA
Italy,ITA,PCM-DPC,Confirmed cases,Cori_slidingWindow,2020-10-10,1.5513712241720043,1.6758907300726655,1.4268517182713432,ITA
Italy,ITA,PCM-DPC,Confirmed cases,Cori_slidingWindow,2020-10-11,1.5412716382216953,1.6618633870514914,1.4206798893918993,ITA
Italy,ITA,PCM-DPC,Confirmed cases,Cori_slidingWindow,2020-10-12,1.530348141569482,1.6453743131314993,1.4153219700074646,ITA
Italy,ITA,PCM-DPC,Confirmed cases,Cori_slidingWindow,2020-10-13,1.5202241104136056,1.629477456960776,1.4109707638664353,ITA
Italy,ITA,PCM-DPC,Confirmed cases,Cori_slidingWindow,2020-10-14,1.5105781860651897,1.6123348502130508,1.4088215219173286,ITA
Italy,ITA,PCM-DPC,Confirmed cases,Cori_slidingWindow,2020-10-15,1.5001026149321413,1.5963510154797298,1.4038542143845527,ITA
Italy,ITA,PCM-DPC,Confirmed cases,Cori_slidingWindow,2020-10-16,1.4844075015507683,1.5807145080381473,1.3881004950633893,ITA
Italy,ITA,PCM-DPC,Confirmed cases,Cori_slidingWindow,2020-10-17,1.4594099808755387,1.5569241295092344,1.361895832241843,ITA
Italy,ITA,PCM-DPC,Confirmed cases,Cori_slidingWindow,2020-10-18,1.425403359152054,1.5226136821672187,1.3281930361368894,ITA
Italy,ITA,PCM-DPC,Confirmed cases,Cori_slidingWindow,2020-10-19,1.3876814822823504,1.4861368784004017,1.2892260861642992,ITA
Italy,ITA,PCM-DPC,Confirmed cases,Cori_slidingWindow,2020-10-20,1.3514425209060703,1.452467438767561,1.2504176030445797,ITA
Italy,ITA,PCM-DPC,Confirmed cases,Cori_slidingWindow,2020-10-21,1.3180586593749755,1.419347041351482,1.216770277398469,ITA
Italy,ITA,PCM-DPC,Confirmed cases,Cori_slidingWindow,2020-10-22,1.286573307978903,1.3858866027992875,1.1872600131585185,ITA
Italy,ITA,PCM-DPC,Confirmed cases,Cori_slidingWindow,2020-10-23,1.2555625387558562,1.3528841293610328,1.1582409481506797,ITA
Italy,ITA,PCM-DPC,Confirmed cases,Cori_slidingWindow,2020-10-24,1.2243045261377128,1.318730944704133,1.1298781075712925,ITA
Italy,ITA,PCM-DPC,Confirmed cases,Cori_slidingWindow,2020-10-25,1.193212015141358,1.2833087916136177,1.1031152386690986,ITA
Italy,ITA,PCM-DPC,Confirmed cases,Cori_slidingWindow,2020-10-26,1.1640485423490412,1.2510970295134707,1.0770000551846117,ITA
Italy,ITA,PCM-DPC,Confirmed cases,Cori_slidingWindow,2020-10-27,1.1386791915629413,1.224760810918612,1.0525975722072705,ITA
Italy,ITA,PCM-DPC,Confirmed cases,Cori_slidingWindow,2020-10-28,1.1179825199135534,1.2021256706509023,1.0338393691762044,ITA
Italy,ITA,PCM-DPC,Confirmed cases,Cori_slidingWindow,2020-10-29,1.101837196881613,1.1817775382135207,1.0218968555497052,ITA
Italy,ITA,PCM-DPC,Confirmed cases,Cori_slidingWindow,2020-10-30,1.08889207845972,1.16490343503198,1.01288072188746,ITA
Italy,ITA,PCM-DPC,Confirmed cases,Cori_slidingWindow,2020-10-31,1.0771305559719921,1.1508869328722415,1.0033741790717428,ITA
Italy,ITA,PCM-DPC,Confirmed cases,Cori_slidingWindow,2020-11-01,1.0646041417547145,1.1376743124453916,0.9915339710640373,ITA
Italy,ITA,PCM-DPC,Confirmed cases,Cori_slidingWindow,2020-11-02,1.0509550895744384,1.126009870971773,0.9759003081771039,ITA
Italy,ITA,PCM-DPC,Confirmed cases,Cori_slidingWindow,2020-11-03,1.0373806765487275,1.1169185813202378,0.9578427717772172,ITA
Italy,ITA,PCM-DPC,Confirmed cases,Cori_slidingWindow,2020-11-04,1.025046058335219,1.108360047898622,0.941732068771816,ITA
Italy,ITA,PCM-DPC,Confirmed cases,Cori_slidingWindow,2020-11-05,1.0142459348314652,1.098481614415709,0.9300102552472214,ITA
Italy,ITA,PCM-DPC,Confirmed cases,Cori_slidingWindow,2020-11-06,1.0033719409169874,1.0866796763257995,0.9200642055081754,ITA
Italy,ITA,PCM-DPC,Confirmed cases,Cori_slidingWindow,2020-11-07,0.9901355119271072,1.0713997571893341,0.9088712666648804,ITA
Italy,ITA,PCM-DPC,Confirmed cases,Cori_slidingWindow,2020-11-08,0.9729200461055605,1.0507752313494838,0.8950648608616373,ITA
Italy,ITA,PCM-DPC,Confirmed cases,Cori_slidingWindow,2020-11-09,0.9525782223979004,1.026742490447088,0.8784139543487126,ITA
Italy,ITA,PCM-DPC,Confirmed cases,Cori_slidingWindow,2020-11-10,0.9315927733200796,1.003667985498272,0.8595175611418873,ITA
Italy,ITA,PCM-DPC,Confirmed cases,Cori_slidingWindow,2020-11-11,0.9117454339097602,0.9826222199252018,0.8408686478943185,ITA
Italy,ITA,PCM-DPC,Confirmed cases,Cori_slidingWindow,2020-11-12,0.8932823228866502,0.9617773917386827,0.8247872540346177,ITA
Italy,ITA,PCM-DPC,Confirmed cases,Cori_slidingWindow,2020-11-13,0.8758808814789543,0.9416772928890539,0.8100844700688546,ITA
Italy,ITA,PCM-DPC,Confirmed cases,Cori_slidingWindow,2020-11-14,0.8594946768039343,0.924294125276416,0.7946952283314527,ITA
Italy,ITA,PCM-DPC,Confirmed cases,Cori_slidingWindow,2020-11-15,0.8437745035847409,0.9095442368461143,0.7780047703233676,ITA
Italy,ITA,PCM-DPC,Confirmed cases,Cori_slidingWindow,2020-11-16,0.8290478035798767,0.8970597646349984,0.7610358425247551,ITA
Italy,ITA,PCM-DPC,Confirmed cases,Cori_slidingWindow,2020-11-17,0.817035687705842,0.8884728758915318,0.7455984995201522,ITA
Italy,ITA,PCM-DPC,Confirmed cases,Cori_slidingWindow,2020-11-18,0.8102076851428339,0.8852762819086001,0.7351390883770678,ITA
Italy,ITA,PCM-DPC,Confirmed cases,Cori_slidingWindow,2020-11-19,0.8100497341277431,0.8872895301370625,0.7328099381184237,ITA
Italy,ITA,PCM-DPC,Confirmed cases,Cori_slidingWindow,2020-11-20,0.8151229572565544,0.8930037414332561,0.7372421730798526,ITA
Italy,ITA,PCM-DPC,Confirmed cases,Cori_slidingWindow,2020-11-21,0.8225205811580268,0.900044151594657,0.7449970107213967,ITA
Italy,ITA,PCM-DPC,Confirmed cases,Cori_slidingWindow,2020-11-22,0.8292591756694437,0.9054120852884776,0.7531062660504099,ITA
Italy,ITA,PCM-DPC,Confirmed cases,Cori_slidingWindow,2020-11-23,0.8342978241127628,0.9086145058686488,0.7599811423568767,ITA
Italy,ITA,PCM-DPC,Confirmed cases,Cori_slidingWindow,2020-11-24,0.8385636833331329,0.9119940638270969,0.7651333028391689,ITA
Italy,ITA,PCM-DPC,Confirmed cases,Cori_slidingWindow,2020-11-25,0.8431250586957885,0.9166664525472098,0.7695836648443671,ITA
Italy,ITA,PCM-DPC,Confirmed cases,Cori_slidingWindow,2020-11-26,0.8486876927378866,0.9226773318431472,0.774698053632626,ITA
Italy,ITA,PCM-DPC,Confirmed cases,Cori_slidingWindow,2020-11-27,0.8562447073993097,0.9323292821594009,0.7801601326392185,ITA
Italy,ITA,PCM-DPC,Confirmed cases,Cori_slidingWindow,2020-11-28,0.8664620755949557,0.9465273806463679,0.7863967705435435,ITA
Italy,ITA,PCM-DPC,Confirmed cases,Cori_slidingWindow,2020-11-29,0.8782942217560366,0.9619681458894553,0.7946202976226178,ITA
Italy,ITA,PCM-DPC,Confirmed cases,Cori_slidingWindow,2020-11-30,0.8894897701142637,0.9749148365212761,0.8040647037072512,ITA
Italy,ITA,PCM-DPC,Confirmed cases,Cori_slidingWindow,2020-12-01,0.8995242252600035,0.985311012082505,0.813737438437502,ITA
Italy,ITA,PCM-DPC,Confirmed cases,Cori_slidingWindow,2020-12-02,0.9105723833212864,0.9952004533178852,0.8259443133246877,ITA
Italy,ITA,PCM-DPC,Confirmed cases,Cori_slidingWindow,2020-12-03,0.926195740370214,1.0078119064113835,0.8445795743290445,ITA
Italy,ITA,PCM-DPC,Confirmed cases,Cori_slidingWindow,2020-12-04,0.94623723056957,1.02471091271537,0.8677635484237699,ITA
Italy,ITA,PCM-DPC,Confirmed cases,Cori_slidingWindow,2020-12-05,0.9663577170514136,1.0433213834799522,0.889394050622875,ITA
Italy,ITA,PCM-DPC,Confirmed cases,Cori_slidingWindow,2020-12-06,0.9808300950529542,1.0577602813885612,0.9038999087173473,ITA
Italy,ITA,PCM-DPC,Confirmed cases,Cori_slidingWindow,2020-12-07,0.9871733690022169,1.064990277870525,0.9093564601339088,ITA
Italy,ITA,PCM-DPC,Confirmed cases,Cori_slidingWindow,2020-12-08,0.9869576281991101,1.066113701846725,0.9078015545514954,ITA
Italy,ITA,PCM-DPC,Confirmed cases,Cori_slidingWindow,2020-12-09,0.9817158510808535,1.061067709412236,0.902363992749471,ITA
Italy,ITA,PCM-DPC,Confirmed cases,Cori_slidingWindow,2020-12-10,0.9716239205768603,1.0488455583339327,0.8944022828197878,ITA
Italy,ITA,PCM-DPC,Confirmed cases,Cori_slidingWindow,2020-12-11,0.9561321310267705,1.0303642243176936,0.8819000377358475,ITA
Italy,ITA,PCM-DPC,Confirmed cases,Cori_slidingWindow,2020-12-12,0.9359050502406862,1.0077530027602197,0.8640570977211527,ITA
Italy,ITA,PCM-DPC,Confirmed cases,Cori_slidingWindow,2020-12-13,0.9130820551349085,0.9832361673129346,0.8429279429568823,ITA
Italy,ITA,PCM-DPC,Confirmed cases,Cori_slidingWindow,2020-12-14,0.8936486774778857,0.9633381271596495,0.8239592277961219,ITA
Italy,ITA,PCM-DPC,Confirmed cases,Cori_slidingWindow,2020-12-15,0.885087271716308,0.9563222172813355,0.8138523261512804,ITA
Italy,ITA,PCM-DPC,Confirmed cases,Cori_slidingWindow,2020-12-16,0.8922931727478498,0.9658873994644974,0.8186989460312022,ITA
Italy,ITA,PCM-DPC,Confirmed cases,Cori_slidingWindow,2020-12-17,0.914168467665816,0.9891272879315259,0.8392096474001062,ITA
Italy,ITA,PCM-DPC,Confirmed cases,Cori_slidingWindow,2020-12-18,0.9432175528814447,1.018924681596738,0.8675104241661513,ITA
Italy,ITA,PCM-DPC,Confirmed cases,Cori_slidingWindow,2020-12-19,0.9728243808216015,1.0494499389842704,0.8961988226589326,ITA
Italy,ITA,PCM-DPC,Confirmed cases,Cori_slidingWindow,2020-12-20,1.0015590144507445,1.0795387209624763,0.9235793079390128,ITA
Italy,ITA,PCM-DPC,Confirmed cases,Cori_slidingWindow,2020-12-21,1.0328622666350313,1.1128850366079641,0.9528394966620986,ITA
Italy,ITA,PCM-DPC,Confirmed cases,Cori_slidingWindow,2020-12-22,1.0679779029270289,1.1502441276937887,0.985711678160269,ITA
Italy,ITA,PCM-DPC,Confirmed cases,Cori_slidingWindow,2020-12-23,1.1031501654274807,1.1864003527867824,1.019899978068179,ITA
Italy,ITA,PCM-DPC,Confirmed cases,Cori_slidingWindow,2020-12-24,1.132631883811494,1.2157074569752502,1.0495563106477377,ITA
Italy,ITA,PCM-DPC,Confirmed cases,Cori_slidingWindow,2020-12-25,1.1521264720667013,1.2356459817716672,1.0686069623617354,ITA
Italy,ITA,PCM-DPC,Confirmed cases,Cori_slidingWindow,2020-12-26,1.1587382492160816,1.2428526896022691,1.074623808829894,ITA
Italy,ITA,PCM-DPC,Confirmed cases,Cori_slidingWindow,2020-12-27,1.1516119337071793,1.2351606969869584,1.0680631704274002,ITA
Italy,ITA,PCM-DPC,Confirmed cases,Cori_slidingWindow,2020-12-28,1.132630820814586,1.215017581861087,1.050244059768085,ITA
Italy,ITA,PCM-DPC,Confirmed cases,Cori_slidingWindow,2020-12-29,1.1055573650798656,1.186567027395873,1.024547702763858,ITA
Italy,ITA,PCM-DPC,Confirmed cases,Cori_slidingWindow,2020-12-30,1.0742828634834156,1.1524668018767363,0.9960989250900949,ITA
Italy,ITA,PCM-DPC,Confirmed cases,Cori_slidingWindow,2020-12-31,1.0420833735534427,1.116137899910573,0.9680288471963123,ITA
Italy,ITA,PCM-DPC,Confirmed cases,Cori_slidingWindow,2021-01-01,1.0105913458753177,1.0821091566825842,0.9390735350680512,ITA
Italy,ITA,PCM-DPC,Confirmed cases,Cori_slidingWindow,2021-01-02,0.9795715489193612,1.050735599788729,0.9084074980499932,ITA
Italy,ITA,PCM-DPC,Confirmed cases,Cori_slidingWindow,2021-01-03,0.9473133732205379,1.0184873850116978,0.876139361429378,ITA
Italy,ITA,PCM-DPC,Confirmed cases,Cori_slidingWindow,2021-01-04,0.9142355420799746,0.9854322626632972,0.843038821496652,ITA
Italy,ITA,PCM-DPC,Confirmed cases,Cori_slidingWindow,2021-01-05,0.8839204285479539,0.9556195123016967,0.8122213447942112,ITA
Italy,ITA,PCM-DPC,Confirmed cases,Cori_slidingWindow,2021-01-06,0.860183881694137,0.9316231584679744,0.7887446049202995,ITA
Italy,ITA,PCM-DPC,Confirmed cases,Cori_slidingWindow,2021-01-07,0.8442324992662741,0.9137143845106953,0.7747506140218529,ITA
Italy,ITA,PCM-DPC,Confirmed cases,Cori_slidingWindow,2021-01-08,0.8348504025124047,0.9027863983189677,0.7669144067058418,ITA
Italy,ITA,PCM-DPC,Confirmed cases,Cori_slidingWindow,2021-01-09,0.831446398439912,0.8998442087622491,0.7630485881175748,ITA
Italy,ITA,PCM-DPC,Confirmed cases,Cori_slidingWindow,2021-01-10,0.8338509069447347,0.9038489158683798,0.7638528980210897,ITA
Italy,ITA,PCM-DPC,Confirmed cases,Cori_slidingWindow,2021-01-11,0.8422944379336426,0.9143929907237067,0.7701958851435784,ITA
Italy,ITA,PCM-DPC,Confirmed cases,Cori_slidingWindow,2021-01-12,0.8571425772195388,0.9322613299869615,0.782023824452116,ITA
Italy,ITA,PCM-DPC,Confirmed cases,Cori_slidingWindow,2021-01-13,0.8786645878328411,0.9564595296218769,0.8008696460438053,ITA
Italy,ITA,PCM-DPC,Confirmed cases,Cori_slidingWindow,2021-01-14,0.9063923393123083,0.9846230281800998,0.8281616504445168,ITA
Italy,ITA,PCM-DPC,Confirmed cases,Cori_slidingWindow,2021-01-15,0.9367275966919993,1.013871572528308,0.8595836208556906,ITA
Italy,ITA,PCM-DPC,Confirmed cases,Cori_slidingWindow,2021-01-16,0.9640059568995152,1.0398553599409723,0.8881565538580579,ITA
Italy,ITA,PCM-DPC,Confirmed cases,Cori_slidingWindow,2021-01-17,0.9835378471621815,1.0579776181735787,0.9090980761507844,ITA
Italy,ITA,PCM-DPC,Confirmed cases,Cori_slidingWindow,2021-01-18,0.9955644223232177,1.0684937887600445,0.9226350558863909,ITA
Italy,ITA,PCM-DPC,Confirmed cases,Cori_slidingWindow,2021-01-19,1.0037472685506348,1.075807172689582,0.9316873644116876,ITA
Italy,ITA,PCM-DPC,Confirmed cases,Cori_slidingWindow,2021-01-20,1.0104596445180363,1.082619332984281,0.9382999560517915,ITA
Italy,ITA,PCM-DPC,Confirmed cases,Cori_slidingWindow,2021-01-21,1.0152928635844818,1.0893159766296403,0.9412697505393233,ITA
Italy,ITA,PCM-DPC,Confirmed cases,Cori_slidingWindow,2021-01-22,1.0162869714715326,1.0955645327811427,0.9370094101619224,ITA
Italy,ITA,PCM-DPC,Confirmed cases,Cori_slidingWindow,2021-01-23,1.0127354662334935,1.0993061090723337,0.9261648233946533,ITA
Italy,ITA,PCM-DPC,Confirmed cases,Cori_slidingWindow,2021-01-24,1.0058607841380258,1.0988473712543225,0.912874197021729,ITA
Italy,ITA,PCM-DPC,Confirmed cases,Cori_slidingWindow,2021-01-25,0.9989376910249055,1.0964924441523942,0.9013829378974167,ITA
Italy,ITA,PCM-DPC,Confirmed cases,Cori_slidingWindow,2021-01-26,0.995118114459096,1.0947887440012958,0.8954474849168962,ITA
Italy,ITA,PCM-DPC,Confirmed cases,Cori_slidingWindow,2021-01-27,0.9958814315707086,1.0931237329485846,0.8986391301928326,ITA
Italy,ITA,PCM-DPC,Confirmed cases,Cori_slidingWindow,2021-01-28,1.0007047754071299,1.0902635671158059,0.911145983698454,ITA
Italy,ITA,PCM-DPC,Confirmed cases,Cori_slidingWindow,2021-01-29,1.006489399753322,1.0868094948533542,0.9261693046532896,ITA
Italy,ITA,PCM-DPC,Confirmed cases,Cori_slidingWindow,2021-01-30,1.009227553266888,1.083030437674901,0.935424668858875,ITA
Italy,ITA,PCM-DPC,Confirmed cases,Cori_slidingWindow,2021-01-31,1.0060779218773392,1.0779661339162252,0.9341897098384532,ITA
Italy,ITA,PCM-DPC,Confirmed cases,Cori_slidingWindow,2021-02-01,0.998670641640999,1.0736408420780483,0.9237004412039496,ITA
Italy,ITA,PCM-DPC,Confirmed cases,Cori_slidingWindow,2021-02-02,0.9915516898688768,1.0730145040916568,0.9100888756460969,ITA
Italy,ITA,PCM-DPC,Confirmed cases,Cori_slidingWindow,2021-02-03,0.9880485723919017,1.0755781432052527,0.9005190015785508,ITA
Italy,ITA,PCM-DPC,Confirmed cases,Cori_slidingWindow,2021-02-04,0.9884259511863501,1.079276981127704,0.8975749212449962,ITA
Italy,ITA,PCM-DPC,Confirmed cases,Cori_slidingWindow,2021-02-05,0.9914312580287522,1.0835577774706595,0.8993047385868449,ITA
Italy,ITA,PCM-DPC,Confirmed cases,Cori_slidingWindow,2021-02-06,0.9967877599439547,1.0887440057319222,0.9048315141559874,ITA
Italy,ITA,PCM-DPC,Confirmed cases,Cori_slidingWindow,2021-02-07,1.004765369304577,1.09555138095511,0.9139793576540439,ITA
Italy,ITA,PCM-DPC,Confirmed cases,Cori_slidingWindow,2021-02-08,1.0169559715317609,1.1071357462137543,0.9267761968497675,ITA
Italy,ITA,PCM-DPC,Confirmed cases,Cori_slidingWindow,2021-02-09,1.0357377571210753,1.126930915584433,0.9445445986577176,ITA
Italy,ITA,PCM-DPC,Confirmed cases,Cori_slidingWindow,2021-02-10,1.062924876956816,1.1557314101414888,0.9701183437721433,ITA
Italy,ITA,PCM-DPC,Confirmed cases,Cori_slidingWindow,2021-02-11,1.098070906853546,1.1927415677771234,1.0034002459299685,ITA
Italy,ITA,PCM-DPC,Confirmed cases,Cori_slidingWindow,2021-02-12,1.135730516138021,1.2330487129595498,1.038412319316492,ITA
Italy,ITA,PCM-DPC,Confirmed cases,Cori_slidingWindow,2021-02-13,1.16873838270651,1.2676993116757271,1.069777453737293,ITA
Italy,ITA,PCM-DPC,Confirmed cases,Cori_slidingWindow,2021-02-14,1.1924348091391426,1.290704274634246,1.094165343644039,ITA
Italy,ITA,PCM-DPC,Confirmed cases,Cori_slidingWindow,2021-02-15,1.207722228313029,1.3049072070571253,1.1105372495689325,ITA
Italy,ITA,PCM-DPC,Confirmed cases,Cori_slidingWindow,2021-02-16,1.2178770532882273,1.3155687818546362,1.1201853247218183,ITA
Italy,ITA,PCM-DPC,Confirmed cases,Cori_slidingWindow,2021-02-17,1.2240597995855553,1.3242775314742357,1.123842067696875,ITA
Italy,ITA,PCM-DPC,Confirmed cases,Cori_slidingWindow,2021-02-18,1.2254184390570697,1.3322433594784646,1.1185935186356748,ITA
Italy,ITA,PCM-DPC,Confirmed cases,Cori_slidingWindow,2021-02-19,1.2197462418362688,1.3366989031957182,1.1027935804768194,ITA
Italy,ITA,PCM-DPC,Confirmed cases,Cori_slidingWindow,2021-02-20,1.2056711584460158,1.3292918062415915,1.0820505106504401,ITA
Italy,ITA,PCM-DPC,Confirmed cases,Cori_slidingWindow,2021-02-21,1.184262982682019,1.307001265703312,1.061524699660726,ITA
Italy,ITA,PCM-DPC,Confirmed cases,Cori_slidingWindow,2021-02-22,1.1602071518098347,1.2777086223834875,1.042705681236182,ITA
Italy,ITA,PCM-DPC,Confirmed cases,Cori_slidingWindow,2021-02-23,1.1387996621079102,1.2502913879392874,1.027307936276533,ITA
Italy,ITA,PCM-DPC,Confirmed cases,Cori_slidingWindow,2021-02-24,1.1226960031381084,1.227677506851444,1.0177144994247727,ITA
Italy,ITA,PCM-DPC,Confirmed cases,Cori_slidingWindow,2021-02-25,1.1115041543628177,1.2116247535074127,1.0113835552182227,ITA
Italy,ITA,PCM-DPC,Confirmed cases,Cori_slidingWindow,2021-02-26,1.1022760047735787,1.2034782633889847,1.0010737461581727,ITA
Italy,ITA,PCM-DPC,Confirmed cases,Cori_slidingWindow,2021-02-27,1.0920487802609862,1.197646657781573,0.9864509027403995,ITA
Italy,ITA,PCM-DPC,Confirmed cases,Cori_slidingWindow,2021-02-28,1.0793669788354896,1.1872157692163723,0.971518188454607,ITA
Italy,ITA,PCM-DPC,Confirmed cases,Cori_slidingWindow,2021-03-01,1.0654884715222976,1.1731169359188631,0.9578600071257322,ITA
Italy,ITA,PCM-DPC,Confirmed cases,Cori_slidingWindow,2021-03-02,1.0526590662298208,1.1595767640872536,0.9457413683723878,ITA
Italy,ITA,PCM-DPC,Confirmed cases,Cori_slidingWindow,2021-03-03,1.0419419075077792,1.1474355117566053,0.936448303258953,ITA
Italy,ITA,PCM-DPC,Confirmed cases,Cori_slidingWindow,2021-03-04,1.0329825839082867,1.1371019279083856,0.9288632399081879,ITA
Italy,ITA,PCM-DPC,Confirmed cases,Cori_slidingWindow,2021-03-05,1.0242163564640103,1.1302480863072686,0.9181846266207521,ITA
Italy,ITA,PCM-DPC,Confirmed cases,Cori_slidingWindow,2021-03-06,1.013791591170534,1.1241185964122176,0.9034645859288504,ITA
Italy,ITA,PCM-DPC,Confirmed cases,Cori_slidingWindow,2021-03-07,1.0002318603222824,1.1133821469643679,0.887081573680197,ITA
Italy,ITA,PCM-DPC,Confirmed cases,Cori_slidingWindow,2021-03-08,0.9846690121786226,1.0979377712273883,0.8714002531298568,ITA
Italy,ITA,PCM-DPC,Confirmed cases,Cori_slidingWindow,2021-03-09,0.9704877147200369,1.0813657271352537,0.8596097023048203,ITA
Italy,ITA,PCM-DPC,Confirmed cases,Cori_slidingWindow,2021-03-10,0.9607249518825357,1.0652999180067553,0.856149985758316,ITA
Italy,ITA,PCM-DPC,Confirmed cases,Cori_slidingWindow,2021-03-11,0.9562438258742553,1.0500991458869078,0.86238850586160265,ITA
Italy,ITA,PCM-DPC,Confirmed cases,Cori_slidingWindow,2021-03-12,0.9551782567955679,1.0381210560931724,0.8722354574979635,ITA
Italy,ITA,PCM-DPC,Confirmed cases,Cori_slidingWindow,2021-03-13,0.9552668407520651,1.03138426584862,0.8791494156555101,ITA
Italy,ITA,PCM-DPC,Confirmed cases,Cori_slidingWindow,2021-03-14,0.9549357350375377,1.0290751399460243,0.8807963301290511,ITA
Italy,ITA,PCM-DPC,Confirmed cases,Cori_slidingWindow,2021-03-15,0.9547585542615241,1.0314848271236223,0.8780322813994258,ITA
Italy,ITA,PCM-DPC,Confirmed cases,Cori_slidingWindow,2021-03-16,0.9565458894368623,1.0399412950001856,0.8731504838735388,ITA
Italy,ITA,PCM-DPC,Confirmed cases,Cori_slidingWindow,2021-03-17,0.9613208040827715,1.0523228025420206,0.8703188056235226,ITA
Italy,ITA,PCM-DPC,Confirmed cases,Cori_slidingWindow,2021-03-18,0.9685144756873666,1.064495574116082,0.8725333772586511,ITA
Italy,ITA,PCM-DPC,Confirmed cases,Cori_slidingWindow,2021-03-19,0.9740878278110514,1.0716004964864907,0.876575159135612,ITA
Italy,ITA,PCM-DPC,Confirmed cases,Cori_slidingWindow,2021-03-20,0.9727045707567712,1.0684747318516403,0.8769344096619022,ITA
Italy,ITA,PCM-DPC,Confirmed cases,Cori_slidingWindow,2021-03-21,0.9610989266797044,1.052047746516079,0.87015010684333,ITA
Italy,ITA,PCM-DPC,Confirmed cases,Cori_slidingWindow,2021-03-22,0.9416338768288038,1.0256265583650932,0.8576411952925145,ITA
Italy,ITA,PCM-DPC,Confirmed cases,Cori_slidingWindow,2021-03-23,0.919849807664123,0.9966167236934088,0.8430828916348373,ITA
Italy,ITA,PCM-DPC,Confirmed cases,Cori_slidingWindow,2021-03-24,0.8995284738458341,0.9702793446154921,0.8287776030761761,ITA
Italy,ITA,PCM-DPC,Confirmed cases,Cori_slidingWindow,2021-03-25,0.8814519725239353,0.9485567833474104,0.8143471617004601,ITA
Italy,ITA,PCM-DPC,Confirmed cases,Cori_slidingWindow,2021-03-26,0.8664636987445277,0.934099919942779,0.7988274775462764,ITA
Italy,ITA,PCM-DPC,Confirmed cases,Cori_slidingWindow,2021-03-27,0.8563138982903188,0.9284172733919744,0.7842105231886631,ITA
Italy,ITA,PCM-DPC,Confirmed cases,Cori_slidingWindow,2021-03-28,0.8513985188472857,0.9294512754488911,0.7733457622456803,ITA
Italy,ITA,PCM-DPC,Confirmed cases,Cori_slidingWindow,2021-03-29,0.8501881451330878,0.9339573426277972,0.7664189476383785,ITA
Italy,ITA,PCM-DPC,Confirmed cases,Cori_slidingWindow,2021-03-30,0.8519572171519953,0.9400025988603353,0.7639118354436554,ITA
Italy,ITA,PCM-DPC,Confirmed cases,Cori_slidingWindow,2021-03-31,0.8588934910120158,0.9476640983896996,0.7701228836343321,ITA
Italy,ITA,PCM-DPC,Confirmed cases,Cori_slidingWindow,2021-04-01,0.8748553070144526,0.9599171866211036,0.7897934274078016,ITA
Italy,ITA,PCM-DPC,Confirmed cases,Cori_slidingWindow,2021-04-02,0.8998660156847138,0.9803236802815132,0.8194083510879144,ITA
Italy,ITA,PCM-DPC,Confirmed cases,Cori_slidingWindow,2021-04-03,0.9287637610412797,1.008535008685708,0.8489925133968513,ITA
Italy,ITA,PCM-DPC,Confirmed cases,Cori_slidingWindow,2021-04-04,0.9533866714938442,1.0380023396741196,0.8687710033135686,ITA
Italy,ITA,PCM-DPC,Confirmed cases,Cori_slidingWindow,2021-04-05,0.9689842807739848,1.0621790634172008,0.8757894981307688,ITA
Italy,ITA,PCM-DPC,Confirmed cases,Cori_slidingWindow,2021-04-06,0.9771509847935825,1.0783417888082654,0.8759601807788997,ITA
Italy,ITA,PCM-DPC,Confirmed cases,Cori_slidingWindow,2021-04-07,0.9810241420785922,1.084481010224654,0.8775672739325304,ITA
Italy,ITA,PCM-DPC,Confirmed cases,Cori_slidingWindow,2021-04-08,0.9822012006222035,1.0808945265862016,0.8835078746582055,ITA
Italy,ITA,PCM-DPC,Confirmed cases,Cori_slidingWindow,2021-04-09,0.9795776019067752,1.0715905216404527,0.8875646821730979,ITA
Italy,ITA,PCM-DPC,Confirmed cases,Cori_slidingWindow,2021-04-10,0.972446851426046,1.0604863576385668,0.8844073452135252,ITA
Italy,ITA,PCM-DPC,Confirmed cases,Cori_slidingWindow,2021-04-11,0.9616846600867666,1.0484540664779036,0.8749152536956296,ITA
Italy,ITA,PCM-DPC,Confirmed cases,Cori_slidingWindow,2021-04-12,0.9502810020716596,1.0372045427506271,0.8633574613926919,ITA
Italy,ITA,PCM-DPC,Confirmed cases,Cori_slidingWindow,2021-04-13,0.94154860366897275,1.0302886692333744,0.852808538104571,ITA
Italy,ITA,PCM-DPC,Confirmed cases,Cori_slidingWindow,2021-04-14,0.9372038512888304,1.029057851465808,0.8453498511118528,ITA
Italy,ITA,PCM-DPC,Confirmed cases,Cori_slidingWindow,2021-04-15,0.9370483880983589,1.032392384553201,0.8417043916435167,ITA
Italy,ITA,PCM-DPC,Confirmed cases,Cori_slidingWindow,2021-04-16,0.9385786294219115,1.0375213741267526,0.8396358847170703,ITA
Italy,ITA,PCM-DPC,Confirmed cases,Cori_slidingWindow,2021-04-17,0.9381920346725361,1.0394184832332554,0.8369655861118167,ITA
Italy,ITA,PCM-DPC,Confirmed cases,Cori_slidingWindow,2021-04-18,0.9328794787817875,1.0333454135159594,0.8324135440476155,ITA
Italy,ITA,PCM-DPC,Confirmed cases,Cori_slidingWindow,2021-04-19,0.9229659179916195,1.0191085008883787,0.8268233350948604,ITA
Italy,ITA,PCM-DPC,Confirmed cases,Cori_slidingWindow,2021-04-20,0.9115675247163444,1.0007164685087078,0.8224185809239811,ITA
Italy,ITA,PCM-DPC,Confirmed cases,Cori_slidingWindow,2021-04-21,0.9015617223884856,0.983249787915778,0.8198736568611933,ITA
Italy,ITA,PCM-DPC,Confirmed cases,Cori_slidingWindow,2021-04-22,0.8940315423039267,0.9718124503667717,0.8162506342410817,ITA
Italy,ITA,PCM-DPC,Confirmed cases,Cori_slidingWindow,2021-04-23,0.8879609487707318,0.9667361950338551,0.8091857025076086,ITA
Italy,ITA,PCM-DPC,Confirmed cases,Cori_slidingWindow,2021-04-24,0.8813575209862927,0.9634740488252902,0.7992409931472952,ITA
Italy,ITA,PCM-DPC,Confirmed cases,Cori_slidingWindow,2021-04-25,0.8721080881324985,0.958588675815947,0.78562750044905,ITA
Italy,ITA,PCM-DPC,Confirmed cases,Cori_slidingWindow,2021-04-26,0.8599450051602008,0.9512902755843845,0.7685997347360171,ITA
Italy,ITA,PCM-DPC,Confirmed cases,Cori_slidingWindow,2021-04-27,0.8467477638987441,0.9411274271069896,0.7523681006904985,ITA
Italy,ITA,PCM-DPC,Confirmed cases,Cori_slidingWindow,2021-04-28,0.835790140828377,0.9295370199564741,0.7420432617002799,ITA
Italy,ITA,PCM-DPC,Confirmed cases,Cori_slidingWindow,2021-04-29,0.8291499719054878,0.9204341146240633,0.7378658291869122,ITA
Italy,ITA,PCM-DPC,Confirmed cases,Cori_slidingWindow,2021-04-30,0.8258511251233396,0.9142956658114897,0.7374065844351895,ITA
Italy,ITA,PCM-DPC,Confirmed cases,Cori_slidingWindow,2021-05-01,0.8216961371898676,0.9064976051331461,0.736894669246589,ITA
Italy,ITA,PCM-DPC,Confirmed cases,Cori_slidingWindow,2021-05-02,0.8126229799930151,0.8929821971148311,0.7322637628711992,ITA
Italy,ITA,PCM-DPC,Confirmed cases,Cori_slidingWindow,2021-05-03,0.7988687937011123,0.8759175305974829,0.7218200568047417,ITA
Italy,ITA,PCM-DPC,Confirmed cases,Cori_slidingWindow,2021-05-04,0.7837979215501323,0.8597597544961779,0.7078360886040866,ITA
Italy,ITA,PCM-DPC,Confirmed cases,Cori_slidingWindow,2021-05-05,0.7714175863062992,0.8470726005863746,0.6957625720262238,ITA
Italy,ITA,PCM-DPC,Confirmed cases,Cori_slidingWindow,2021-05-06,0.7634468030387113,0.8390828998708179,0.6878107062066047,ITA
Italy,ITA,PCM-DPC,Confirmed cases,Cori_slidingWindow,2021-05-07,0.7596913320516568,0.8358114827685519,0.6835711813347618,ITA
Italy,ITA,PCM-DPC,Confirmed cases,Cori_slidingWindow,2021-05-08,0.7581343023786102,0.8346633428061452,0.6816052619510753,ITA
Italy,ITA,PCM-DPC,Confirmed cases,Cori_slidingWindow,2021-05-09,0.756511680630019,0.8328086418726091,0.6802147193874288,ITA
Italy,ITA,PCM-DPC,Confirmed cases,Cori_slidingWindow,2021-05-10,0.7546560083304049,0.8308435833955279,0.678468433265282,ITA
Italy,ITA,PCM-DPC,Confirmed cases,Cori_slidingWindow,2021-05-11,0.7541246702833532,0.8309039930969327,0.6773453474697736,ITA
Italy,ITA,PCM-DPC,Confirmed cases,Cori_slidingWindow,2021-05-12,0.7574247301491627,0.834663226476563,0.6801862338217624,ITA
Italy,ITA,PCM-DPC,Confirmed cases,Cori_slidingWindow,2021-05-13,0.765593367915749,0.8431442316914853,0.6880425041400126,ITA
Italy,ITA,PCM-DPC,Confirmed cases,Cori_slidingWindow,2021-05-14,0.7771731835403307,0.8554050295794564,0.698941337501205,ITA
Italy,ITA,PCM-DPC,Confirmed cases,Cori_slidingWindow,2021-05-15,0.7884353672611946,0.8676618606706313,0.7092088738517578,ITA
Italy,ITA,PCM-DPC,Confirmed cases,Cori_slidingWindow,2021-05-16,0.7952963024021099,0.8757161556412251,0.7148764491629948,ITA
Italy,ITA,PCM-DPC,Confirmed cases,Cori_slidingWindow,2021-05-17,0.796403455304101,0.8783038186380103,0.7145030919701916,ITA
Italy,ITA,PCM-DPC,Confirmed cases,Cori_slidingWindow,2021-05-18,0.7929602661302004,0.8755427373151655,0.7103777949452353,ITA
Italy,ITA,PCM-DPC,Confirmed cases,Cori_slidingWindow,2021-05-19,0.7882521687554114,0.8693639902437295,0.7071403472670933,ITA
Italy,ITA,PCM-DPC,Confirmed cases,Cori_slidingWindow,2021-05-20,0.7855044470847721,0.8642880630354111,0.7067208311341331,ITA
Italy,ITA,PCM-DPC,Confirmed cases,Cori_slidingWindow,2021-05-21,0.7857087464311944,0.8629525181694188,0.70846497469297,ITA
Italy,ITA,PCM-DPC,Confirmed cases,Cori_slidingWindow,2021-05-22,0.7866930996646131,0.8633485430087254,0.7100376563205008,ITA
Italy,ITA,PCM-DPC,Confirmed cases,Cori_slidingWindow,2021-05-23,0.7853725385399661,0.8626816013212344,0.7080634757586979,ITA
Italy,ITA,PCM-DPC,Confirmed cases,Cori_slidingWindow,2021-05-24,0.7818630603947632,0.8619817777222032,0.7017443430673231,ITA
Italy,ITA,PCM-DPC,Confirmed cases,Cori_slidingWindow,2021-05-25,0.7792303847119526,0.8628361809636362,0.695624588460269,ITA
Italy,ITA,PCM-DPC,Confirmed cases,Cori_slidingWindow,2021-05-26,0.7814273945978476,0.8662755446976986,0.6965792444979966,ITA
Italy,ITA,PCM-DPC,Confirmed cases,Cori_slidingWindow,2021-05-27,0.7887865661946439,0.8728380913412225,0.7047350410480654,ITA
Italy,ITA,PCM-DPC,Confirmed cases,Cori_slidingWindow,2021-05-28,0.7986417606259449,0.88175125911867,0.7155322621332199,ITA
Italy,ITA,PCM-DPC,Confirmed cases,Cori_slidingWindow,2021-05-29,0.8074969053183486,0.8901606143479897,0.7248331962887076,ITA
Italy,ITA,PCM-DPC,Confirmed cases,Cori_slidingWindow,2021-05-30,0.8134743282445251,0.8956206750527165,0.7313279814363338,ITA
Italy,ITA,PCM-DPC,Confirmed cases,Cori_slidingWindow,2021-05-31,0.8165659555877418,0.8982721782290911,0.7348597329463925,ITA
Italy,ITA,PCM-DPC,Confirmed cases,Cori_slidingWindow,2021-06-01,0.8163055959426354,0.8976289566960843,0.7349822351891865,ITA
Italy,ITA,PCM-DPC,Confirmed cases,Cori_slidingWindow,2021-06-02,0.8120497489961558,0.8921608279086113,0.7319386700837003,ITA
Italy,ITA,PCM-DPC,Confirmed cases,Cori_slidingWindow,2021-06-03,0.8040763618451484,0.8824197031953337,0.7257330204949631,ITA
Italy,ITA,PCM-DPC,Confirmed cases,Cori_slidingWindow,2021-06-04,0.7928657821106333,0.8694987906722011,0.7162327735490654,ITA
Italy,ITA,PCM-DPC,Confirmed cases,Cori_slidingWindow,2021-06-05,0.7782209133201416,0.852803113218615,0.7036387134216683,ITA
Italy,ITA,PCM-DPC,Confirmed cases,Cori_slidingWindow,2021-06-06,0.7599795084698213,0.8320099534632607,0.687949063476382,ITA
Italy,ITA,PCM-DPC,Confirmed cases,Cori_slidingWindow,2021-06-07,0.7398357751301404,0.810115232644071,0.6695563176162098,ITA
Italy,ITA,PCM-DPC,Confirmed cases,Cori_slidingWindow,2021-06-08,0.7214223352431994,0.7914908336933077,0.6513538367930911,ITA
Italy,ITA,PCM-DPC,Confirmed cases,Cori_slidingWindow,2021-06-09,0.7086962186767165,0.779329836585234,0.638062600768199,ITA
Italy,ITA,PCM-DPC,Confirmed cases,Cori_slidingWindow,2021-06-10,0.7036873393130677,0.7759480373674221,0.6314266412587133,ITA
Italy,ITA,PCM-DPC,Confirmed cases,Cori_slidingWindow,2021-06-11,0.7063586347180949,0.78131946435211,0.6313978050840798,ITA
Italy,ITA,PCM-DPC,Confirmed cases,Cori_slidingWindow,2021-06-12,0.7145267428094859,0.7919058326996022,0.6371476529193696,ITA
Italy,ITA,PCM-DPC,Confirmed cases,Cori_slidingWindow,2021-06-13,0.7257004322738151,0.804500247010676,0.6469006175369542,ITA
Italy,ITA,PCM-DPC,Confirmed cases,Cori_slidingWindow,2021-06-14,0.7395838890314885,0.8196179575561721,0.659549820506805,ITA
Italy,ITA,PCM-DPC,Confirmed cases,Cori_slidingWindow,2021-06-15,0.7576840029912749,0.8385581404333068,0.676809865549243,ITA
Italy,ITA,PCM-DPC,Confirmed cases,Cori_slidingWindow,2021-06-16,0.7822564136989305,0.8619831682583149,0.7025296591395461,ITA
Italy,ITA,PCM-DPC,Confirmed cases,Cori_slidingWindow,2021-06-17,0.8138215134769708,0.8910530746073204,0.7365899523466213,ITA
Italy,ITA,PCM-DPC,Confirmed cases,Cori_slidingWindow,2021-06-18,0.8507071843508804,0.9264430980636654,0.7749712706380955,ITA
Italy,ITA,PCM-DPC,Confirmed cases,Cori_slidingWindow,2021-06-19,0.8894744826527028,0.9668019479479515,0.8121470173574541,ITA
Italy,ITA,PCM-DPC,Confirmed cases,Cori_slidingWindow,2021-06-20,0.9283411451713592,1.01123458339804,0.8454477069446784,ITA
Italy,ITA,PCM-DPC,Confirmed cases,Cori_slidingWindow,2021-06-21,0.9692379109085548,1.06049757798439,0.8779782438327197,ITA
Italy,ITA,PCM-DPC,Confirmed cases,Cori_slidingWindow,2021-06-22,1.0151016547779008,1.1145896871931587,0.915613622362643,ITA
Italy,ITA,PCM-DPC,Confirmed cases,Cori_slidingWindow,2021-06-23,1.0669913226896015,1.1729865598274503,0.9609960855517529,ITA
Italy,ITA,PCM-DPC,Confirmed cases,Cori_slidingWindow,2021-06-24,1.1214362730939629,1.2322016979215389,1.0106708482663869,ITA
Italy,ITA,PCM-DPC,Confirmed cases,Cori_slidingWindow,2021-06-25,1.1732317632289129,1.2853184982177563,1.0611450282400694,ITA
Italy,ITA,PCM-DPC,Confirmed cases,Cori_slidingWindow,2021-06-26,1.2184240663709334,1.3280796669971808,1.108768465744686,ITA
Italy,ITA,PCM-DPC,Confirmed cases,Cori_slidingWindow,2021-06-27,1.2592846647451599,1.3663425835220682,1.1522267459682516,ITA
Italy,ITA,PCM-DPC,Confirmed cases,Cori_slidingWindow,2021-06-28,1.3021175204696098,1.4082297818719218,1.1960052590672978,ITA
Italy,ITA,PCM-DPC,Confirmed cases,Cori_slidingWindow,2021-06-29,1.350949550049516,1.455910768697239,1.2459883314017928,ITA
Italy,ITA,PCM-DPC,Confirmed cases,Cori_slidingWindow,2021-06-30,1.4045102191001484,1.508940554215515,1.3000798839847818,ITA
Italy,ITA,PCM-DPC,Confirmed cases,Cori_slidingWindow,2021-07-01,1.4576289593862366,1.5647919544119113,1.3504659643605619,ITA
Italy,ITA,PCM-DPC,Confirmed cases,Cori_slidingWindow,2021-07-02,1.5059212474555583,1.6170917136070797,1.394750781304037,ITA
Italy,ITA,PCM-DPC,Confirmed cases,Cori_slidingWindow,2021-07-03,1.5470865029376162,1.6621064839603548,1.4320665219148776,ITA
Italy,ITA,PCM-DPC,Confirmed cases,Cori_slidingWindow,2021-07-04,1.5813991300798327,1.700515505138292,1.4622827550213733,ITA
Italy,ITA,PCM-DPC,Confirmed cases,Cori_slidingWindow,2021-07-05,1.61027382237773,1.7313572393027838,1.4891904054526761,ITA
Italy,ITA,PCM-DPC,Confirmed cases,Cori_slidingWindow,2021-07-06,1.6345680244892509,1.754286017045108,1.5148500319333937,ITA
Italy,ITA,PCM-DPC,Confirmed cases,Cori_slidingWindow,2021-07-07,1.6542950097314113,1.7735718662317201,1.5350181532311025,ITA
Italy,ITA,PCM-DPC,Confirmed cases,Cori_slidingWindow,2021-07-08,1.662469897493752,1.7839570076030733,1.5409827873844306,ITA
Italy,ITA,PCM-DPC,Confirmed cases,Cori_slidingWindow,2021-07-09,1.6509891725807824,1.7722185107370425,1.5297598344245222,ITA
Italy,ITA,PCM-DPC,Confirmed cases,Cori_slidingWindow,2021-07-10,1.6190902653701318,1.7360367497966942,1.5021437809435694,ITA
Italy,ITA,PCM-DPC,Confirmed cases,Cori_slidingWindow,2021-07-11,1.5739101924886343,1.6854678257891451,1.4623525591881235,ITA
Italy,ITA,PCM-DPC,Confirmed cases,Cori_slidingWindow,2021-07-12,1.523438891631895,1.62817138363423,1.4187063996295601,ITA
Italy,ITA,PCM-DPC,Confirmed cases,Cori_slidingWindow,2021-07-13,1.471237889650269,1.5677785909010333,1.3746971883995045,ITA
Italy,ITA,PCM-DPC,Confirmed cases,Cori_slidingWindow,2021-07-14,1.4191831339524035,1.5144272576309774,1.3239390102738295,ITA
Italy,ITA,PCM-DPC,Confirmed cases,Cori_slidingWindow,2021-07-15,1.3680853316409367,1.4743910715590272,1.2617795917228463,ITA
Italy,ITA,PCM-DPC,Confirmed cases,Cori_slidingWindow,2021-07-16,1.3173806330094346,1.4383487369882384,1.1964125290306309,ITA
Italy,ITA,PCM-DPC,Confirmed cases,Cori_slidingWindow,2021-07-17,1.2666465960308408,1.3988734634157365,1.1344197286459452,ITA
Italy,ITA,PCM-DPC,Confirmed cases,Cori_slidingWindow,2021-07-18,1.217594637765815,1.3564420742003889,1.078747201331241,ITA
Italy,ITA,PCM-DPC,Confirmed cases,Cori_slidingWindow,2021-07-19,1.1736846881239746,1.311775383782489,1.0355939924654602,ITA
Italy,ITA,PCM-DPC,Confirmed cases,Cori_slidingWindow,2021-07-20,1.137698804836915,1.264119314089875,1.011278295583955,ITA
Italy,ITA,PCM-DPC,Confirmed cases,Cori_slidingWindow,2021-07-21,1.1109720059239543,1.2166923586866152,1.0052516531612934,ITA
Italy,ITA,PCM-DPC,Confirmed cases,Cori_slidingWindow,2021-07-22,1.0928494994797284,1.1776993357238488,1.007999663235608,ITA
Italy,ITA,PCM-DPC,Confirmed cases,Cori_slidingWindow,2021-07-23,1.0810469750742027,1.1518497439767326,1.0102442061716728,ITA
Italy,ITA,PCM-DPC,Confirmed cases,Cori_slidingWindow,2021-07-24,1.0721265636107151,1.1380355091652425,1.0062176180561877,ITA
Italy,ITA,PCM-DPC,Confirmed cases,Cori_slidingWindow,2021-07-25,1.0635896937245495,1.134064053529471,0.9931153339196278,ITA
Italy,ITA,PCM-DPC,Confirmed cases,Cori_slidingWindow,2021-07-26,1.0556889242080534,1.1367046607625837,0.9746731876535231,ITA
Italy,ITA,PCM-DPC,Confirmed cases,Cori_slidingWindow,2021-07-27,1.050249968863934,1.141485813977037,0.9590141237508311,ITA
Italy,ITA,PCM-DPC,Confirmed cases,Cori_slidingWindow,2021-07-28,1.0492282666903756,1.147181457745646,0.9512750756351052,ITA
Italy,ITA,PCM-DPC,Confirmed cases,Cori_slidingWindow,2021-07-29,1.0516186449628315,1.1535120521181166,0.9497252378075465,ITA
Italy,ITA,PCM-DPC,Confirmed cases,Cori_slidingWindow,2021-07-30,1.0538433752572365,1.1564696370605407,0.9512171134539323,ITA
Italy,ITA,PCM-DPC,Confirmed cases,Cori_slidingWindow,2021-07-31,1.0518266603575124,1.1511352146155622,0.9525181060994625,ITA
Italy,ITA,PCM-DPC,Confirmed cases,Cori_slidingWindow,2021-08-01,1.0443587172570636,1.1375840505099075,0.9511333840042198,ITA
Italy,ITA,PCM-DPC,Confirmed cases,Cori_slidingWindow,2021-08-02,1.0339088115024035,1.1207835849550642,0.9470340380497428,ITA
Italy,ITA,PCM-DPC,Confirmed cases,Cori_slidingWindow,2021-08-03,1.0236024089855398,1.1050021973114441,0.9422026206596354,ITA
Italy,ITA,PCM-DPC,Confirmed cases,Cori_slidingWindow,2021-08-04,1.0157633620143713,1.0925765928359432,0.9389501311927994,ITA
Italy,ITA,PCM-DPC,Confirmed cases,Cori_slidingWindow,2021-08-05,1.0111155134351957,1.085001915699547,0.9372291111708444,ITA
Italy,ITA,PCM-DPC,Confirmed cases,Cori_slidingWindow,2021-08-06,1.008983421265987,1.0812967680487524,0.9366700744832215,ITA
Italy,ITA,PCM-DPC,Confirmed cases,Cori_slidingWindow,2021-08-07,1.007449942581344,1.0793704191905782,0.9355294659721096,ITA
Italy,ITA,PCM-DPC,Confirmed cases,Cori_slidingWindow,2021-08-08,1.004997058232047,1.079310374109984,0.9306837423541102,ITA
Italy,ITA,PCM-DPC,Confirmed cases,Cori_slidingWindow,2021-08-09,1.0024420973540458,1.0819861932207566,0.922898001487335,ITA
Italy,ITA,PCM-DPC,Confirmed cases,Cori_slidingWindow,2021-08-10,1.0021954722996391,1.086744855638262,0.9176460889610163,ITA
Italy,ITA,PCM-DPC,Confirmed cases,Cori_slidingWindow,2021-08-11,1.006919375790487,1.0937135498492545,0.9201252017317196,ITA
Italy,ITA,PCM-DPC,Confirmed cases,Cori_slidingWindow,2021-08-12,1.016136949365002,1.1025113089529655,0.9297625897770389,ITA
Italy,ITA,PCM-DPC,Confirmed cases,Cori_slidingWindow,2021-08-13,1.0261856702694563,1.109630813554407,0.9427405269845054,ITA
Italy,ITA,PCM-DPC,Confirmed cases,Cori_slidingWindow,2021-08-14,1.0322951443255053,1.1109522619323768,0.9536380267186337,ITA
Italy,ITA,PCM-DPC,Confirmed cases,Cori_slidingWindow,2021-08-15,1.0317891959258918,1.1063110591739316,0.957267332677852,ITA
Italy,ITA,PCM-DPC,Confirmed cases,Cori_slidingWindow,2021-08-16,1.0255613776613641,1.0989819722825898,0.9521407830401385,ITA
Italy,ITA,PCM-DPC,Confirmed cases,Cori_slidingWindow,2021-08-17,1.0157387147576704,1.090230259508707,0.9412471700066337,ITA
Italy,ITA,PCM-DPC,Confirmed cases,Cori_slidingWindow,2021-08-18,1.004705129768039,1.080248352378879,0.9291619071571988,ITA
Italy,ITA,PCM-DPC,Confirmed cases,Cori_slidingWindow,2021-08-19,0.9937291541985173,1.0695769841562481,0.9178813242407865,ITA
Italy,ITA,PCM-DPC,Confirmed cases,Cori_slidingWindow,2021-08-20,0.9823438375096439,1.0572183176422212,0.9074693573770666,ITA
Italy,ITA,PCM-DPC,Confirmed cases,Cori_slidingWindow,2021-08-21,0.9686405910845203,1.0415734934756529,0.8957076886933877,ITA
Italy,ITA,PCM-DPC,Confirmed cases,Cori_slidingWindow,2021-08-22,0.9515198939729056,1.023369186007852,0.8796706019379593,ITA
Italy,ITA,PCM-DPC,Confirmed cases,Cori_slidingWindow,2021-08-23,0.932723029498863,1.0052004502669116,0.8602456087308143,ITA
Italy,ITA,PCM-DPC,Confirmed cases,Cori_slidingWindow,2021-08-24,0.9154924423934578,0.9887279024168372,0.8422569823700785,ITA
Italy,ITA,PCM-DPC,Confirmed cases,Cori_slidingWindow,2021-08-25,0.9028431073860875,0.9757689658386943,0.8299172489334807,ITA
Italy,ITA,PCM-DPC,Confirmed cases,Cori_slidingWindow,2021-08-26,0.8955884257057367,0.9681414778539021,0.8230353735575713,ITA
Italy,ITA,PCM-DPC,Confirmed cases,Cori_slidingWindow,2021-08-27,0.892466616079423,0.9645069312005257,0.8204263009583204,ITA
Italy,ITA,PCM-DPC,Confirmed cases,Cori_slidingWindow,2021-08-28,0.8905654873761218,0.960813674568871,0.8203173001833727,ITA
Italy,ITA,PCM-DPC,Confirmed cases,Cori_slidingWindow,2021-08-29,0.8874983826995894,0.9551897770811928,0.8198069883179859,ITA
Italy,ITA,PCM-DPC,Confirmed cases,Cori_slidingWindow,2021-08-30,0.8835461846621614,0.9497682009041196,0.8173241684202032,ITA
Italy,ITA,PCM-DPC,Confirmed cases,Cori_slidingWindow,2021-08-31,0.8806536559683624,0.9467238323403218,0.8145834795964031,ITA
Italy,ITA,PCM-DPC,Confirmed cases,Cori_slidingWindow,2021-09-01,0.8810691745825405,0.9477182165128516,0.8144201326522295,ITA
Italy,ITA,PCM-DPC,Confirmed cases,Cori_slidingWindow,2021-09-02,0.885111166257033,0.9544083253266975,0.8158140071873685,ITA
Italy,ITA,PCM-DPC,Confirmed cases,Cori_slidingWindow,2021-09-03,0.8910399034692066,0.964929497598999,0.8171503093394141,ITA
Italy,ITA,PCM-DPC,Confirmed cases,Cori_slidingWindow,2021-09-04,0.8957117385171235,0.9739513121582801,0.8174721648759669,ITA
Italy,ITA,PCM-DPC,Confirmed cases,Cori_slidingWindow,2021-09-05,0.8966539746001282,0.9784254691310086,0.8148824800692478,ITA
Italy,ITA,PCM-DPC,Confirmed cases,Cori_slidingWindow,2021-09-06,0.8940341433278544,0.9795476457503746,0.8085206409053342,ITA
Italy,ITA,PCM-DPC,Confirmed cases,Cori_slidingWindow,2021-09-07,0.889632238992361,0.9783848592688924,0.8008796187158296,ITA
Italy,ITA,PCM-DPC,Confirmed cases,Cori_slidingWindow,2021-09-08,0.8858820863234991,0.9754789475011894,0.7962852251458088,ITA
Italy,ITA,PCM-DPC,Confirmed cases,Cori_slidingWindow,2021-09-09,0.8839474614339521,0.9719629160579037,0.7959320068100004,ITA
Italy,ITA,PCM-DPC,Confirmed cases,Cori_slidingWindow,2021-09-10,0.8829963348510891,0.9677756512154383,0.7982170184867399,ITA
Italy,ITA,PCM-DPC,Confirmed cases,Cori_slidingWindow,2021-09-11,0.8805019245191062,0.961292246941897,0.7997116020963155,ITA
Italy,ITA,PCM-DPC,Confirmed cases,Cori_slidingWindow,2021-09-12,0.8749468017758659,0.952887343896936,0.7970062596547959,ITA
Italy,ITA,PCM-DPC,Confirmed cases,Cori_slidingWindow,2021-09-13,0.8680984212649518,0.945782867655272,0.7904139748746317,ITA
Italy,ITA,PCM-DPC,Confirmed cases,Cori_slidingWindow,2021-09-14,0.8633910023182183,0.9418153942719781,0.7849666103644585,ITA
Italy,ITA,PCM-DPC,Confirmed cases,Cori_slidingWindow,2021-09-15,0.8638678188462875,0.9416003330870366,0.7861353046055384,ITA
Italy,ITA,PCM-DPC,Confirmed cases,Cori_slidingWindow,2021-09-16,0.8698039607614977,0.9461895867932041,0.7934183347297913,ITA
Italy,ITA,PCM-DPC,Confirmed cases,Cori_slidingWindow,2021-09-17,0.879489528206282,0.9553627884040696,0.8036162680084944,ITA
Italy,ITA,PCM-DPC,Confirmed cases,Cori_slidingWindow,2021-09-18,0.8901909643534908,0.966326484488851,0.8140554442181306,ITA
Italy,ITA,PCM-DPC,Confirmed cases,Cori_slidingWindow,2021-09-19,0.8995776461353461,0.9765467993486592,0.822608492922033,ITA
Italy,ITA,PCM-DPC,Confirmed cases,Cori_slidingWindow,2021-09-20,0.9070276045134315,0.9861206671871277,0.8279345418397352,ITA
Italy,ITA,PCM-DPC,Confirmed cases,Cori_slidingWindow,2021-09-21,0.913021416238226,0.9946213006088351,0.8314215318676168,ITA
Italy,ITA,PCM-DPC,Confirmed cases,Cori_slidingWindow,2021-09-22,0.9191303538767222,1.001351717976261,0.8369089897771833,ITA
Italy,ITA,PCM-DPC,Confirmed cases,Cori_slidingWindow,2021-09-23,0.9261737670002629,1.0071405895867256,0.8452069444138002,ITA
Italy,ITA,PCM-DPC,Confirmed cases,Cori_slidingWindow,2021-09-24,0.9324941375970424,1.0113423877377745,0.8536458874563102,ITA
Italy,ITA,PCM-DPC,Confirmed cases,Cori_slidingWindow,2021-09-25,0.9343652575920833,1.0107625107528468,0.8579680044313197,ITA
Italy,ITA,PCM-DPC,Confirmed cases,Cori_slidingWindow,2021-09-26,0.9294530431647026,1.0037979938020678,0.8551080925273372,ITA
Italy,ITA,PCM-DPC,Confirmed cases,Cori_slidingWindow,2021-09-27,0.9197552034169715,0.9933837683863044,0.8461266384476386,ITA
Italy,ITA,PCM-DPC,Confirmed cases,Cori_slidingWindow,2021-09-28,0.9095444151450746,0.9831936506737267,0.8358951796164225,ITA
Italy,ITA,PCM-DPC,Confirmed cases,Cori_slidingWindow,2021-09-29,0.9028081744897863,0.9757303338280782,0.8298860151514945,ITA
Italy,ITA,PCM-DPC,Confirmed cases,Cori_slidingWindow,2021-09-30,0.901107442539965,0.972936534186347,0.829278350893583,ITA
Italy,ITA,PCM-DPC,Confirmed cases,Cori_slidingWindow,2021-10-01,0.9043229648245263,0.9748148475173785,0.8338310821316742,ITA
Italy,ITA,PCM-DPC,Confirmed cases,Cori_slidingWindow,2021-10-02,0.9109921813727088,0.9797300257894346,0.842254336955983,ITA
Italy,ITA,PCM-DPC,Confirmed cases,Cori_slidingWindow,2021-10-03,0.921094563305504,0.989251241004955,0.852937885606053,ITA
Italy,ITA,PCM-DPC,Confirmed cases,Cori_slidingWindow,2021-10-04,0.9374759563566726,1.0078258898977563,0.8671260228155888,ITA
Italy,ITA,PCM-DPC,Confirmed cases,Cori_slidingWindow,2021-10-05,0.9636381580117432,1.037675797280578,0.8896005187429087,ITA
Italy,ITA,PCM-DPC,Confirmed cases,Cori_slidingWindow,2021-10-06,1.001107789314726,1.078583844479238,0.9236317341502142,ITA
Italy,ITA,PCM-DPC,Confirmed cases,Cori_slidingWindow,2021-10-07,1.0467222117442512,1.127305597159288,0.9661388263292142,ITA
Italy,ITA,PCM-DPC,Confirmed cases,Cori_slidingWindow,2021-10-08,1.0951511843478978,1.1773391201825425,1.0129632485132531,ITA
Italy,ITA,PCM-DPC,Confirmed cases,Cori_slidingWindow,2021-10-09,1.14166740252922,1.2230539933197355,1.0602808117387044,ITA
Italy,ITA,PCM-DPC,Confirmed cases,Cori_slidingWindow,2021-10-10,1.1837827563163708,1.2635611552625952,1.1040043573701463,ITA
Italy,ITA,PCM-DPC,Confirmed cases,Cori_slidingWindow,2021-10-11,1.2204807810846012,1.2985104563727592,1.1424511057964433,ITA
Italy,ITA,PCM-DPC,Confirmed cases,Cori_slidingWindow,2021-10-12,1.2506181739478512,1.3248106730486846,1.1764256748470179,ITA
Italy,ITA,PCM-DPC,Confirmed cases,Cori_slidingWindow,2021-10-13,1.273736536297385,1.3421728332312677,1.2053002393635022,ITA
Italy,ITA,PCM-DPC,Confirmed cases,Cori_slidingWindow,2021-10-14,1.2868737677121258,1.3525235289099695,1.221224006514282,ITA
Italy,ITA,PCM-DPC,Confirmed cases,Cori_slidingWindow,2021-10-15,1.2852255455758157,1.3530049928852812,1.2174460982663502,ITA
Italy,ITA,PCM-DPC,Confirmed cases,Cori_slidingWindow,2021-10-16,1.2666829337972485,1.3389996716561168,1.1943661959383802,ITA
Italy,ITA,PCM-DPC,Confirmed cases,Cori_slidingWindow,2021-10-17,1.2358176241034327,1.3126714940304134,1.158963754176452,ITA
Italy,ITA,PCM-DPC,Confirmed cases,Cori_slidingWindow,2021-10-18,1.2010954335644553,1.2809641633867084,1.1212267037422021,ITA
Italy,ITA,PCM-DPC,Confirmed cases,Cori_slidingWindow,2021-10-19,1.16883336667528,1.2491093845129564,1.0885573488376035,ITA
Italy,ITA,PCM-DPC,Confirmed cases,Cori_slidingWindow,2021-10-20,1.1420861908834283,1.22105468229254,1.0631176994743166,ITA
Italy,ITA,PCM-DPC,Confirmed cases,Cori_slidingWindow,2021-10-21,1.1231309478252636,1.2009536046164735,1.0453082910340536,ITA
Italy,ITA,PCM-DPC,Confirmed cases,Cori_slidingWindow,2021-10-22,1.113571648996833,1.189884985270754,1.037258312722912,ITA
Italy,ITA,PCM-DPC,Confirmed cases,Cori_slidingWindow,2021-10-23,1.112580335704932,1.1869053524959305,1.0382553189139334,ITA
Italy,ITA,PCM-DPC,Confirmed cases,Cori_slidingWindow,2021-10-24,1.1176357491372717,1.1914979753392534,1.04377352293529,ITA
Italy,ITA,PCM-DPC,Confirmed cases,Cori_slidingWindow,2021-10-25,1.1278471426932608,1.2024387815645268,1.0532555038219948,ITA
Italy,ITA,PCM-DPC,Confirmed cases,Cori_slidingWindow,2021-10-26,1.1448298418102727,1.2191626060885163,1.070497077532029,ITA
Italy,ITA,PCM-DPC,Confirmed cases,Cori_slidingWindow,2021-10-27,1.170740098187795,1.2452059393682746,1.0962742570073152,ITA
Italy,ITA,PCM-DPC,Confirmed cases,Cori_slidingWindow,2021-10-28,1.2021121121911342,1.2801803075919629,1.1240439167903056,ITA
Italy,ITA,PCM-DPC,Confirmed cases,Cori_slidingWindow,2021-10-29,1.230971807670485,1.3138030811752306,1.1481405341657394,ITA
Italy,ITA,PCM-DPC,Confirmed cases,Cori_slidingWindow,2021-10-30,1.2498940520782942,1.3360854043951886,1.1637026997613997,ITA
Italy,ITA,PCM-DPC,Confirmed cases,Cori_slidingWindow,2021-10-31,1.2573758642909945,1.346937562267433,1.1678141663145558,ITA
Italy,ITA,PCM-DPC,Confirmed cases,Cori_slidingWindow,2021-11-01,1.2571364623933154,1.35021721496555,1.1640557098210809,ITA
Italy,ITA,PCM-DPC,Confirmed cases,Cori_slidingWindow,2021-11-02,1.2525705699042764,1.3469204020133025,1.1582207377952503,ITA
Italy,ITA,PCM-DPC,Confirmed cases,Cori_slidingWindow,2021-11-03,1.2455176789577722,1.3388022185454758,1.1522331393700687,ITA
Italy,ITA,PCM-DPC,Confirmed cases,Cori_slidingWindow,2021-11-04,1.2359096734889268,1.327543923039756,1.1442754239380974,ITA
Italy,ITA,PCM-DPC,Confirmed cases,Cori_slidingWindow,2021-11-05,1.2231008097586964,1.3117165819242858,1.134485037593107,ITA
Italy,ITA,PCM-DPC,Confirmed cases,Cori_slidingWindow,2021-11-06,1.2070810079895042,1.2914954378398453,1.1226665781391632,ITA
Italy,ITA,PCM-DPC,Confirmed cases,Cori_slidingWindow,2021-11-07,1.1898765319765485,1.2723407171210748,1.1074123468320223,ITA
Italy,ITA,PCM-DPC,Confirmed cases,Cori_slidingWindow,2021-11-08,1.1749769178576346,1.2582427435333665,1.0917110921819027,ITA
Italy,ITA,PCM-DPC,Confirmed cases,Cori_slidingWindow,2021-11-09,1.165202581739565,1.2490271792846428,1.0813779841944873,ITA
Italy,ITA,PCM-DPC,Confirmed cases,Cori_slidingWindow,2021-11-10,1.1618957852652843,1.2464802538879556,1.077311316642613,ITA
Italy,ITA,PCM-DPC,Confirmed cases,Cori_slidingWindow,2021-11-11,1.1634994504462377,1.2518210293778496,1.0751778715146258,ITA
Italy,ITA,PCM-DPC,Confirmed cases,Cori_slidingWindow,2021-11-12,1.166557764681295,1.2596371905036545,1.0734783388589355,ITA
Italy,ITA,PCM-DPC,Confirmed cases,Cori_slidingWindow,2021-11-13,1.16757651037541,1.2637021671450308,1.0714508536057894,ITA
Italy,ITA,PCM-DPC,Confirmed cases,Cori_slidingWindow,2021-11-14,1.1657940995068943,1.2638662504754397,1.067721948538349,ITA
Italy,ITA,PCM-DPC,Confirmed cases,Cori_slidingWindow,2021-11-15,1.1633839085235853,1.2622971464774513,1.0644706705697193,ITA
Italy,ITA,PCM-DPC,Confirmed cases,Cori_slidingWindow,2021-11-16,1.1627217116028714,1.2591052114884775,1.0663382117172653,ITA
Italy,ITA,PCM-DPC,Confirmed cases,Cori_slidingWindow,2021-11-17,1.1650765449742109,1.2560126513611625,1.0741404385872593,ITA
Italy,ITA,PCM-DPC,Confirmed cases,Cori_slidingWindow,2021-11-18,1.1688272825360726,1.2556978623480448,1.0819567027241004,ITA
Italy,ITA,PCM-DPC,Confirmed cases,Cori_slidingWindow,2021-11-19,1.1707466802434565,1.2562047529024145,1.0852886075844985,ITA
Italy,ITA,PCM-DPC,Confirmed cases,Cori_slidingWindow,2021-11-20,1.1680165653505992,1.2536299617060327,1.0824031689951656,ITA
Italy,ITA,PCM-DPC,Confirmed cases,Cori_slidingWindow,2021-11-21,1.159779222882418,1.2476167203075328,1.0719417254573032,ITA
Italy,ITA,PCM-DPC,Confirmed cases,Cori_slidingWindow,2021-11-22,1.1474325014673186,1.239036204290935,1.055828798643702,ITA
Italy,ITA,PCM-DPC,Confirmed cases,Cori_slidingWindow,2021-11-23,1.1331326535000152,1.2276810092495252,1.0385842977505053,ITA
Italy,ITA,PCM-DPC,Confirmed cases,Cori_slidingWindow,2021-11-24,1.1196620953971523,1.216747368638285,1.0225768221560196,ITA
Italy,ITA,PCM-DPC,Confirmed cases,Cori_slidingWindow,2021-11-25,1.1102631788294863,1.211971435545099,1.0085549221138737,ITA
Italy,ITA,PCM-DPC,Confirmed cases,Cori_slidingWindow,2021-11-26,1.10618786053795,1.212854827294678,0.999520893781222,ITA
Italy,ITA,PCM-DPC,Confirmed cases,Cori_slidingWindow,2021-11-27,1.1054168185412356,1.2143115043755337,0.9965221327069375,ITA
Italy,ITA,PCM-DPC,Confirmed cases,Cori_slidingWindow,2021-11-28,1.105984932933909,1.2137520394640111,0.9982178264038071,ITA
Italy,ITA,PCM-DPC,Confirmed cases,Cori_slidingWindow,2021-11-29,1.1095502976415705,1.212553122107766,1.0065474731753752,ITA
Italy,ITA,PCM-DPC,Confirmed cases,Cori_slidingWindow,2021-11-30,1.1197438658475147,1.2145677116196396,1.0249200200753898,ITA
Italy,ITA,PCM-DPC,Confirmed cases,Cori_slidingWindow,2021-12-01,1.1370692003775238,1.2248197420283036,1.049318658726744,ITA
Italy,ITA,PCM-DPC,Confirmed cases,Cori_slidingWindow,2021-12-02,1.1576374664520521,1.2435125439473276,1.0717623889567767,ITA
Italy,ITA,PCM-DPC,Confirmed cases,Cori_slidingWindow,2021-12-03,1.1776163101908879,1.2687666267871676,1.0864659935946082,ITA
Italy,ITA,PCM-DPC,Confirmed cases,Cori_slidingWindow,2021-12-04,1.1954012100810634,1.299815852864062,1.0909865672980648,ITA
Italy,ITA,PCM-DPC,Confirmed cases,Cori_slidingWindow,2021-12-05,1.2113621844842535,1.3302078885188158,1.0925164804496912,ITA
Italy,ITA,PCM-DPC,Confirmed cases,Cori_slidingWindow,2021-12-06,1.2258346432291518,1.3516942777067036,1.0999750087516,ITA
Italy,ITA,PCM-DPC,Confirmed cases,Cori_slidingWindow,2021-12-07,1.238600845787403,1.363821021569259,1.1133806700055469,ITA
Italy,ITA,PCM-DPC,Confirmed cases,Cori_slidingWindow,2021-12-08,1.2494696068195517,1.3718764103479115,1.1270628032911918,ITA
Italy,ITA,PCM-DPC,Confirmed cases,Cori_slidingWindow,2021-12-09,1.2584743540077417,1.376302529153954,1.1406461788615294,ITA
Italy,ITA,PCM-DPC,Confirmed cases,Cori_slidingWindow,2021-12-10,1.2658500937625636,1.3769460824157689,1.1547541051093584,ITA
Italy,ITA,PCM-DPC,Confirmed cases,Cori_slidingWindow,2021-12-11,1.2792917781837105,1.3863822831438233,1.1722012732235978,ITA
Italy,ITA,PCM-DPC,Confirmed cases,Cori_slidingWindow,2021-12-12,1.3115657413772275,1.4205403583367806,1.2025911244176744,ITA
Italy,ITA,PCM-DPC,Confirmed cases,Cori_slidingWindow,2021-12-13,1.3715052466369064,1.4857524493672463,1.2572580439065666,ITA
Italy,ITA,PCM-DPC,Confirmed cases,Cori_slidingWindow,2021-12-14,1.4567179150661402,1.5785502750630154,1.334885555069265,ITA
Italy,ITA,PCM-DPC,Confirmed cases,Cori_slidingWindow,2021-12-15,1.5521256219940658,1.6831083286929434,1.4211429152951882,ITA
Italy,ITA,PCM-DPC,Confirmed cases,Cori_slidingWindow,2021-12-16,1.6425679435255276,1.77913311102159,1.5060027760294652,ITA
Italy,ITA,PCM-DPC,Confirmed cases,Cori_slidingWindow,2021-12-17,1.7197113480942319,1.8558222730334795,1.5836004231549843,ITA
Italy,ITA,PCM-DPC,Confirmed cases,Cori_slidingWindow,2021-12-18,1.7780884430586343,1.9093481641740477,1.646828721943221,ITA
Italy,ITA,PCM-DPC,Confirmed cases,Cori_slidingWindow,2021-12-19,1.8117146986729546,1.9337008868034555,1.6897285105424538,ITA
Italy,ITA,PCM-DPC,Confirmed cases,Cori_slidingWindow,2021-12-20,1.8174940824677983,1.9262208566438805,1.708767308291716,ITA
Italy,ITA,PCM-DPC,Confirmed cases,Cori_slidingWindow,2021-12-21,1.8007928624034015,1.9001838619265208,1.7014018628802823,ITA
Italy,ITA,PCM-DPC,Confirmed cases,Cori_slidingWindow,2021-12-22,1.7680559121225743,1.869127219540929,1.6669846047042196,ITA
Italy,ITA,PCM-DPC,Confirmed cases,Cori_slidingWindow,2021-12-23,1.7200157021853768,1.8272651121927668,1.6127662921779868,ITA
Italy,ITA,PCM-DPC,Confirmed cases,Cori_slidingWindow,2021-12-24,1.656366810203374,1.7686177544186144,1.5441158659881336,ITA
Italy,ITA,PCM-DPC,Confirmed cases,Cori_slidingWindow,2021-12-25,1.5798997867278661,1.6959562838236162,1.463843289632116,ITA
Italy,ITA,PCM-DPC,Confirmed cases,Cori_slidingWindow,2021-12-26,1.498008837111189,1.61392912022833,1.3820885539940482,ITA
Italy,ITA,PCM-DPC,Confirmed cases,Cori_slidingWindow,2021-12-27,1.4181417526100177,1.5268784785021405,1.309405026717895,ITA
Italy,ITA,PCM-DPC,Confirmed cases,Cori_slidingWindow,2021-12-28,1.346506482289803,1.44419903210063,1.248813932478976,ITA
Italy,ITA,PCM-DPC,Confirmed cases,Cori_slidingWindow,2021-12-29,1.285066572683538,1.3744355329141167,1.1956976124529592,ITA
Italy,ITA,PCM-DPC,Confirmed cases,Cori_slidingWindow,2021-12-30,1.2315139873055985,1.3152498108296133,1.1477781637815836,ITA
Italy,ITA,PCM-DPC,Confirmed cases,Cori_slidingWindow,2021-12-31,1.1819393099385433,1.2601187250234798,1.103759894853607,ITA
Italy,ITA,PCM-DPC,Confirmed cases,Cori_step,2020-02-25,2.2886550907919423,2.4710290007339926,2.106281180849892,ITA
Italy,ITA,PCM-DPC,Confirmed cases,Cori_step,2020-02-26,2.2886550907919423,2.4710290007339926,2.106281180849892,ITA
Italy,ITA,PCM-DPC,Confirmed cases,Cori_step,2020-02-27,2.2886550907919423,2.4710290007339926,2.106281180849892,ITA
Italy,ITA,PCM-DPC,Confirmed cases,Cori_step,2020-02-28,2.2886550907919423,2.4710290007339926,2.106281180849892,ITA
Italy,ITA,PCM-DPC,Confirmed cases,Cori_step,2020-02-29,2.2886550907919423,2.4710290007339926,2.106281180849892,ITA
Italy,ITA,PCM-DPC,Confirmed cases,Cori_step,2020-03-01,2.2886550907919423,2.4710290007339926,2.106281180849892,ITA
Italy,ITA,PCM-DPC,Confirmed cases,Cori_step,2020-03-02,1.9110519006788007,2.0744051202466722,1.7476986811109294,ITA
Italy,ITA,PCM-DPC,Confirmed cases,Cori_step,2020-03-03,1.9110519006788007,2.0744051202466722,1.7476986811109294,ITA
Italy,ITA,PCM-DPC,Confirmed cases,Cori_step,2020-03-04,1.844823623442242,1.980510826517192,1.7091364203672919,ITA
Italy,ITA,PCM-DPC,Confirmed cases,Cori_step,2020-03-05,1.6643261284197401,1.773605953672443,1.5550463031670374,ITA
Italy,ITA,PCM-DPC,Confirmed cases,Cori_step,2020-03-06,1.6643261284197401,1.773605953672443,1.5550463031670374,ITA
Italy,ITA,PCM-DPC,Confirmed cases,Cori_step,2020-03-07,1.6643261284197401,1.773605953672443,1.5550463031670374,ITA
Italy,ITA,PCM-DPC,Confirmed cases,Cori_step,2020-03-08,1.6643261284197401,1.773605953672443,1.5550463031670374,ITA
Italy,ITA,PCM-DPC,Confirmed cases,Cori_step,2020-03-09,1.6643261284197401,1.773605953672443,1.5550463031670374,ITA
Italy,ITA,PCM-DPC,Confirmed cases,Cori_step,2020-03-10,1.4689353718187816,1.5883676751308364,1.3495030685067269,ITA
Italy,ITA,PCM-DPC,Confirmed cases,Cori_step,2020-03-11,1.1039536468794875,1.169342134685641,1.038565159073334,ITA
Italy,ITA,PCM-DPC,Confirmed cases,Cori_step,2020-03-12,1.1039536468794875,1.169342134685641,1.038565159073334,ITA
Italy,ITA,PCM-DPC,Confirmed cases,Cori_step,2020-03-13,1.1039536468794875,1.169342134685641,1.038565159073334,ITA
Italy,ITA,PCM-DPC,Confirmed cases,Cori_step,2020-03-14,1.1039536468794875,1.169342134685641,1.038565159073334,ITA
Italy,ITA,PCM-DPC,Confirmed cases,Cori_step,2020-03-15,1.1039536468794875,1.169342134685641,1.038565159073334,ITA
Italy,ITA,PCM-DPC,Confirmed cases,Cori_step,2020-03-16,1.1039536468794875,1.169342134685641,1.038565159073334,ITA
Italy,ITA,PCM-DPC,Confirmed cases,Cori_step,2020-03-17,1.1039536468794875,1.169342134685641,1.038565159073334,ITA
Italy,ITA,PCM-DPC,Confirmed cases,Cori_step,2020-03-18,1.1039536468794875,1.169342134685641,1.038565159073334,ITA
Italy,ITA,PCM-DPC,Confirmed cases,Cori_step,2020-03-19,1.1039536468794875,1.169342134685641,1.038565159073334,ITA
Italy,ITA,PCM-DPC,Confirmed cases,Cori_step,2020-03-20,0.8732607603042887,0.9016575497683638,0.8448639708402136,ITA
Italy,ITA,PCM-DPC,Confirmed cases,Cori_step,2020-03-21,0.8732607603042887,0.9016575497683638,0.8448639708402136,ITA
Italy,ITA,PCM-DPC,Confirmed cases,Cori_step,2020-03-22,0.8732607603042887,0.9016575497683638,0.8448639708402136,ITA
Italy,ITA,PCM-DPC,Confirmed cases,Cori_step,2020-03-23,0.8732607603042887,0.9016575497683638,0.8448639708402136,ITA
Italy,ITA,PCM-DPC,Confirmed cases,Cori_step,2020-03-24,0.8732607603042887,0.9016575497683638,0.8448639708402136,ITA
Italy,ITA,PCM-DPC,Confirmed cases,Cori_step,2020-03-25,0.8732607603042887,0.9016575497683638,0.8448639708402136,ITA
Italy,ITA,PCM-DPC,Confirmed cases,Cori_step,2020-03-26,0.8732607603042887,0.9016575497683638,0.8448639708402136,ITA
Italy,ITA,PCM-DPC,Confirmed cases,Cori_step,2020-03-27,0.8732607603042887,0.9016575497683638,0.8448639708402136,ITA
Italy,ITA,PCM-DPC,Confirmed cases,Cori_step,2020-03-28,0.8732607603042887,0.9016575497683638,0.8448639708402136,ITA
Italy,ITA,PCM-DPC,Confirmed cases,Cori_step,2020-03-29,0.8732607603042887,0.9016575497683638,0.8448639708402136,ITA
Italy,ITA,PCM-DPC,Confirmed cases,Cori_step,2020-03-30,0.8732607603042887,0.9016575497683638,0.8448639708402136,ITA
Italy,ITA,PCM-DPC,Confirmed cases,Cori_step,2020-03-31,0.8732607603042887,0.9016575497683638,0.8448639708402136,ITA
Italy,ITA,PCM-DPC,Confirmed cases,Cori_step,2020-04-01,0.8732607603042887,0.9016575497683638,0.8448639708402136,ITA
Italy,ITA,PCM-DPC,Confirmed cases,Cori_step,2020-04-02,0.8732607603042887,0.9016575497683638,0.8448639708402136,ITA
Italy,ITA,PCM-DPC,Confirmed cases,Cori_step,2020-04-03,0.8732607603042887,0.9016575497683638,0.8448639708402136,ITA
Italy,ITA,PCM-DPC,Confirmed cases,Cori_step,2020-04-04,0.8732607603042887,0.9016575497683638,0.8448639708402136,ITA
Italy,ITA,PCM-DPC,Confirmed cases,Cori_step,2020-04-05,0.8732607603042887,0.9016575497683638,0.8448639708402136,ITA
Italy,ITA,PCM-DPC,Confirmed cases,Cori_step,2020-04-06,0.8732607603042887,0.9016575497683638,0.8448639708402136,ITA
Italy,ITA,PCM-DPC,Confirmed cases,Cori_step,2020-04-07,0.8807888086796309,0.9451677113250397,0.8164099060342221,ITA
Italy,ITA,PCM-DPC,Confirmed cases,Cori_step,2020-04-08,0.8807888086796309,0.9451677113250397,0.8164099060342221,ITA
Italy,ITA,PCM-DPC,Confirmed cases,Cori_step,2020-04-09,0.8807888086796309,0.9451677113250397,0.8164099060342221,ITA
Italy,ITA,PCM-DPC,Confirmed cases,Cori_step,2020-04-10,0.8807888086796309,0.9451677113250397,0.8164099060342221,ITA
Italy,ITA,PCM-DPC,Confirmed cases,Cori_step,2020-04-11,0.8807888086796309,0.9451677113250397,0.8164099060342221,ITA
Italy,ITA,PCM-DPC,Confirmed cases,Cori_step,2020-04-12,0.781916170128945,0.8050443019570196,0.7587880383008704,ITA
Italy,ITA,PCM-DPC,Confirmed cases,Cori_step,2020-04-13,0.781916170128945,0.8050443019570196,0.7587880383008704,ITA
Italy,ITA,PCM-DPC,Confirmed cases,Cori_step,2020-04-14,0.781916170128945,0.8050443019570196,0.7587880383008704,ITA
Italy,ITA,PCM-DPC,Confirmed cases,Cori_step,2020-04-15,0.781916170128945,0.8050443019570196,0.7587880383008704,ITA
Italy,ITA,PCM-DPC,Confirmed cases,Cori_step,2020-04-16,0.781916170128945,0.8050443019570196,0.7587880383008704,ITA
Italy,ITA,PCM-DPC,Confirmed cases,Cori_step,2020-04-17,0.781916170128945,0.8050443019570196,0.7587880383008704,ITA
Italy,ITA,PCM-DPC,Confirmed cases,Cori_step,2020-04-18,0.781916170128945,0.8050443019570196,0.7587880383008704,ITA
Italy,ITA,PCM-DPC,Confirmed cases,Cori_step,2020-04-19,0.781916170128945,0.8050443019570196,0.7587880383008704,ITA
Italy,ITA,PCM-DPC,Confirmed cases,Cori_step,2020-04-20,0.781916170128945,0.8050443019570196,0.7587880383008704,ITA
Italy,ITA,PCM-DPC,Confirmed cases,Cori_step,2020-04-21,0.781916170128945,0.8050443019570196,0.7587880383008704,ITA
Italy,ITA,PCM-DPC,Confirmed cases,Cori_step,2020-04-22,0.781916170128945,0.8050443019570196,0.7587880383008704,ITA
Italy,ITA,PCM-DPC,Confirmed cases,Cori_step,2020-04-23,0.781916170128945,0.8050443019570196,0.7587880383008704,ITA
Italy,ITA,PCM-DPC,Confirmed cases,Cori_step,2020-04-24,0.781916170128945,0.8050443019570196,0.7587880383008704,ITA
Italy,ITA,PCM-DPC,Confirmed cases,Cori_step,2020-04-25,0.781916170128945,0.8050443019570196,0.7587880383008704,ITA
Italy,ITA,PCM-DPC,Confirmed cases,Cori_step,2020-04-26,0.781916170128945,0.8050443019570196,0.7587880383008704,ITA
Italy,ITA,PCM-DPC,Confirmed cases,Cori_step,2020-04-27,0.781916170128945,0.8050443019570196,0.7587880383008704,ITA
Italy,ITA,PCM-DPC,Confirmed cases,Cori_step,2020-04-28,0.781916170128945,0.8050443019570196,0.7587880383008704,ITA
Italy,ITA,PCM-DPC,Confirmed cases,Cori_step,2020-04-29,0.781916170128945,0.8050443019570196,0.7587880383008704,ITA
Italy,ITA,PCM-DPC,Confirmed cases,Cori_step,2020-04-30,0.781916170128945,0.8050443019570196,0.7587880383008704,ITA
Italy,ITA,PCM-DPC,Confirmed cases,Cori_step,2020-05-01,0.781916170128945,0.8050443019570196,0.7587880383008704,ITA
Italy,ITA,PCM-DPC,Confirmed cases,Cori_step,2020-05-02,0.781916170128945,0.8050443019570196,0.7587880383008704,ITA
Italy,ITA,PCM-DPC,Confirmed cases,Cori_step,2020-05-03,0.781916170128945,0.8050443019570196,0.7587880383008704,ITA
Italy,ITA,PCM-DPC,Confirmed cases,Cori_step,2020-05-04,0.7966885145353182,0.8600554103470414,0.733321618723595,ITA
Italy,ITA,PCM-DPC,Confirmed cases,Cori_step,2020-05-05,0.7966885145353182,0.8600554103470414,0.733321618723595,ITA
Italy,ITA,PCM-DPC,Confirmed cases,Cori_step,2020-05-06,0.7966885145353182,0.8600554103470414,0.733321618723595,ITA
Italy,ITA,PCM-DPC,Confirmed cases,Cori_step,2020-05-07,0.7966885145353182,0.8600554103470414,0.733321618723595,ITA
Italy,ITA,PCM-DPC,Confirmed cases,Cori_step,2020-05-08,0.7966885145353182,0.8600554103470414,0.733321618723595,ITA
Italy,ITA,PCM-DPC,Confirmed cases,Cori_step,2020-05-09,0.7966885145353182,0.8600554103470414,0.733321618723595,ITA
Italy,ITA,PCM-DPC,Confirmed cases,Cori_step,2020-05-10,0.7966885145353182,0.8600554103470414,0.733321618723595,ITA
Italy,ITA,PCM-DPC,Confirmed cases,Cori_step,2020-05-11,0.7966885145353182,0.8600554103470414,0.733321618723595,ITA
Italy,ITA,PCM-DPC,Confirmed cases,Cori_step,2020-05-12,0.7966885145353182,0.8600554103470414,0.733321618723595,ITA
Italy,ITA,PCM-DPC,Confirmed cases,Cori_step,2020-05-13,0.7966885145353182,0.8600554103470414,0.733321618723595,ITA
Italy,ITA,PCM-DPC,Confirmed cases,Cori_step,2020-05-14,0.7966885145353182,0.8600554103470414,0.733321618723595,ITA
Italy,ITA,PCM-DPC,Confirmed cases,Cori_step,2020-05-15,0.7966885145353182,0.8600554103470414,0.733321618723595,ITA
Italy,ITA,PCM-DPC,Confirmed cases,Cori_step,2020-05-16,0.7960528201104388,0.8738982586593108,0.7182073815615667,ITA
Italy,ITA,PCM-DPC,Confirmed cases,Cori_step,2020-05-17,0.7960528201104388,0.8738982586593108,0.7182073815615667,ITA
Italy,ITA,PCM-DPC,Confirmed cases,Cori_step,2020-05-18,0.9486801209065346,0.9679552604527749,0.9294049813602944,ITA
Italy,ITA,PCM-DPC,Confirmed cases,Cori_step,2020-05-19,0.9486801209065346,0.9679552604527749,0.9294049813602944,ITA
Italy,ITA,PCM-DPC,Confirmed cases,Cori_step,2020-05-20,0.9486801209065346,0.9679552604527749,0.9294049813602944,ITA
Italy,ITA,PCM-DPC,Confirmed cases,Cori_step,2020-05-21,0.9486801209065346,0.9679552604527749,0.9294049813602944,ITA
Italy,ITA,PCM-DPC,Confirmed cases,Cori_step,2020-05-22,0.9486801209065346,0.9679552604527749,0.9294049813602944,ITA
Italy,ITA,PCM-DPC,Confirmed cases,Cori_step,2020-05-23,0.9486801209065346,0.9679552604527749,0.9294049813602944,ITA
Italy,ITA,PCM-DPC,Confirmed cases,Cori_step,2020-05-24,0.9486801209065346,0.9679552604527749,0.9294049813602944,ITA
Italy,ITA,PCM-DPC,Confirmed cases,Cori_step,2020-05-25,0.9486801209065346,0.9679552604527749,0.9294049813602944,ITA
Italy,ITA,PCM-DPC,Confirmed cases,Cori_step,2020-05-26,0.9486801209065346,0.9679552604527749,0.9294049813602944,ITA
Italy,ITA,PCM-DPC,Confirmed cases,Cori_step,2020-05-27,0.9486801209065346,0.9679552604527749,0.9294049813602944,ITA
Italy,ITA,PCM-DPC,Confirmed cases,Cori_step,2020-05-28,0.9486801209065346,0.9679552604527749,0.9294049813602944,ITA
Italy,ITA,PCM-DPC,Confirmed cases,Cori_step,2020-05-29,0.9486801209065346,0.9679552604527749,0.9294049813602944,ITA
Italy,ITA,PCM-DPC,Confirmed cases,Cori_step,2020-05-30,0.9486801209065346,0.9679552604527749,0.9294049813602944,ITA
Italy,ITA,PCM-DPC,Confirmed cases,Cori_step,2020-05-31,0.9486801209065346,0.9679552604527749,0.9294049813602944,ITA
Italy,ITA,PCM-DPC,Confirmed cases,Cori_step,2020-06-01,0.9486801209065346,0.9679552604527749,0.9294049813602944,ITA
Italy,ITA,PCM-DPC,Confirmed cases,Cori_step,2020-06-02,0.9486801209065346,0.9679552604527749,0.9294049813602944,ITA
Italy,ITA,PCM-DPC,Confirmed cases,Cori_step,2020-06-03,0.9486801209065346,0.9679552604527749,0.9294049813602944,ITA
Italy,ITA,PCM-DPC,Confirmed cases,Cori_step,2020-06-04,0.9486801209065346,0.9679552604527749,0.9294049813602944,ITA
Italy,ITA,PCM-DPC,Confirmed cases,Cori_step,2020-06-05,0.9486801209065346,0.9679552604527749,0.9294049813602944,ITA
Italy,ITA,PCM-DPC,Confirmed cases,Cori_step,2020-06-06,0.9486801209065346,0.9679552604527749,0.9294049813602944,ITA
Italy,ITA,PCM-DPC,Confirmed cases,Cori_step,2020-06-07,0.9486801209065346,0.9679552604527749,0.9294049813602944,ITA
Italy,ITA,PCM-DPC,Confirmed cases,Cori_step,2020-06-08,0.9486801209065346,0.9679552604527749,0.9294049813602944,ITA
Italy,ITA,PCM-DPC,Confirmed cases,Cori_step,2020-06-09,0.9486801209065346,0.9679552604527749,0.9294049813602944,ITA
Italy,ITA,PCM-DPC,Confirmed cases,Cori_step,2020-06-10,0.9486801209065346,0.9679552604527749,0.9294049813602944,ITA
Italy,ITA,PCM-DPC,Confirmed cases,Cori_step,2020-06-11,0.9486801209065346,0.9679552604527749,0.9294049813602944,ITA
Italy,ITA,PCM-DPC,Confirmed cases,Cori_step,2020-06-12,0.9486801209065346,0.9679552604527749,0.9294049813602944,ITA
Italy,ITA,PCM-DPC,Confirmed cases,Cori_step,2020-06-13,0.9486801209065346,0.9679552604527749,0.9294049813602944,ITA
Italy,ITA,PCM-DPC,Confirmed cases,Cori_step,2020-06-14,0.9486801209065346,0.9679552604527749,0.9294049813602944,ITA
Italy,ITA,PCM-DPC,Confirmed cases,Cori_step,2020-06-15,0.9486801209065346,0.9679552604527749,0.9294049813602944,ITA
Italy,ITA,PCM-DPC,Confirmed cases,Cori_step,2020-06-16,0.9486801209065346,0.9679552604527749,0.9294049813602944,ITA
Italy,ITA,PCM-DPC,Confirmed cases,Cori_step,2020-06-17,0.9486801209065346,0.9679552604527749,0.9294049813602944,ITA
Italy,ITA,PCM-DPC,Confirmed cases,Cori_step,2020-06-18,0.9486801209065346,0.9679552604527749,0.9294049813602944,ITA
Italy,ITA,PCM-DPC,Confirmed cases,Cori_step,2020-06-19,0.9486801209065346,0.9679552604527749,0.9294049813602944,ITA
Italy,ITA,PCM-DPC,Confirmed cases,Cori_step,2020-06-20,0.9486801209065346,0.9679552604527749,0.9294049813602944,ITA
Italy,ITA,PCM-DPC,Confirmed cases,Cori_step,2020-06-21,0.9486801209065346,0.9679552604527749,0.9294049813602944,ITA
Italy,ITA,PCM-DPC,Confirmed cases,Cori_step,2020-06-22,0.9486801209065346,0.9679552604527749,0.9294049813602944,ITA
Italy,ITA,PCM-DPC,Confirmed cases,Cori_step,2020-06-23,0.9486801209065346,0.9679552604527749,0.9294049813602944,ITA
Italy,ITA,PCM-DPC,Confirmed cases,Cori_step,2020-06-24,0.9486801209065346,0.9679552604527749,0.9294049813602944,ITA
Italy,ITA,PCM-DPC,Confirmed cases,Cori_step,2020-06-25,0.9486801209065346,0.9679552604527749,0.9294049813602944,ITA
Italy,ITA,PCM-DPC,Confirmed cases,Cori_step,2020-06-26,0.9486801209065346,0.9679552604527749,0.9294049813602944,ITA
Italy,ITA,PCM-DPC,Confirmed cases,Cori_step,2020-06-27,0.9486801209065346,0.9679552604527749,0.9294049813602944,ITA
Italy,ITA,PCM-DPC,Confirmed cases,Cori_step,2020-06-28,0.9486801209065346,0.9679552604527749,0.9294049813602944,ITA
Italy,ITA,PCM-DPC,Confirmed cases,Cori_step,2020-06-29,0.9486801209065346,0.9679552604527749,0.9294049813602944,ITA
Italy,ITA,PCM-DPC,Confirmed cases,Cori_step,2020-06-30,0.9486801209065346,0.9679552604527749,0.9294049813602944,ITA
Italy,ITA,PCM-DPC,Confirmed cases,Cori_step,2020-07-01,0.9486801209065346,0.9679552604527749,0.9294049813602944,ITA
Italy,ITA,PCM-DPC,Confirmed cases,Cori_step,2020-07-02,0.9486801209065346,0.9679552604527749,0.9294049813602944,ITA
Italy,ITA,PCM-DPC,Confirmed cases,Cori_step,2020-07-03,0.9486801209065346,0.9679552604527749,0.9294049813602944,ITA
Italy,ITA,PCM-DPC,Confirmed cases,Cori_step,2020-07-04,0.9486801209065346,0.9679552604527749,0.9294049813602944,ITA
Italy,ITA,PCM-DPC,Confirmed cases,Cori_step,2020-07-05,0.9486801209065346,0.9679552604527749,0.9294049813602944,ITA
Italy,ITA,PCM-DPC,Confirmed cases,Cori_step,2020-07-06,0.9486801209065346,0.9679552604527749,0.9294049813602944,ITA
Italy,ITA,PCM-DPC,Confirmed cases,Cori_step,2020-07-07,0.9486801209065346,0.9679552604527749,0.9294049813602944,ITA
Italy,ITA,PCM-DPC,Confirmed cases,Cori_step,2020-07-08,0.9486801209065346,0.9679552604527749,0.9294049813602944,ITA
Italy,ITA,PCM-DPC,Confirmed cases,Cori_step,2020-07-09,0.9486801209065346,0.9679552604527749,0.9294049813602944,ITA
Italy,ITA,PCM-DPC,Confirmed cases,Cori_step,2020-07-10,0.9486801209065346,0.9679552604527749,0.9294049813602944,ITA
Italy,ITA,PCM-DPC,Confirmed cases,Cori_step,2020-07-11,0.9486801209065346,0.9679552604527749,0.9294049813602944,ITA
Italy,ITA,PCM-DPC,Confirmed cases,Cori_step,2020-07-12,0.9486801209065346,0.9679552604527749,0.9294049813602944,ITA
Italy,ITA,PCM-DPC,Confirmed cases,Cori_step,2020-07-13,0.9486801209065346,0.9679552604527749,0.9294049813602944,ITA
Italy,ITA,PCM-DPC,Confirmed cases,Cori_step,2020-07-14,0.9486801209065346,0.9679552604527749,0.9294049813602944,ITA
Italy,ITA,PCM-DPC,Confirmed cases,Cori_step,2020-07-15,0.9486801209065346,0.9679552604527749,0.9294049813602944,ITA
Italy,ITA,PCM-DPC,Confirmed cases,Cori_step,2020-07-16,0.9486801209065346,0.9679552604527749,0.9294049813602944,ITA
Italy,ITA,PCM-DPC,Confirmed cases,Cori_step,2020-07-17,0.9486801209065346,0.9679552604527749,0.9294049813602944,ITA
Italy,ITA,PCM-DPC,Confirmed cases,Cori_step,2020-07-18,0.9486801209065346,0.9679552604527749,0.9294049813602944,ITA
Italy,ITA,PCM-DPC,Confirmed cases,Cori_step,2020-07-19,0.9486801209065346,0.9679552604527749,0.9294049813602944,ITA
Italy,ITA,PCM-DPC,Confirmed cases,Cori_step,2020-07-20,0.9486801209065346,0.9679552604527749,0.9294049813602944,ITA
Italy,ITA,PCM-DPC,Confirmed cases,Cori_step,2020-07-21,0.9486801209065346,0.9679552604527749,0.9294049813602944,ITA
Italy,ITA,PCM-DPC,Confirmed cases,Cori_step,2020-07-22,0.9486801209065346,0.9679552604527749,0.9294049813602944,ITA
Italy,ITA,PCM-DPC,Confirmed cases,Cori_step,2020-07-23,0.9486801209065346,0.9679552604527749,0.9294049813602944,ITA
Italy,ITA,PCM-DPC,Confirmed cases,Cori_step,2020-07-24,0.9486801209065346,0.9679552604527749,0.9294049813602944,ITA
Italy,ITA,PCM-DPC,Confirmed cases,Cori_step,2020-07-25,0.9486801209065346,0.9679552604527749,0.9294049813602944,ITA
Italy,ITA,PCM-DPC,Confirmed cases,Cori_step,2020-07-26,0.9486801209065346,0.9679552604527749,0.9294049813602944,ITA
Italy,ITA,PCM-DPC,Confirmed cases,Cori_step,2020-07-27,1.224675000898575,1.2981824950775551,1.1511675067195948,ITA
Italy,ITA,PCM-DPC,Confirmed cases,Cori_step,2020-07-28,1.224675000898575,1.2981824950775551,1.1511675067195948,ITA
Italy,ITA,PCM-DPC,Confirmed cases,Cori_step,2020-07-29,1.224675000898575,1.2981824950775551,1.1511675067195948,ITA
Italy,ITA,PCM-DPC,Confirmed cases,Cori_step,2020-07-30,1.224675000898575,1.2981824950775551,1.1511675067195948,ITA
Italy,ITA,PCM-DPC,Confirmed cases,Cori_step,2020-07-31,1.224675000898575,1.2981824950775551,1.1511675067195948,ITA
Italy,ITA,PCM-DPC,Confirmed cases,Cori_step,2020-08-01,1.385586323161353,1.43329726276807,1.337875383554636,ITA
Italy,ITA,PCM-DPC,Confirmed cases,Cori_step,2020-08-02,1.385586323161353,1.43329726276807,1.337875383554636,ITA
Italy,ITA,PCM-DPC,Confirmed cases,Cori_step,2020-08-03,1.385586323161353,1.43329726276807,1.337875383554636,ITA
Italy,ITA,PCM-DPC,Confirmed cases,Cori_step,2020-08-04,1.385586323161353,1.43329726276807,1.337875383554636,ITA
Italy,ITA,PCM-DPC,Confirmed cases,Cori_step,2020-08-05,1.385586323161353,1.43329726276807,1.337875383554636,ITA
Italy,ITA,PCM-DPC,Confirmed cases,Cori_step,2020-08-06,1.385586323161353,1.43329726276807,1.337875383554636,ITA
Italy,ITA,PCM-DPC,Confirmed cases,Cori_step,2020-08-07,1.385586323161353,1.43329726276807,1.337875383554636,ITA
Italy,ITA,PCM-DPC,Confirmed cases,Cori_step,2020-08-08,1.385586323161353,1.43329726276807,1.337875383554636,ITA
Italy,ITA,PCM-DPC,Confirmed cases,Cori_step,2020-08-09,1.385586323161353,1.43329726276807,1.337875383554636,ITA
Italy,ITA,PCM-DPC,Confirmed cases,Cori_step,2020-08-10,1.385586323161353,1.43329726276807,1.337875383554636,ITA
Italy,ITA,PCM-DPC,Confirmed cases,Cori_step,2020-08-11,1.385586323161353,1.43329726276807,1.337875383554636,ITA
Italy,ITA,PCM-DPC,Confirmed cases,Cori_step,2020-08-12,1.385586323161353,1.43329726276807,1.337875383554636,ITA
Italy,ITA,PCM-DPC,Confirmed cases,Cori_step,2020-08-13,1.385586323161353,1.43329726276807,1.337875383554636,ITA
Italy,ITA,PCM-DPC,Confirmed cases,Cori_step,2020-08-14,1.385586323161353,1.43329726276807,1.337875383554636,ITA
Italy,ITA,PCM-DPC,Confirmed cases,Cori_step,2020-08-15,1.385586323161353,1.43329726276807,1.337875383554636,ITA
Italy,ITA,PCM-DPC,Confirmed cases,Cori_step,2020-08-16,1.385586323161353,1.43329726276807,1.337875383554636,ITA
Italy,ITA,PCM-DPC,Confirmed cases,Cori_step,2020-08-17,1.0619879701700055,1.0848552037870696,1.0391207365529413,ITA
Italy,ITA,PCM-DPC,Confirmed cases,Cori_step,2020-08-18,1.0619879701700055,1.0848552037870696,1.0391207365529413,ITA
Italy,ITA,PCM-DPC,Confirmed cases,Cori_step,2020-08-19,1.0619879701700055,1.0848552037870696,1.0391207365529413,ITA
Italy,ITA,PCM-DPC,Confirmed cases,Cori_step,2020-08-20,1.0619879701700055,1.0848552037870696,1.0391207365529413,ITA
Italy,ITA,PCM-DPC,Confirmed cases,Cori_step,2020-08-21,1.0619879701700055,1.0848552037870696,1.0391207365529413,ITA
Italy,ITA,PCM-DPC,Confirmed cases,Cori_step,2020-08-22,1.0619879701700055,1.0848552037870696,1.0391207365529413,ITA
Italy,ITA,PCM-DPC,Confirmed cases,Cori_step,2020-08-23,1.0619879701700055,1.0848552037870696,1.0391207365529413,ITA
Italy,ITA,PCM-DPC,Confirmed cases,Cori_step,2020-08-24,1.0619879701700055,1.0848552037870696,1.0391207365529413,ITA
Italy,ITA,PCM-DPC,Confirmed cases,Cori_step,2020-08-25,1.0619879701700055,1.0848552037870696,1.0391207365529413,ITA
Italy,ITA,PCM-DPC,Confirmed cases,Cori_step,2020-08-26,1.0619879701700055,1.0848552037870696,1.0391207365529413,ITA
Italy,ITA,PCM-DPC,Confirmed cases,Cori_step,2020-08-27,1.0619879701700055,1.0848552037870696,1.0391207365529413,ITA
Italy,ITA,PCM-DPC,Confirmed cases,Cori_step,2020-08-28,1.0619879701700055,1.0848552037870696,1.0391207365529413,ITA
Italy,ITA,PCM-DPC,Confirmed cases,Cori_step,2020-08-29,1.0619879701700055,1.0848552037870696,1.0391207365529413,ITA
Italy,ITA,PCM-DPC,Confirmed cases,Cori_step,2020-08-30,1.0619879701700055,1.0848552037870696,1.0391207365529413,ITA
Italy,ITA,PCM-DPC,Confirmed cases,Cori_step,2020-08-31,1.0619879701700055,1.0848552037870696,1.0391207365529413,ITA
Italy,ITA,PCM-DPC,Confirmed cases,Cori_step,2020-09-01,1.0619879701700055,1.0848552037870696,1.0391207365529413,ITA
Italy,ITA,PCM-DPC,Confirmed cases,Cori_step,2020-09-02,1.0619879701700055,1.0848552037870696,1.0391207365529413,ITA
Italy,ITA,PCM-DPC,Confirmed cases,Cori_step,2020-09-03,1.0619879701700055,1.0848552037870696,1.0391207365529413,ITA
Italy,ITA,PCM-DPC,Confirmed cases,Cori_step,2020-09-04,1.0619879701700055,1.0848552037870696,1.0391207365529413,ITA
Italy,ITA,PCM-DPC,Confirmed cases,Cori_step,2020-09-05,1.0619879701700055,1.0848552037870696,1.0391207365529413,ITA
Italy,ITA,PCM-DPC,Confirmed cases,Cori_step,2020-09-06,1.0619879701700055,1.0848552037870696,1.0391207365529413,ITA
Italy,ITA,PCM-DPC,Confirmed cases,Cori_step,2020-09-07,1.089795546604891,1.136128060136721,1.043463033073061,ITA
Italy,ITA,PCM-DPC,Confirmed cases,Cori_step,2020-09-08,1.089795546604891,1.136128060136721,1.043463033073061,ITA
Italy,ITA,PCM-DPC,Confirmed cases,Cori_step,2020-09-09,1.089795546604891,1.136128060136721,1.043463033073061,ITA
Italy,ITA,PCM-DPC,Confirmed cases,Cori_step,2020-09-10,1.089795546604891,1.136128060136721,1.043463033073061,ITA
Italy,ITA,PCM-DPC,Confirmed cases,Cori_step,2020-09-11,1.089795546604891,1.136128060136721,1.043463033073061,ITA
Italy,ITA,PCM-DPC,Confirmed cases,Cori_step,2020-09-12,1.089795546604891,1.136128060136721,1.043463033073061,ITA
Italy,ITA,PCM-DPC,Confirmed cases,Cori_step,2020-09-13,1.089795546604891,1.136128060136721,1.043463033073061,ITA
Italy,ITA,PCM-DPC,Confirmed cases,Cori_step,2020-09-14,1.089795546604891,1.136128060136721,1.043463033073061,ITA
Italy,ITA,PCM-DPC,Confirmed cases,Cori_step,2020-09-15,1.089795546604891,1.136128060136721,1.043463033073061,ITA
Italy,ITA,PCM-DPC,Confirmed cases,Cori_step,2020-09-16,1.089795546604891,1.136128060136721,1.043463033073061,ITA
Italy,ITA,PCM-DPC,Confirmed cases,Cori_step,2020-09-17,1.089795546604891,1.136128060136721,1.043463033073061,ITA
Italy,ITA,PCM-DPC,Confirmed cases,Cori_step,2020-09-18,1.089795546604891,1.136128060136721,1.043463033073061,ITA
Italy,ITA,PCM-DPC,Confirmed cases,Cori_step,2020-09-19,1.089795546604891,1.136128060136721,1.043463033073061,ITA
Italy,ITA,PCM-DPC,Confirmed cases,Cori_step,2020-09-20,1.089795546604891,1.136128060136721,1.043463033073061,ITA
Italy,ITA,PCM-DPC,Confirmed cases,Cori_step,2020-09-21,1.4603982412599343,1.5359453463054622,1.3848511362144065,ITA
Italy,ITA,PCM-DPC,Confirmed cases,Cori_step,2020-09-22,1.4603982412599343,1.5359453463054622,1.3848511362144065,ITA
Italy,ITA,PCM-DPC,Confirmed cases,Cori_step,2020-09-23,1.4603982412599343,1.5359453463054622,1.3848511362144065,ITA
Italy,ITA,PCM-DPC,Confirmed cases,Cori_step,2020-09-24,1.4603982412599343,1.5359453463054622,1.3848511362144065,ITA
Italy,ITA,PCM-DPC,Confirmed cases,Cori_step,2020-09-25,1.4603982412599343,1.5359453463054622,1.3848511362144065,ITA
Italy,ITA,PCM-DPC,Confirmed cases,Cori_step,2020-09-26,1.4603982412599343,1.5359453463054622,1.3848511362144065,ITA
Italy,ITA,PCM-DPC,Confirmed cases,Cori_step,2020-09-27,1.4603982412599343,1.5359453463054622,1.3848511362144065,ITA
Italy,ITA,PCM-DPC,Confirmed cases,Cori_step,2020-09-28,1.4603982412599343,1.5359453463054622,1.3848511362144065,ITA
Italy,ITA,PCM-DPC,Confirmed cases,Cori_step,2020-09-29,1.4603982412599343,1.5359453463054622,1.3848511362144065,ITA
Italy,ITA,PCM-DPC,Confirmed cases,Cori_step,2020-09-30,1.4603982412599343,1.5359453463054622,1.3848511362144065,ITA
Italy,ITA,PCM-DPC,Confirmed cases,Cori_step,2020-10-01,1.5935435126402535,1.6865017434586913,1.5005852818218157,ITA
Italy,ITA,PCM-DPC,Confirmed cases,Cori_step,2020-10-02,1.5935435126402535,1.6865017434586913,1.5005852818218157,ITA
Italy,ITA,PCM-DPC,Confirmed cases,Cori_step,2020-10-03,1.5935435126402535,1.6865017434586913,1.5005852818218157,ITA
Italy,ITA,PCM-DPC,Confirmed cases,Cori_step,2020-10-04,1.5935435126402535,1.6865017434586913,1.5005852818218157,ITA
Italy,ITA,PCM-DPC,Confirmed cases,Cori_step,2020-10-05,1.5935435126402535,1.6865017434586913,1.5005852818218157,ITA
Italy,ITA,PCM-DPC,Confirmed cases,Cori_step,2020-10-06,1.539039694195084,1.6351619179570351,1.4429174704331327,ITA
Italy,ITA,PCM-DPC,Confirmed cases,Cori_step,2020-10-07,1.539039694195084,1.6351619179570351,1.4429174704331327,ITA
Italy,ITA,PCM-DPC,Confirmed cases,Cori_step,2020-10-08,1.539039694195084,1.6351619179570351,1.4429174704331327,ITA
Italy,ITA,PCM-DPC,Confirmed cases,Cori_step,2020-10-09,1.539039694195084,1.6351619179570351,1.4429174704331327,ITA
Italy,ITA,PCM-DPC,Confirmed cases,Cori_step,2020-10-10,1.539039694195084,1.6351619179570351,1.4429174704331327,ITA
Italy,ITA,PCM-DPC,Confirmed cases,Cori_step,2020-10-11,1.539039694195084,1.6351619179570351,1.4429174704331327,ITA
Italy,ITA,PCM-DPC,Confirmed cases,Cori_step,2020-10-12,1.539039694195084,1.6351619179570351,1.4429174704331327,ITA
Italy,ITA,PCM-DPC,Confirmed cases,Cori_step,2020-10-13,1.539039694195084,1.6351619179570351,1.4429174704331327,ITA
Italy,ITA,PCM-DPC,Confirmed cases,Cori_step,2020-10-14,1.370792466098963,1.4484202107398718,1.2931647214580542,ITA
Italy,ITA,PCM-DPC,Confirmed cases,Cori_step,2020-10-15,1.370792466098963,1.4484202107398718,1.2931647214580542,ITA
Italy,ITA,PCM-DPC,Confirmed cases,Cori_step,2020-10-16,1.370792466098963,1.4484202107398718,1.2931647214580542,ITA
Italy,ITA,PCM-DPC,Confirmed cases,Cori_step,2020-10-17,1.370792466098963,1.4484202107398718,1.2931647214580542,ITA
Italy,ITA,PCM-DPC,Confirmed cases,Cori_step,2020-10-18,1.370792466098963,1.4484202107398718,1.2931647214580542,ITA
Italy,ITA,PCM-DPC,Confirmed cases,Cori_step,2020-10-19,1.370792466098963,1.4484202107398718,1.2931647214580542,ITA
Italy,ITA,PCM-DPC,Confirmed cases,Cori_step,2020-10-20,1.370792466098963,1.4484202107398718,1.2931647214580542,ITA
Italy,ITA,PCM-DPC,Confirmed cases,Cori_step,2020-10-21,1.370792466098963,1.4484202107398718,1.2931647214580542,ITA
Italy,ITA,PCM-DPC,Confirmed cases,Cori_step,2020-10-22,1.370792466098963,1.4484202107398718,1.2931647214580542,ITA
Italy,ITA,PCM-DPC,Confirmed cases,Cori_step,2020-10-23,1.193212015141358,1.2833087916136177,1.1031152386690986,ITA
Italy,ITA,PCM-DPC,Confirmed cases,Cori_step,2020-10-24,1.193212015141358,1.2833087916136177,1.1031152386690986,ITA
Italy,ITA,PCM-DPC,Confirmed cases,Cori_step,2020-10-25,1.193212015141358,1.2833087916136177,1.1031152386690986,ITA
Italy,ITA,PCM-DPC,Confirmed cases,Cori_step,2020-10-26,1.0629019367104655,1.1119067128464135,1.0138971605745175,ITA
Italy,ITA,PCM-DPC,Confirmed cases,Cori_step,2020-10-27,1.0629019367104655,1.1119067128464135,1.0138971605745175,ITA
Italy,ITA,PCM-DPC,Confirmed cases,Cori_step,2020-10-28,1.0629019367104655,1.1119067128464135,1.0138971605745175,ITA
Italy,ITA,PCM-DPC,Confirmed cases,Cori_step,2020-10-29,1.0629019367104655,1.1119067128464135,1.0138971605745175,ITA
Italy,ITA,PCM-DPC,Confirmed cases,Cori_step,2020-10-30,1.0629019367104655,1.1119067128464135,1.0138971605745175,ITA
Italy,ITA,PCM-DPC,Confirmed cases,Cori_step,2020-10-31,1.0629019367104655,1.1119067128464135,1.0138971605745175,ITA
Italy,ITA,PCM-DPC,Confirmed cases,Cori_step,2020-11-01,1.0629019367104655,1.1119067128464135,1.0138971605745175,ITA
Italy,ITA,PCM-DPC,Confirmed cases,Cori_step,2020-11-02,1.0629019367104655,1.1119067128464135,1.0138971605745175,ITA
Italy,ITA,PCM-DPC,Confirmed cases,Cori_step,2020-11-03,1.0629019367104655,1.1119067128464135,1.0138971605745175,ITA
Italy,ITA,PCM-DPC,Confirmed cases,Cori_step,2020-11-04,1.0629019367104655,1.1119067128464135,1.0138971605745175,ITA
Italy,ITA,PCM-DPC,Confirmed cases,Cori_step,2020-11-05,1.0629019367104655,1.1119067128464135,1.0138971605745175,ITA
Italy,ITA,PCM-DPC,Confirmed cases,Cori_step,2020-11-06,0.8767322024644091,0.8944469689698372,0.859017435958981,ITA
Italy,ITA,PCM-DPC,Confirmed cases,Cori_step,2020-11-07,0.8767322024644091,0.8944469689698372,0.859017435958981,ITA
Italy,ITA,PCM-DPC,Confirmed cases,Cori_step,2020-11-08,0.8767322024644091,0.8944469689698372,0.859017435958981,ITA
Italy,ITA,PCM-DPC,Confirmed cases,Cori_step,2020-11-09,0.8767322024644091,0.8944469689698372,0.859017435958981,ITA
Italy,ITA,PCM-DPC,Confirmed cases,Cori_step,2020-11-10,0.8767322024644091,0.8944469689698372,0.859017435958981,ITA
Italy,ITA,PCM-DPC,Confirmed cases,Cori_step,2020-11-11,0.8767322024644091,0.8944469689698372,0.859017435958981,ITA
Italy,ITA,PCM-DPC,Confirmed cases,Cori_step,2020-11-12,0.8767322024644091,0.8944469689698372,0.859017435958981,ITA
Italy,ITA,PCM-DPC,Confirmed cases,Cori_step,2020-11-13,0.8767322024644091,0.8944469689698372,0.859017435958981,ITA
Italy,ITA,PCM-DPC,Confirmed cases,Cori_step,2020-11-14,0.8767322024644091,0.8944469689698372,0.859017435958981,ITA
Italy,ITA,PCM-DPC,Confirmed cases,Cori_step,2020-11-15,0.8767322024644091,0.8944469689698372,0.859017435958981,ITA
Italy,ITA,PCM-DPC,Confirmed cases,Cori_step,2020-11-16,0.8767322024644091,0.8944469689698372,0.859017435958981,ITA
Italy,ITA,PCM-DPC,Confirmed cases,Cori_step,2020-11-17,0.8767322024644091,0.8944469689698372,0.859017435958981,ITA
Italy,ITA,PCM-DPC,Confirmed cases,Cori_step,2020-11-18,0.8767322024644091,0.8944469689698372,0.859017435958981,ITA
Italy,ITA,PCM-DPC,Confirmed cases,Cori_step,2020-11-19,0.8767322024644091,0.8944469689698372,0.859017435958981,ITA
Italy,ITA,PCM-DPC,Confirmed cases,Cori_step,2020-11-20,0.8767322024644091,0.8944469689698372,0.859017435958981,ITA
Italy,ITA,PCM-DPC,Confirmed cases,Cori_step,2020-11-21,0.8767322024644091,0.8944469689698372,0.859017435958981,ITA
Italy,ITA,PCM-DPC,Confirmed cases,Cori_step,2020-11-22,0.8767322024644091,0.8944469689698372,0.859017435958981,ITA
Italy,ITA,PCM-DPC,Confirmed cases,Cori_step,2020-11-23,0.8767322024644091,0.8944469689698372,0.859017435958981,ITA
Italy,ITA,PCM-DPC,Confirmed cases,Cori_step,2020-11-24,0.8767322024644091,0.8944469689698372,0.859017435958981,ITA
Italy,ITA,PCM-DPC,Confirmed cases,Cori_step,2020-11-25,0.8767322024644091,0.8944469689698372,0.859017435958981,ITA
Italy,ITA,PCM-DPC,Confirmed cases,Cori_step,2020-11-26,0.8767322024644091,0.8944469689698372,0.859017435958981,ITA
Italy,ITA,PCM-DPC,Confirmed cases,Cori_step,2020-11-27,0.8767322024644091,0.8944469689698372,0.859017435958981,ITA
Italy,ITA,PCM-DPC,Confirmed cases,Cori_step,2020-11-28,0.8767322024644091,0.8944469689698372,0.859017435958981,ITA
Italy,ITA,PCM-DPC,Confirmed cases,Cori_step,2020-11-29,0.8767322024644091,0.8944469689698372,0.859017435958981,ITA
Italy,ITA,PCM-DPC,Confirmed cases,Cori_step,2020-11-30,0.8767322024644091,0.8944469689698372,0.859017435958981,ITA
Italy,ITA,PCM-DPC,Confirmed cases,Cori_step,2020-12-01,0.8767322024644091,0.8944469689698372,0.859017435958981,ITA
Italy,ITA,PCM-DPC,Confirmed cases,Cori_step,2020-12-02,0.8767322024644091,0.8944469689698372,0.859017435958981,ITA
Italy,ITA,PCM-DPC,Confirmed cases,Cori_step,2020-12-03,0.8767322024644091,0.8944469689698372,0.859017435958981,ITA
Italy,ITA,PCM-DPC,Confirmed cases,Cori_step,2020-12-04,0.9737890023260356,1.000763554177764,0.9468144504743072,ITA
Italy,ITA,PCM-DPC,Confirmed cases,Cori_step,2020-12-05,0.9737890023260356,1.000763554177764,0.9468144504743072,ITA
Italy,ITA,PCM-DPC,Confirmed cases,Cori_step,2020-12-06,0.9737890023260356,1.000763554177764,0.9468144504743072,ITA
Italy,ITA,PCM-DPC,Confirmed cases,Cori_step,2020-12-07,0.9737890023260356,1.000763554177764,0.9468144504743072,ITA
Italy,ITA,PCM-DPC,Confirmed cases,Cori_step,2020-12-08,0.9737890023260356,1.000763554177764,0.9468144504743072,ITA
Italy,ITA,PCM-DPC,Confirmed cases,Cori_step,2020-12-09,0.9737890023260356,1.000763554177764,0.9468144504743072,ITA
Italy,ITA,PCM-DPC,Confirmed cases,Cori_step,2020-12-10,0.9737890023260356,1.000763554177764,0.9468144504743072,ITA
Italy,ITA,PCM-DPC,Confirmed cases,Cori_step,2020-12-11,0.9737890023260356,1.000763554177764,0.9468144504743072,ITA
Italy,ITA,PCM-DPC,Confirmed cases,Cori_step,2020-12-12,0.9737890023260356,1.000763554177764,0.9468144504743072,ITA
Italy,ITA,PCM-DPC,Confirmed cases,Cori_step,2020-12-13,0.9737890023260356,1.000763554177764,0.9468144504743072,ITA
Italy,ITA,PCM-DPC,Confirmed cases,Cori_step,2020-12-14,0.9737890023260356,1.000763554177764,0.9468144504743072,ITA
Italy,ITA,PCM-DPC,Confirmed cases,Cori_step,2020-12-15,0.9737890023260356,1.000763554177764,0.9468144504743072,ITA
Italy,ITA,PCM-DPC,Confirmed cases,Cori_step,2020-12-16,0.9737890023260356,1.000763554177764,0.9468144504743072,ITA
Italy,ITA,PCM-DPC,Confirmed cases,Cori_step,2020-12-17,0.9737890023260356,1.000763554177764,0.9468144504743072,ITA
Italy,ITA,PCM-DPC,Confirmed cases,Cori_step,2020-12-18,0.9737890023260356,1.000763554177764,0.9468144504743072,ITA
Italy,ITA,PCM-DPC,Confirmed cases,Cori_step,2020-12-19,0.9737890023260356,1.000763554177764,0.9468144504743072,ITA
Italy,ITA,PCM-DPC,Confirmed cases,Cori_step,2020-12-20,0.9737890023260356,1.000763554177764,0.9468144504743072,ITA
Italy,ITA,PCM-DPC,Confirmed cases,Cori_step,2020-12-21,0.9737890023260356,1.000763554177764,0.9468144504743072,ITA
Italy,ITA,PCM-DPC,Confirmed cases,Cori_step,2020-12-22,0.9737890023260356,1.000763554177764,0.9468144504743072,ITA
Italy,ITA,PCM-DPC,Confirmed cases,Cori_step,2020-12-23,0.9737890023260356,1.000763554177764,0.9468144504743072,ITA
Italy,ITA,PCM-DPC,Confirmed cases,Cori_step,2020-12-24,1.1527774994312117,1.2343683345558234,1.0711866643066,ITA
Italy,ITA,PCM-DPC,Confirmed cases,Cori_step,2020-12-25,1.1527774994312117,1.2343683345558234,1.0711866643066,ITA
Italy,ITA,PCM-DPC,Confirmed cases,Cori_step,2020-12-26,1.1527774994312117,1.2343683345558234,1.0711866643066,ITA
Italy,ITA,PCM-DPC,Confirmed cases,Cori_step,2020-12-27,1.1527774994312117,1.2343683345558234,1.0711866643066,ITA
Italy,ITA,PCM-DPC,Confirmed cases,Cori_step,2020-12-28,1.0742828634834156,1.1524668018767363,0.9960989250900949,ITA
Italy,ITA,PCM-DPC,Confirmed cases,Cori_step,2020-12-29,1.0742828634834156,1.1524668018767363,0.9960989250900949,ITA
Italy,ITA,PCM-DPC,Confirmed cases,Cori_step,2020-12-30,1.0742828634834156,1.1524668018767363,0.9960989250900949,ITA
Italy,ITA,PCM-DPC,Confirmed cases,Cori_step,2020-12-31,0.9194906697787005,0.9805162248932398,0.8584651146641613,ITA
Italy,ITA,PCM-DPC,Confirmed cases,Cori_step,2021-01-01,0.9194906697787005,0.9805162248932398,0.8584651146641613,ITA
Italy,ITA,PCM-DPC,Confirmed cases,Cori_step,2021-01-02,0.9194906697787005,0.9805162248932398,0.8584651146641613,ITA
Italy,ITA,PCM-DPC,Confirmed cases,Cori_step,2021-01-03,0.9194906697787005,0.9805162248932398,0.8584651146641613,ITA
Italy,ITA,PCM-DPC,Confirmed cases,Cori_step,2021-01-04,0.9194906697787005,0.9805162248932398,0.8584651146641613,ITA
Italy,ITA,PCM-DPC,Confirmed cases,Cori_step,2021-01-05,0.9194906697787005,0.9805162248932398,0.8584651146641613,ITA
Italy,ITA,PCM-DPC,Confirmed cases,Cori_step,2021-01-06,0.9194906697787005,0.9805162248932398,0.8584651146641613,ITA
Italy,ITA,PCM-DPC,Confirmed cases,Cori_step,2021-01-07,0.833577520536182,0.9008458366252818,0.7663092044470821,ITA
Italy,ITA,PCM-DPC,Confirmed cases,Cori_step,2021-01-08,0.833577520536182,0.9008458366252818,0.7663092044470821,ITA
Italy,ITA,PCM-DPC,Confirmed cases,Cori_step,2021-01-09,0.833577520536182,0.9008458366252818,0.7663092044470821,ITA
Italy,ITA,PCM-DPC,Confirmed cases,Cori_step,2021-01-10,0.833577520536182,0.9008458366252818,0.7663092044470821,ITA
Italy,ITA,PCM-DPC,Confirmed cases,Cori_step,2021-01-11,0.8786645878328411,0.9564595296218769,0.8008696460438053,ITA
Italy,ITA,PCM-DPC,Confirmed cases,Cori_step,2021-01-12,0.8786645878328411,0.9564595296218769,0.8008696460438053,ITA
Italy,ITA,PCM-DPC,Confirmed cases,Cori_step,2021-01-13,0.8786645878328411,0.9564595296218769,0.8008696460438053,ITA
Italy,ITA,PCM-DPC,Confirmed cases,Cori_step,2021-01-14,1.0271704644168131,1.0469398612577117,1.0074010675759146,ITA
Italy,ITA,PCM-DPC,Confirmed cases,Cori_step,2021-01-15,1.0271704644168131,1.0469398612577117,1.0074010675759146,ITA
Italy,ITA,PCM-DPC,Confirmed cases,Cori_step,2021-01-16,1.0271704644168131,1.0469398612577117,1.0074010675759146,ITA
Italy,ITA,PCM-DPC,Confirmed cases,Cori_step,2021-01-17,1.0271704644168131,1.0469398612577117,1.0074010675759146,ITA
Italy,ITA,PCM-DPC,Confirmed cases,Cori_step,2021-01-18,1.0271704644168131,1.0469398612577117,1.0074010675759146,ITA
Italy,ITA,PCM-DPC,Confirmed cases,Cori_step,2021-01-19,1.0271704644168131,1.0469398612577117,1.0074010675759146,ITA
Italy,ITA,PCM-DPC,Confirmed cases,Cori_step,2021-01-20,1.0271704644168131,1.0469398612577117,1.0074010675759146,ITA
Italy,ITA,PCM-DPC,Confirmed cases,Cori_step,2021-01-21,1.0271704644168131,1.0469398612577117,1.0074010675759146,ITA
Italy,ITA,PCM-DPC,Confirmed cases,Cori_step,2021-01-22,1.0271704644168131,1.0469398612577117,1.0074010675759146,ITA
Italy,ITA,PCM-DPC,Confirmed cases,Cori_step,2021-01-23,1.0271704644168131,1.0469398612577117,1.0074010675759146,ITA
Italy,ITA,PCM-DPC,Confirmed cases,Cori_step,2021-01-24,1.0271704644168131,1.0469398612577117,1.0074010675759146,ITA
Italy,ITA,PCM-DPC,Confirmed cases,Cori_step,2021-01-25,1.0271704644168131,1.0469398612577117,1.0074010675759146,ITA
Italy,ITA,PCM-DPC,Confirmed cases,Cori_step,2021-01-26,1.0271704644168131,1.0469398612577117,1.0074010675759146,ITA
Italy,ITA,PCM-DPC,Confirmed cases,Cori_step,2021-01-27,1.0271704644168131,1.0469398612577117,1.0074010675759146,ITA
Italy,ITA,PCM-DPC,Confirmed cases,Cori_step,2021-01-28,1.0271704644168131,1.0469398612577117,1.0074010675759146,ITA
Italy,ITA,PCM-DPC,Confirmed cases,Cori_step,2021-01-29,1.0271704644168131,1.0469398612577117,1.0074010675759146,ITA
Italy,ITA,PCM-DPC,Confirmed cases,Cori_step,2021-01-30,1.0271704644168131,1.0469398612577117,1.0074010675759146,ITA
Italy,ITA,PCM-DPC,Confirmed cases,Cori_step,2021-01-31,1.0271704644168131,1.0469398612577117,1.0074010675759146,ITA
Italy,ITA,PCM-DPC,Confirmed cases,Cori_step,2021-02-01,1.0271704644168131,1.0469398612577117,1.0074010675759146,ITA
Italy,ITA,PCM-DPC,Confirmed cases,Cori_step,2021-02-02,1.0271704644168131,1.0469398612577117,1.0074010675759146,ITA
Italy,ITA,PCM-DPC,Confirmed cases,Cori_step,2021-02-03,1.0271704644168131,1.0469398612577117,1.0074010675759146,ITA
Italy,ITA,PCM-DPC,Confirmed cases,Cori_step,2021-02-04,1.0271704644168131,1.0469398612577117,1.0074010675759146,ITA
Italy,ITA,PCM-DPC,Confirmed cases,Cori_step,2021-02-05,1.0271704644168131,1.0469398612577117,1.0074010675759146,ITA
Italy,ITA,PCM-DPC,Confirmed cases,Cori_step,2021-02-06,1.0271704644168131,1.0469398612577117,1.0074010675759146,ITA
Italy,ITA,PCM-DPC,Confirmed cases,Cori_step,2021-02-07,1.0271704644168131,1.0469398612577117,1.0074010675759146,ITA
Italy,ITA,PCM-DPC,Confirmed cases,Cori_step,2021-02-08,1.0271704644168131,1.0469398612577117,1.0074010675759146,ITA
Italy,ITA,PCM-DPC,Confirmed cases,Cori_step,2021-02-09,1.0271704644168131,1.0469398612577117,1.0074010675759146,ITA
Italy,ITA,PCM-DPC,Confirmed cases,Cori_step,2021-02-10,1.0271704644168131,1.0469398612577117,1.0074010675759146,ITA
Italy,ITA,PCM-DPC,Confirmed cases,Cori_step,2021-02-11,1.0271704644168131,1.0469398612577117,1.0074010675759146,ITA
Italy,ITA,PCM-DPC,Confirmed cases,Cori_step,2021-02-12,1.0271704644168131,1.0469398612577117,1.0074010675759146,ITA
Italy,ITA,PCM-DPC,Confirmed cases,Cori_step,2021-02-13,1.0271704644168131,1.0469398612577117,1.0074010675759146,ITA
Italy,ITA,PCM-DPC,Confirmed cases,Cori_step,2021-02-14,1.0271704644168131,1.0469398612577117,1.0074010675759146,ITA
Italy,ITA,PCM-DPC,Confirmed cases,Cori_step,2021-02-15,1.111550474642825,1.1472879348074936,1.0758130144781566,ITA
Italy,ITA,PCM-DPC,Confirmed cases,Cori_step,2021-02-16,1.111550474642825,1.1472879348074936,1.0758130144781566,ITA
Italy,ITA,PCM-DPC,Confirmed cases,Cori_step,2021-02-17,1.111550474642825,1.1472879348074936,1.0758130144781566,ITA
Italy,ITA,PCM-DPC,Confirmed cases,Cori_step,2021-02-18,1.111550474642825,1.1472879348074936,1.0758130144781566,ITA
Italy,ITA,PCM-DPC,Confirmed cases,Cori_step,2021-02-19,1.111550474642825,1.1472879348074936,1.0758130144781566,ITA
Italy,ITA,PCM-DPC,Confirmed cases,Cori_step,2021-02-20,1.111550474642825,1.1472879348074936,1.0758130144781566,ITA
Italy,ITA,PCM-DPC,Confirmed cases,Cori_step,2021-02-21,1.111550474642825,1.1472879348074936,1.0758130144781566,ITA
Italy,ITA,PCM-DPC,Confirmed cases,Cori_step,2021-02-22,1.111550474642825,1.1472879348074936,1.0758130144781566,ITA
Italy,ITA,PCM-DPC,Confirmed cases,Cori_step,2021-02-23,1.111550474642825,1.1472879348074936,1.0758130144781566,ITA
Italy,ITA,PCM-DPC,Confirmed cases,Cori_step,2021-02-24,1.111550474642825,1.1472879348074936,1.0758130144781566,ITA
Italy,ITA,PCM-DPC,Confirmed cases,Cori_step,2021-02-25,1.111550474642825,1.1472879348074936,1.0758130144781566,ITA
Italy,ITA,PCM-DPC,Confirmed cases,Cori_step,2021-02-26,1.111550474642825,1.1472879348074936,1.0758130144781566,ITA
Italy,ITA,PCM-DPC,Confirmed cases,Cori_step,2021-02-27,1.111550474642825,1.1472879348074936,1.0758130144781566,ITA
Italy,ITA,PCM-DPC,Confirmed cases,Cori_step,2021-02-28,1.111550474642825,1.1472879348074936,1.0758130144781566,ITA
Italy,ITA,PCM-DPC,Confirmed cases,Cori_step,2021-03-01,1.111550474642825,1.1472879348074936,1.0758130144781566,ITA
Italy,ITA,PCM-DPC,Confirmed cases,Cori_step,2021-03-02,1.111550474642825,1.1472879348074936,1.0758130144781566,ITA
Italy,ITA,PCM-DPC,Confirmed cases,Cori_step,2021-03-03,1.111550474642825,1.1472879348074936,1.0758130144781566,ITA
Italy,ITA,PCM-DPC,Confirmed cases,Cori_step,2021-03-04,1.111550474642825,1.1472879348074936,1.0758130144781566,ITA
Italy,ITA,PCM-DPC,Confirmed cases,Cori_step,2021-03-05,1.111550474642825,1.1472879348074936,1.0758130144781566,ITA
Italy,ITA,PCM-DPC,Confirmed cases,Cori_step,2021-03-06,0.9308998893168761,0.9499844976384282,0.9118152809953239,ITA
Italy,ITA,PCM-DPC,Confirmed cases,Cori_step,2021-03-07,0.9308998893168761,0.9499844976384282,0.9118152809953239,ITA
Italy,ITA,PCM-DPC,Confirmed cases,Cori_step,2021-03-08,0.9308998893168761,0.9499844976384282,0.9118152809953239,ITA
Italy,ITA,PCM-DPC,Confirmed cases,Cori_step,2021-03-09,0.9308998893168761,0.9499844976384282,0.9118152809953239,ITA
Italy,ITA,PCM-DPC,Confirmed cases,Cori_step,2021-03-10,0.9308998893168761,0.9499844976384282,0.9118152809953239,ITA
Italy,ITA,PCM-DPC,Confirmed cases,Cori_step,2021-03-11,0.9308998893168761,0.9499844976384282,0.9118152809953239,ITA
Italy,ITA,PCM-DPC,Confirmed cases,Cori_step,2021-03-12,0.9308998893168761,0.9499844976384282,0.9118152809953239,ITA
Italy,ITA,PCM-DPC,Confirmed cases,Cori_step,2021-03-13,0.9308998893168761,0.9499844976384282,0.9118152809953239,ITA
Italy,ITA,PCM-DPC,Confirmed cases,Cori_step,2021-03-14,0.9308998893168761,0.9499844976384282,0.9118152809953239,ITA
Italy,ITA,PCM-DPC,Confirmed cases,Cori_step,2021-03-15,0.9308998893168761,0.9499844976384282,0.9118152809953239,ITA
Italy,ITA,PCM-DPC,Confirmed cases,Cori_step,2021-03-16,0.9308998893168761,0.9499844976384282,0.9118152809953239,ITA
Italy,ITA,PCM-DPC,Confirmed cases,Cori_step,2021-03-17,0.9308998893168761,0.9499844976384282,0.9118152809953239,ITA
Italy,ITA,PCM-DPC,Confirmed cases,Cori_step,2021-03-18,0.9308998893168761,0.9499844976384282,0.9118152809953239,ITA
Italy,ITA,PCM-DPC,Confirmed cases,Cori_step,2021-03-19,0.9308998893168761,0.9499844976384282,0.9118152809953239,ITA
Italy,ITA,PCM-DPC,Confirmed cases,Cori_step,2021-03-20,0.9308998893168761,0.9499844976384282,0.9118152809953239,ITA
Italy,ITA,PCM-DPC,Confirmed cases,Cori_step,2021-03-21,0.9308998893168761,0.9499844976384282,0.9118152809953239,ITA
Italy,ITA,PCM-DPC,Confirmed cases,Cori_step,2021-03-22,0.9308998893168761,0.9499844976384282,0.9118152809953239,ITA
Italy,ITA,PCM-DPC,Confirmed cases,Cori_step,2021-03-23,0.9308998893168761,0.9499844976384282,0.9118152809953239,ITA
Italy,ITA,PCM-DPC,Confirmed cases,Cori_step,2021-03-24,0.9308998893168761,0.9499844976384282,0.9118152809953239,ITA
Italy,ITA,PCM-DPC,Confirmed cases,Cori_step,2021-03-25,0.9308998893168761,0.9499844976384282,0.9118152809953239,ITA
Italy,ITA,PCM-DPC,Confirmed cases,Cori_step,2021-03-26,0.9308998893168761,0.9499844976384282,0.9118152809953239,ITA
Italy,ITA,PCM-DPC,Confirmed cases,Cori_step,2021-03-27,0.9308998893168761,0.9499844976384282,0.9118152809953239,ITA
Italy,ITA,PCM-DPC,Confirmed cases,Cori_step,2021-03-28,0.9308998893168761,0.9499844976384282,0.9118152809953239,ITA
Italy,ITA,PCM-DPC,Confirmed cases,Cori_step,2021-03-29,0.9308998893168761,0.9499844976384282,0.9118152809953239,ITA
Italy,ITA,PCM-DPC,Confirmed cases,Cori_step,2021-03-30,0.9308998893168761,0.9499844976384282,0.9118152809953239,ITA
Italy,ITA,PCM-DPC,Confirmed cases,Cori_step,2021-03-31,0.9308998893168761,0.9499844976384282,0.9118152809953239,ITA
Italy,ITA,PCM-DPC,Confirmed cases,Cori_step,2021-04-01,0.9308998893168761,0.9499844976384282,0.9118152809953239,ITA
Italy,ITA,PCM-DPC,Confirmed cases,Cori_step,2021-04-02,0.9308998893168761,0.9499844976384282,0.9118152809953239,ITA
Italy,ITA,PCM-DPC,Confirmed cases,Cori_step,2021-04-03,0.9689842807739848,1.0621790634172008,0.8757894981307688,ITA
Italy,ITA,PCM-DPC,Confirmed cases,Cori_step,2021-04-04,0.9689842807739848,1.0621790634172008,0.8757894981307688,ITA
Italy,ITA,PCM-DPC,Confirmed cases,Cori_step,2021-04-05,0.9689842807739848,1.0621790634172008,0.8757894981307688,ITA
Italy,ITA,PCM-DPC,Confirmed cases,Cori_step,2021-04-06,0.981881798034441,1.0901401199487892,0.8736234761200928,ITA
Italy,ITA,PCM-DPC,Confirmed cases,Cori_step,2021-04-07,0.9291486270239159,0.9652368245802184,0.8930604294676133,ITA
Italy,ITA,PCM-DPC,Confirmed cases,Cori_step,2021-04-08,0.9291486270239159,0.9652368245802184,0.8930604294676133,ITA
Italy,ITA,PCM-DPC,Confirmed cases,Cori_step,2021-04-09,0.9291486270239159,0.9652368245802184,0.8930604294676133,ITA
Italy,ITA,PCM-DPC,Confirmed cases,Cori_step,2021-04-10,0.9291486270239159,0.9652368245802184,0.8930604294676133,ITA
Italy,ITA,PCM-DPC,Confirmed cases,Cori_step,2021-04-11,0.9291486270239159,0.9652368245802184,0.8930604294676133,ITA
Italy,ITA,PCM-DPC,Confirmed cases,Cori_step,2021-04-12,0.9291486270239159,0.9652368245802184,0.8930604294676133,ITA
Italy,ITA,PCM-DPC,Confirmed cases,Cori_step,2021-04-13,0.9291486270239159,0.9652368245802184,0.8930604294676133,ITA
Italy,ITA,PCM-DPC,Confirmed cases,Cori_step,2021-04-14,0.9291486270239159,0.9652368245802184,0.8930604294676133,ITA
Italy,ITA,PCM-DPC,Confirmed cases,Cori_step,2021-04-15,0.9291486270239159,0.9652368245802184,0.8930604294676133,ITA
Italy,ITA,PCM-DPC,Confirmed cases,Cori_step,2021-04-16,0.9291486270239159,0.9652368245802184,0.8930604294676133,ITA
Italy,ITA,PCM-DPC,Confirmed cases,Cori_step,2021-04-17,0.9291486270239159,0.9652368245802184,0.8930604294676133,ITA
Italy,ITA,PCM-DPC,Confirmed cases,Cori_step,2021-04-18,0.9291486270239159,0.9652368245802184,0.8930604294676133,ITA
Italy,ITA,PCM-DPC,Confirmed cases,Cori_step,2021-04-19,0.9291486270239159,0.9652368245802184,0.8930604294676133,ITA
Italy,ITA,PCM-DPC,Confirmed cases,Cori_step,2021-04-20,0.9291486270239159,0.9652368245802184,0.8930604294676133,ITA
Italy,ITA,PCM-DPC,Confirmed cases,Cori_step,2021-04-21,0.9291486270239159,0.9652368245802184,0.8930604294676133,ITA
Italy,ITA,PCM-DPC,Confirmed cases,Cori_step,2021-04-22,0.9291486270239159,0.9652368245802184,0.8930604294676133,ITA
Italy,ITA,PCM-DPC,Confirmed cases,Cori_step,2021-04-23,0.9291486270239159,0.9652368245802184,0.8930604294676133,ITA
Italy,ITA,PCM-DPC,Confirmed cases,Cori_step,2021-04-24,0.9291486270239159,0.9652368245802184,0.8930604294676133,ITA
Italy,ITA,PCM-DPC,Confirmed cases,Cori_step,2021-04-25,0.9291486270239159,0.9652368245802184,0.8930604294676133,ITA
Italy,ITA,PCM-DPC,Confirmed cases,Cori_step,2021-04-26,0.8317317599822754,0.9187555031668367,0.7447080167977141,ITA
Italy,ITA,PCM-DPC,Confirmed cases,Cori_step,2021-04-27,0.8317317599822754,0.9187555031668367,0.7447080167977141,ITA
Italy,ITA,PCM-DPC,Confirmed cases,Cori_step,2021-04-28,0.8317317599822754,0.9187555031668367,0.7447080167977141,ITA
Italy,ITA,PCM-DPC,Confirmed cases,Cori_step,2021-04-29,0.8317317599822754,0.9187555031668367,0.7447080167977141,ITA
Italy,ITA,PCM-DPC,Confirmed cases,Cori_step,2021-04-30,0.8317317599822754,0.9187555031668367,0.7447080167977141,ITA
Italy,ITA,PCM-DPC,Confirmed cases,Cori_step,2021-05-01,0.7749824490804258,0.834267012496832,0.7156978856640196,ITA
Italy,ITA,PCM-DPC,Confirmed cases,Cori_step,2021-05-02,0.7749824490804258,0.834267012496832,0.7156978856640196,ITA
Italy,ITA,PCM-DPC,Confirmed cases,Cori_step,2021-05-03,0.7749824490804258,0.834267012496832,0.7156978856640196,ITA
Italy,ITA,PCM-DPC,Confirmed cases,Cori_step,2021-05-04,0.7749824490804258,0.834267012496832,0.7156978856640196,ITA
Italy,ITA,PCM-DPC,Confirmed cases,Cori_step,2021-05-05,0.7749824490804258,0.834267012496832,0.7156978856640196,ITA
Italy,ITA,PCM-DPC,Confirmed cases,Cori_step,2021-05-06,0.7749824490804258,0.834267012496832,0.7156978856640196,ITA
Italy,ITA,PCM-DPC,Confirmed cases,Cori_step,2021-05-07,0.7749824490804258,0.834267012496832,0.7156978856640196,ITA
Italy,ITA,PCM-DPC,Confirmed cases,Cori_step,2021-05-08,0.7749824490804258,0.834267012496832,0.7156978856640196,ITA
Italy,ITA,PCM-DPC,Confirmed cases,Cori_step,2021-05-09,0.7749824490804258,0.834267012496832,0.7156978856640196,ITA
Italy,ITA,PCM-DPC,Confirmed cases,Cori_step,2021-05-10,0.7797359755851526,0.8219887296092078,0.7374832215610975,ITA
Italy,ITA,PCM-DPC,Confirmed cases,Cori_step,2021-05-11,0.7797359755851526,0.8219887296092078,0.7374832215610975,ITA
Italy,ITA,PCM-DPC,Confirmed cases,Cori_step,2021-05-12,0.7797359755851526,0.8219887296092078,0.7374832215610975,ITA
Italy,ITA,PCM-DPC,Confirmed cases,Cori_step,2021-05-13,0.7797359755851526,0.8219887296092078,0.7374832215610975,ITA
Italy,ITA,PCM-DPC,Confirmed cases,Cori_step,2021-05-14,0.7797359755851526,0.8219887296092078,0.7374832215610975,ITA
Italy,ITA,PCM-DPC,Confirmed cases,Cori_step,2021-05-15,0.7797359755851526,0.8219887296092078,0.7374832215610975,ITA
Italy,ITA,PCM-DPC,Confirmed cases,Cori_step,2021-05-16,0.7797359755851526,0.8219887296092078,0.7374832215610975,ITA
Italy,ITA,PCM-DPC,Confirmed cases,Cori_step,2021-05-17,0.7797359755851526,0.8219887296092078,0.7374832215610975,ITA
Italy,ITA,PCM-DPC,Confirmed cases,Cori_step,2021-05-18,0.7797359755851526,0.8219887296092078,0.7374832215610975,ITA
Italy,ITA,PCM-DPC,Confirmed cases,Cori_step,2021-05-19,0.7797359755851526,0.8219887296092078,0.7374832215610975,ITA
Italy,ITA,PCM-DPC,Confirmed cases,Cori_step,2021-05-20,0.7797359755851526,0.8219887296092078,0.7374832215610975,ITA
Italy,ITA,PCM-DPC,Confirmed cases,Cori_step,2021-05-21,0.7797359755851526,0.8219887296092078,0.7374832215610975,ITA
Italy,ITA,PCM-DPC,Confirmed cases,Cori_step,2021-05-22,0.7797359755851526,0.8219887296092078,0.7374832215610975,ITA
Italy,ITA,PCM-DPC,Confirmed cases,Cori_step,2021-05-23,0.7797359755851526,0.8219887296092078,0.7374832215610975,ITA
Italy,ITA,PCM-DPC,Confirmed cases,Cori_step,2021-05-24,0.7814273945978476,0.8662755446976986,0.6965792444979966,ITA
Italy,ITA,PCM-DPC,Confirmed cases,Cori_step,2021-05-25,0.7814273945978476,0.8662755446976986,0.6965792444979966,ITA
Italy,ITA,PCM-DPC,Confirmed cases,Cori_step,2021-05-26,0.7814273945978476,0.8662755446976986,0.6965792444979966,ITA
Italy,ITA,PCM-DPC,Confirmed cases,Cori_step,2021-05-27,0.7856838932768075,0.8111740776258538,0.7601937089277613,ITA
Italy,ITA,PCM-DPC,Confirmed cases,Cori_step,2021-05-28,0.7856838932768075,0.8111740776258538,0.7601937089277613,ITA
Italy,ITA,PCM-DPC,Confirmed cases,Cori_step,2021-05-29,0.7856838932768075,0.8111740776258538,0.7601937089277613,ITA
Italy,ITA,PCM-DPC,Confirmed cases,Cori_step,2021-05-30,0.7856838932768075,0.8111740776258538,0.7601937089277613,ITA
Italy,ITA,PCM-DPC,Confirmed cases,Cori_step,2021-05-31,0.7856838932768075,0.8111740776258538,0.7601937089277613,ITA
Italy,ITA,PCM-DPC,Confirmed cases,Cori_step,2021-06-01,0.7856838932768075,0.8111740776258538,0.7601937089277613,ITA
Italy,ITA,PCM-DPC,Confirmed cases,Cori_step,2021-06-02,0.7856838932768075,0.8111740776258538,0.7601937089277613,ITA
Italy,ITA,PCM-DPC,Confirmed cases,Cori_step,2021-06-03,0.7856838932768075,0.8111740776258538,0.7601937089277613,ITA
Italy,ITA,PCM-DPC,Confirmed cases,Cori_step,2021-06-04,0.7856838932768075,0.8111740776258538,0.7601937089277613,ITA
Italy,ITA,PCM-DPC,Confirmed cases,Cori_step,2021-06-05,0.7856838932768075,0.8111740776258538,0.7601937089277613,ITA
Italy,ITA,PCM-DPC,Confirmed cases,Cori_step,2021-06-06,0.7856838932768075,0.8111740776258538,0.7601937089277613,ITA
Italy,ITA,PCM-DPC,Confirmed cases,Cori_step,2021-06-07,0.7856838932768075,0.8111740776258538,0.7601937089277613,ITA
Italy,ITA,PCM-DPC,Confirmed cases,Cori_step,2021-06-08,0.7856838932768075,0.8111740776258538,0.7601937089277613,ITA
Italy,ITA,PCM-DPC,Confirmed cases,Cori_step,2021-06-09,0.7856838932768075,0.8111740776258538,0.7601937089277613,ITA
Italy,ITA,PCM-DPC,Confirmed cases,Cori_step,2021-06-10,0.7856838932768075,0.8111740776258538,0.7601937089277613,ITA
Italy,ITA,PCM-DPC,Confirmed cases,Cori_step,2021-06-11,0.7856838932768075,0.8111740776258538,0.7601937089277613,ITA
Italy,ITA,PCM-DPC,Confirmed cases,Cori_step,2021-06-12,0.7856838932768075,0.8111740776258538,0.7601937089277613,ITA
Italy,ITA,PCM-DPC,Confirmed cases,Cori_step,2021-06-13,0.7856838932768075,0.8111740776258538,0.7601937089277613,ITA
Italy,ITA,PCM-DPC,Confirmed cases,Cori_step,2021-06-14,0.7856838932768075,0.8111740776258538,0.7601937089277613,ITA
Italy,ITA,PCM-DPC,Confirmed cases,Cori_step,2021-06-15,0.7856838932768075,0.8111740776258538,0.7601937089277613,ITA
Italy,ITA,PCM-DPC,Confirmed cases,Cori_step,2021-06-16,0.7856838932768075,0.8111740776258538,0.7601937089277613,ITA
Italy,ITA,PCM-DPC,Confirmed cases,Cori_step,2021-06-17,0.7856838932768075,0.8111740776258538,0.7601937089277613,ITA
Italy,ITA,PCM-DPC,Confirmed cases,Cori_step,2021-06-18,0.7856838932768075,0.8111740776258538,0.7601937089277613,ITA
Italy,ITA,PCM-DPC,Confirmed cases,Cori_step,2021-06-19,0.7856838932768075,0.8111740776258538,0.7601937089277613,ITA
Italy,ITA,PCM-DPC,Confirmed cases,Cori_step,2021-06-20,0.7856838932768075,0.8111740776258538,0.7601937089277613,ITA
Italy,ITA,PCM-DPC,Confirmed cases,Cori_step,2021-06-21,1.2477136473389707,1.3291831527388487,1.1662441419390928,ITA
Italy,ITA,PCM-DPC,Confirmed cases,Cori_step,2021-06-22,1.2477136473389707,1.3291831527388487,1.1662441419390928,ITA
Italy,ITA,PCM-DPC,Confirmed cases,Cori_step,2021-06-23,1.2477136473389707,1.3291831527388487,1.1662441419390928,ITA
Italy,ITA,PCM-DPC,Confirmed cases,Cori_step,2021-06-24,1.2477136473389707,1.3291831527388487,1.1662441419390928,ITA
Italy,ITA,PCM-DPC,Confirmed cases,Cori_step,2021-06-25,1.2477136473389707,1.3291831527388487,1.1662441419390928,ITA
Italy,ITA,PCM-DPC,Confirmed cases,Cori_step,2021-06-26,1.2477136473389707,1.3291831527388487,1.1662441419390928,ITA
Italy,ITA,PCM-DPC,Confirmed cases,Cori_step,2021-06-27,1.2477136473389707,1.3291831527388487,1.1662441419390928,ITA
Italy,ITA,PCM-DPC,Confirmed cases,Cori_step,2021-06-28,1.2477136473389707,1.3291831527388487,1.1662441419390928,ITA
Italy,ITA,PCM-DPC,Confirmed cases,Cori_step,2021-06-29,1.2477136473389707,1.3291831527388487,1.1662441419390928,ITA
Italy,ITA,PCM-DPC,Confirmed cases,Cori_step,2021-06-30,1.2477136473389707,1.3291831527388487,1.1662441419390928,ITA
Italy,ITA,PCM-DPC,Confirmed cases,Cori_step,2021-07-01,1.5621435393063678,1.6310755537479245,1.4932115248648112,ITA
Italy,ITA,PCM-DPC,Confirmed cases,Cori_step,2021-07-02,1.5621435393063678,1.6310755537479245,1.4932115248648112,ITA
Italy,ITA,PCM-DPC,Confirmed cases,Cori_step,2021-07-03,1.5621435393063678,1.6310755537479245,1.4932115248648112,ITA
Italy,ITA,PCM-DPC,Confirmed cases,Cori_step,2021-07-04,1.5621435393063678,1.6310755537479245,1.4932115248648112,ITA
Italy,ITA,PCM-DPC,Confirmed cases,Cori_step,2021-07-05,1.5621435393063678,1.6310755537479245,1.4932115248648112,ITA
Italy,ITA,PCM-DPC,Confirmed cases,Cori_step,2021-07-06,1.5621435393063678,1.6310755537479245,1.4932115248648112,ITA
Italy,ITA,PCM-DPC,Confirmed cases,Cori_step,2021-07-07,1.5621435393063678,1.6310755537479245,1.4932115248648112,ITA
Italy,ITA,PCM-DPC,Confirmed cases,Cori_step,2021-07-08,1.5621435393063678,1.6310755537479245,1.4932115248648112,ITA
Italy,ITA,PCM-DPC,Confirmed cases,Cori_step,2021-07-09,1.5621435393063678,1.6310755537479245,1.4932115248648112,ITA
Italy,ITA,PCM-DPC,Confirmed cases,Cori_step,2021-07-10,1.5621435393063678,1.6310755537479245,1.4932115248648112,ITA
Italy,ITA,PCM-DPC,Confirmed cases,Cori_step,2021-07-11,1.5621435393063678,1.6310755537479245,1.4932115248648112,ITA
Italy,ITA,PCM-DPC,Confirmed cases,Cori_step,2021-07-12,1.5621435393063678,1.6310755537479245,1.4932115248648112,ITA
Italy,ITA,PCM-DPC,Confirmed cases,Cori_step,2021-07-13,1.5621435393063678,1.6310755537479245,1.4932115248648112,ITA
Italy,ITA,PCM-DPC,Confirmed cases,Cori_step,2021-07-14,1.1211243740526238,1.1530116471049994,1.0892371010002482,ITA
Italy,ITA,PCM-DPC,Confirmed cases,Cori_step,2021-07-15,1.1211243740526238,1.1530116471049994,1.0892371010002482,ITA
Italy,ITA,PCM-DPC,Confirmed cases,Cori_step,2021-07-16,1.1211243740526238,1.1530116471049994,1.0892371010002482,ITA
Italy,ITA,PCM-DPC,Confirmed cases,Cori_step,2021-07-17,1.1211243740526238,1.1530116471049994,1.0892371010002482,ITA
Italy,ITA,PCM-DPC,Confirmed cases,Cori_step,2021-07-18,1.1211243740526238,1.1530116471049994,1.0892371010002482,ITA
Italy,ITA,PCM-DPC,Confirmed cases,Cori_step,2021-07-19,1.1211243740526238,1.1530116471049994,1.0892371010002482,ITA
Italy,ITA,PCM-DPC,Confirmed cases,Cori_step,2021-07-20,1.1211243740526238,1.1530116471049994,1.0892371010002482,ITA
Italy,ITA,PCM-DPC,Confirmed cases,Cori_step,2021-07-21,1.1211243740526238,1.1530116471049994,1.0892371010002482,ITA
Italy,ITA,PCM-DPC,Confirmed cases,Cori_step,2021-07-22,1.1211243740526238,1.1530116471049994,1.0892371010002482,ITA
Italy,ITA,PCM-DPC,Confirmed cases,Cori_step,2021-07-23,1.1211243740526238,1.1530116471049994,1.0892371010002482,ITA
Italy,ITA,PCM-DPC,Confirmed cases,Cori_step,2021-07-24,1.1211243740526238,1.1530116471049994,1.0892371010002482,ITA
Italy,ITA,PCM-DPC,Confirmed cases,Cori_step,2021-07-25,1.1211243740526238,1.1530116471049994,1.0892371010002482,ITA
Italy,ITA,PCM-DPC,Confirmed cases,Cori_step,2021-07-26,1.1211243740526238,1.1530116471049994,1.0892371010002482,ITA
Italy,ITA,PCM-DPC,Confirmed cases,Cori_step,2021-07-27,1.1211243740526238,1.1530116471049994,1.0892371010002482,ITA
Italy,ITA,PCM-DPC,Confirmed cases,Cori_step,2021-07-28,1.1211243740526238,1.1530116471049994,1.0892371010002482,ITA
Italy,ITA,PCM-DPC,Confirmed cases,Cori_step,2021-07-29,1.1211243740526238,1.1530116471049994,1.0892371010002482,ITA
Italy,ITA,PCM-DPC,Confirmed cases,Cori_step,2021-07-30,1.0267886663904466,1.0980203750976134,0.9555569576832799,ITA
Italy,ITA,PCM-DPC,Confirmed cases,Cori_step,2021-07-31,1.0267886663904466,1.0980203750976134,0.9555569576832799,ITA
Italy,ITA,PCM-DPC,Confirmed cases,Cori_step,2021-08-01,1.0267886663904466,1.0980203750976134,0.9555569576832799,ITA
Italy,ITA,PCM-DPC,Confirmed cases,Cori_step,2021-08-02,1.0267886663904466,1.0980203750976134,0.9555569576832799,ITA
Italy,ITA,PCM-DPC,Confirmed cases,Cori_step,2021-08-03,1.0267886663904466,1.0980203750976134,0.9555569576832799,ITA
Italy,ITA,PCM-DPC,Confirmed cases,Cori_step,2021-08-04,1.0267886663904466,1.0980203750976134,0.9555569576832799,ITA
Italy,ITA,PCM-DPC,Confirmed cases,Cori_step,2021-08-05,1.0267886663904466,1.0980203750976134,0.9555569576832799,ITA
Italy,ITA,PCM-DPC,Confirmed cases,Cori_step,2021-08-06,0.9707691795022284,0.9928914641758342,0.9486468948286226,ITA
Italy,ITA,PCM-DPC,Confirmed cases,Cori_step,2021-08-07,0.9707691795022284,0.9928914641758342,0.9486468948286226,ITA
Italy,ITA,PCM-DPC,Confirmed cases,Cori_step,2021-08-08,0.9707691795022284,0.9928914641758342,0.9486468948286226,ITA
Italy,ITA,PCM-DPC,Confirmed cases,Cori_step,2021-08-09,0.9707691795022284,0.9928914641758342,0.9486468948286226,ITA
Italy,ITA,PCM-DPC,Confirmed cases,Cori_step,2021-08-10,0.9707691795022284,0.9928914641758342,0.9486468948286226,ITA
Italy,ITA,PCM-DPC,Confirmed cases,Cori_step,2021-08-11,0.9707691795022284,0.9928914641758342,0.9486468948286226,ITA
Italy,ITA,PCM-DPC,Confirmed cases,Cori_step,2021-08-12,0.9707691795022284,0.9928914641758342,0.9486468948286226,ITA
Italy,ITA,PCM-DPC,Confirmed cases,Cori_step,2021-08-13,0.9707691795022284,0.9928914641758342,0.9486468948286226,ITA
Italy,ITA,PCM-DPC,Confirmed cases,Cori_step,2021-08-14,0.9707691795022284,0.9928914641758342,0.9486468948286226,ITA
Italy,ITA,PCM-DPC,Confirmed cases,Cori_step,2021-08-15,0.9707691795022284,0.9928914641758342,0.9486468948286226,ITA
Italy,ITA,PCM-DPC,Confirmed cases,Cori_step,2021-08-16,0.9707691795022284,0.9928914641758342,0.9486468948286226,ITA
Italy,ITA,PCM-DPC,Confirmed cases,Cori_step,2021-08-17,0.9707691795022284,0.9928914641758342,0.9486468948286226,ITA
Italy,ITA,PCM-DPC,Confirmed cases,Cori_step,2021-08-18,0.9707691795022284,0.9928914641758342,0.9486468948286226,ITA
Italy,ITA,PCM-DPC,Confirmed cases,Cori_step,2021-08-19,0.9707691795022284,0.9928914641758342,0.9486468948286226,ITA
Italy,ITA,PCM-DPC,Confirmed cases,Cori_step,2021-08-20,0.9707691795022284,0.9928914641758342,0.9486468948286226,ITA
Italy,ITA,PCM-DPC,Confirmed cases,Cori_step,2021-08-21,0.9707691795022284,0.9928914641758342,0.9486468948286226,ITA
Italy,ITA,PCM-DPC,Confirmed cases,Cori_step,2021-08-22,0.9707691795022284,0.9928914641758342,0.9486468948286226,ITA
Italy,ITA,PCM-DPC,Confirmed cases,Cori_step,2021-08-23,0.9707691795022284,0.9928914641758342,0.9486468948286226,ITA
Italy,ITA,PCM-DPC,Confirmed cases,Cori_step,2021-08-24,0.9707691795022284,0.9928914641758342,0.9486468948286226,ITA
Italy,ITA,PCM-DPC,Confirmed cases,Cori_step,2021-08-25,0.9707691795022284,0.9928914641758342,0.9486468948286226,ITA
Italy,ITA,PCM-DPC,Confirmed cases,Cori_step,2021-08-26,0.9707691795022284,0.9928914641758342,0.9486468948286226,ITA
Italy,ITA,PCM-DPC,Confirmed cases,Cori_step,2021-08-27,0.9707691795022284,0.9928914641758342,0.9486468948286226,ITA
Italy,ITA,PCM-DPC,Confirmed cases,Cori_step,2021-08-28,0.9707691795022284,0.9928914641758342,0.9486468948286226,ITA
Italy,ITA,PCM-DPC,Confirmed cases,Cori_step,2021-08-29,0.9707691795022284,0.9928914641758342,0.9486468948286226,ITA
Italy,ITA,PCM-DPC,Confirmed cases,Cori_step,2021-08-30,0.879512328052054,0.9471289198562048,0.8118957362479032,ITA
Italy,ITA,PCM-DPC,Confirmed cases,Cori_step,2021-08-31,0.879512328052054,0.9471289198562048,0.8118957362479032,ITA
Italy,ITA,PCM-DPC,Confirmed cases,Cori_step,2021-09-01,0.9099817536208124,0.9275551995138751,0.8924083077277496,ITA
Italy,ITA,PCM-DPC,Confirmed cases,Cori_step,2021-09-02,0.9099817536208124,0.9275551995138751,0.8924083077277496,ITA
Italy,ITA,PCM-DPC,Confirmed cases,Cori_step,2021-09-03,0.9099817536208124,0.9275551995138751,0.8924083077277496,ITA
Italy,ITA,PCM-DPC,Confirmed cases,Cori_step,2021-09-04,0.9099817536208124,0.9275551995138751,0.8924083077277496,ITA
Italy,ITA,PCM-DPC,Confirmed cases,Cori_step,2021-09-05,0.9099817536208124,0.9275551995138751,0.8924083077277496,ITA
Italy,ITA,PCM-DPC,Confirmed cases,Cori_step,2021-09-06,0.9099817536208124,0.9275551995138751,0.8924083077277496,ITA
Italy,ITA,PCM-DPC,Confirmed cases,Cori_step,2021-09-07,0.9099817536208124,0.9275551995138751,0.8924083077277496,ITA
Italy,ITA,PCM-DPC,Confirmed cases,Cori_step,2021-09-08,0.9099817536208124,0.9275551995138751,0.8924083077277496,ITA
Italy,ITA,PCM-DPC,Confirmed cases,Cori_step,2021-09-09,0.9099817536208124,0.9275551995138751,0.8924083077277496,ITA
Italy,ITA,PCM-DPC,Confirmed cases,Cori_step,2021-09-10,0.9099817536208124,0.9275551995138751,0.8924083077277496,ITA
Italy,ITA,PCM-DPC,Confirmed cases,Cori_step,2021-09-11,0.9099817536208124,0.9275551995138751,0.8924083077277496,ITA
Italy,ITA,PCM-DPC,Confirmed cases,Cori_step,2021-09-12,0.9099817536208124,0.9275551995138751,0.8924083077277496,ITA
Italy,ITA,PCM-DPC,Confirmed cases,Cori_step,2021-09-13,0.9099817536208124,0.9275551995138751,0.8924083077277496,ITA
Italy,ITA,PCM-DPC,Confirmed cases,Cori_step,2021-09-14,0.9099817536208124,0.9275551995138751,0.8924083077277496,ITA
Italy,ITA,PCM-DPC,Confirmed cases,Cori_step,2021-09-15,0.9099817536208124,0.9275551995138751,0.8924083077277496,ITA
Italy,ITA,PCM-DPC,Confirmed cases,Cori_step,2021-09-16,0.9099817536208124,0.9275551995138751,0.8924083077277496,ITA
Italy,ITA,PCM-DPC,Confirmed cases,Cori_step,2021-09-17,0.9099817536208124,0.9275551995138751,0.8924083077277496,ITA
Italy,ITA,PCM-DPC,Confirmed cases,Cori_step,2021-09-18,0.9099817536208124,0.9275551995138751,0.8924083077277496,ITA
Italy,ITA,PCM-DPC,Confirmed cases,Cori_step,2021-09-19,0.9099817536208124,0.9275551995138751,0.8924083077277496,ITA
Italy,ITA,PCM-DPC,Confirmed cases,Cori_step,2021-09-20,0.9099817536208124,0.9275551995138751,0.8924083077277496,ITA
Italy,ITA,PCM-DPC,Confirmed cases,Cori_step,2021-09-21,0.9099817536208124,0.9275551995138751,0.8924083077277496,ITA
Italy,ITA,PCM-DPC,Confirmed cases,Cori_step,2021-09-22,0.9099817536208124,0.9275551995138751,0.8924083077277496,ITA
Italy,ITA,PCM-DPC,Confirmed cases,Cori_step,2021-09-23,0.9099817536208124,0.9275551995138751,0.8924083077277496,ITA
Italy,ITA,PCM-DPC,Confirmed cases,Cori_step,2021-09-24,0.9099817536208124,0.9275551995138751,0.8924083077277496,ITA
Italy,ITA,PCM-DPC,Confirmed cases,Cori_step,2021-09-25,0.9099817536208124,0.9275551995138751,0.8924083077277496,ITA
Italy,ITA,PCM-DPC,Confirmed cases,Cori_step,2021-09-26,0.9099817536208124,0.9275551995138751,0.8924083077277496,ITA
Italy,ITA,PCM-DPC,Confirmed cases,Cori_step,2021-09-27,0.9099817536208124,0.9275551995138751,0.8924083077277496,ITA
Italy,ITA,PCM-DPC,Confirmed cases,Cori_step,2021-09-28,0.9099817536208124,0.9275551995138751,0.8924083077277496,ITA
Italy,ITA,PCM-DPC,Confirmed cases,Cori_step,2021-09-29,0.9099817536208124,0.9275551995138751,0.8924083077277496,ITA
Italy,ITA,PCM-DPC,Confirmed cases,Cori_step,2021-09-30,0.9099817536208124,0.9275551995138751,0.8924083077277496,ITA
Italy,ITA,PCM-DPC,Confirmed cases,Cori_step,2021-10-01,0.9099817536208124,0.9275551995138751,0.8924083077277496,ITA
Italy,ITA,PCM-DPC,Confirmed cases,Cori_step,2021-10-02,0.9099817536208124,0.9275551995138751,0.8924083077277496,ITA
Italy,ITA,PCM-DPC,Confirmed cases,Cori_step,2021-10-03,0.9099817536208124,0.9275551995138751,0.8924083077277496,ITA
Italy,ITA,PCM-DPC,Confirmed cases,Cori_step,2021-10-04,0.9099817536208124,0.9275551995138751,0.8924083077277496,ITA
Italy,ITA,PCM-DPC,Confirmed cases,Cori_step,2021-10-05,0.9099817536208124,0.9275551995138751,0.8924083077277496,ITA
Italy,ITA,PCM-DPC,Confirmed cases,Cori_step,2021-10-06,0.9099817536208124,0.9275551995138751,0.8924083077277496,ITA
Italy,ITA,PCM-DPC,Confirmed cases,Cori_step,2021-10-07,0.9099817536208124,0.9275551995138751,0.8924083077277496,ITA
Italy,ITA,PCM-DPC,Confirmed cases,Cori_step,2021-10-08,0.9099817536208124,0.9275551995138751,0.8924083077277496,ITA
Italy,ITA,PCM-DPC,Confirmed cases,Cori_step,2021-10-09,1.238143186097965,1.287038177732105,1.1892481944638251,ITA
Italy,ITA,PCM-DPC,Confirmed cases,Cori_step,2021-10-10,1.238143186097965,1.287038177732105,1.1892481944638251,ITA
Italy,ITA,PCM-DPC,Confirmed cases,Cori_step,2021-10-11,1.238143186097965,1.287038177732105,1.1892481944638251,ITA
Italy,ITA,PCM-DPC,Confirmed cases,Cori_step,2021-10-12,1.238143186097965,1.287038177732105,1.1892481944638251,ITA
Italy,ITA,PCM-DPC,Confirmed cases,Cori_step,2021-10-13,1.238143186097965,1.287038177732105,1.1892481944638251,ITA
Italy,ITA,PCM-DPC,Confirmed cases,Cori_step,2021-10-14,1.238143186097965,1.287038177732105,1.1892481944638251,ITA
Italy,ITA,PCM-DPC,Confirmed cases,Cori_step,2021-10-15,1.238143186097965,1.287038177732105,1.1892481944638251,ITA
Italy,ITA,PCM-DPC,Confirmed cases,Cori_step,2021-10-16,1.238143186097965,1.287038177732105,1.1892481944638251,ITA
Italy,ITA,PCM-DPC,Confirmed cases,Cori_step,2021-10-17,1.238143186097965,1.287038177732105,1.1892481944638251,ITA
Italy,ITA,PCM-DPC,Confirmed cases,Cori_step,2021-10-18,1.238143186097965,1.287038177732105,1.1892481944638251,ITA
Italy,ITA,PCM-DPC,Confirmed cases,Cori_step,2021-10-19,1.120275864194987,1.1879323499302965,1.0526193784596776,ITA
Italy,ITA,PCM-DPC,Confirmed cases,Cori_step,2021-10-20,1.120275864194987,1.1879323499302965,1.0526193784596776,ITA
Italy,ITA,PCM-DPC,Confirmed cases,Cori_step,2021-10-21,1.120275864194987,1.1879323499302965,1.0526193784596776,ITA
Italy,ITA,PCM-DPC,Confirmed cases,Cori_step,2021-10-22,1.120275864194987,1.1879323499302965,1.0526193784596776,ITA
Italy,ITA,PCM-DPC,Confirmed cases,Cori_step,2021-10-23,1.120275864194987,1.1879323499302965,1.0526193784596776,ITA
Italy,ITA,PCM-DPC,Confirmed cases,Cori_step,2021-10-24,1.120275864194987,1.1879323499302965,1.0526193784596776,ITA
Italy,ITA,PCM-DPC,Confirmed cases,Cori_step,2021-10-25,1.105009380446152,1.1145425642245945,1.0954761966677096,ITA
Italy,ITA,PCM-DPC,Confirmed cases,Cori_step,2021-10-26,1.105009380446152,1.1145425642245945,1.0954761966677096,ITA
Italy,ITA,PCM-DPC,Confirmed cases,Cori_step,2021-10-27,1.105009380446152,1.1145425642245945,1.0954761966677096,ITA
Italy,ITA,PCM-DPC,Confirmed cases,Cori_step,2021-10-28,1.105009380446152,1.1145425642245945,1.0954761966677096,ITA
Italy,ITA,PCM-DPC,Confirmed cases,Cori_step,2021-10-29,1.105009380446152,1.1145425642245945,1.0954761966677096,ITA
Italy,ITA,PCM-DPC,Confirmed cases,Cori_step,2021-10-30,1.105009380446152,1.1145425642245945,1.0954761966677096,ITA
Italy,ITA,PCM-DPC,Confirmed cases,Cori_step,2021-10-31,1.105009380446152,1.1145425642245945,1.0954761966677096,ITA
Italy,ITA,PCM-DPC,Confirmed cases,Cori_step,2021-11-01,1.105009380446152,1.1145425642245945,1.0954761966677096,ITA
Italy,ITA,PCM-DPC,Confirmed cases,Cori_step,2021-11-02,1.105009380446152,1.1145425642245945,1.0954761966677096,ITA
Italy,ITA,PCM-DPC,Confirmed cases,Cori_step,2021-11-03,1.105009380446152,1.1145425642245945,1.0954761966677096,ITA
Italy,ITA,PCM-DPC,Confirmed cases,Cori_step,2021-11-04,1.105009380446152,1.1145425642245945,1.0954761966677096,ITA
Italy,ITA,PCM-DPC,Confirmed cases,Cori_step,2021-11-05,1.105009380446152,1.1145425642245945,1.0954761966677096,ITA
Italy,ITA,PCM-DPC,Confirmed cases,Cori_step,2021-11-06,1.105009380446152,1.1145425642245945,1.0954761966677096,ITA
Italy,ITA,PCM-DPC,Confirmed cases,Cori_step,2021-11-07,1.105009380446152,1.1145425642245945,1.0954761966677096,ITA
Italy,ITA,PCM-DPC,Confirmed cases,Cori_step,2021-11-08,1.105009380446152,1.1145425642245945,1.0954761966677096,ITA
Italy,ITA,PCM-DPC,Confirmed cases,Cori_step,2021-11-09,1.105009380446152,1.1145425642245945,1.0954761966677096,ITA
Italy,ITA,PCM-DPC,Confirmed cases,Cori_step,2021-11-10,1.105009380446152,1.1145425642245945,1.0954761966677096,ITA
Italy,ITA,PCM-DPC,Confirmed cases,Cori_step,2021-11-11,1.105009380446152,1.1145425642245945,1.0954761966677096,ITA
Italy,ITA,PCM-DPC,Confirmed cases,Cori_step,2021-11-12,1.105009380446152,1.1145425642245945,1.0954761966677096,ITA
Italy,ITA,PCM-DPC,Confirmed cases,Cori_step,2021-11-13,1.105009380446152,1.1145425642245945,1.0954761966677096,ITA
Italy,ITA,PCM-DPC,Confirmed cases,Cori_step,2021-11-14,1.105009380446152,1.1145425642245945,1.0954761966677096,ITA
Italy,ITA,PCM-DPC,Confirmed cases,Cori_step,2021-11-15,1.105009380446152,1.1145425642245945,1.0954761966677096,ITA
Italy,ITA,PCM-DPC,Confirmed cases,Cori_step,2021-11-16,1.105009380446152,1.1145425642245945,1.0954761966677096,ITA
Italy,ITA,PCM-DPC,Confirmed cases,Cori_step,2021-11-17,1.105009380446152,1.1145425642245945,1.0954761966677096,ITA
Italy,ITA,PCM-DPC,Confirmed cases,Cori_step,2021-11-18,1.105009380446152,1.1145425642245945,1.0954761966677096,ITA
Italy,ITA,PCM-DPC,Confirmed cases,Cori_step,2021-11-19,1.105009380446152,1.1145425642245945,1.0954761966677096,ITA
Italy,ITA,PCM-DPC,Confirmed cases,Cori_step,2021-11-20,1.105009380446152,1.1145425642245945,1.0954761966677096,ITA
Italy,ITA,PCM-DPC,Confirmed cases,Cori_step,2021-11-21,1.105009380446152,1.1145425642245945,1.0954761966677096,ITA
Italy,ITA,PCM-DPC,Confirmed cases,Cori_step,2021-11-22,1.105009380446152,1.1145425642245945,1.0954761966677096,ITA
Italy,ITA,PCM-DPC,Confirmed cases,Cori_step,2021-11-23,1.105009380446152,1.1145425642245945,1.0954761966677096,ITA
Italy,ITA,PCM-DPC,Confirmed cases,Cori_step,2021-11-24,1.105009380446152,1.1145425642245945,1.0954761966677096,ITA
Italy,ITA,PCM-DPC,Confirmed cases,Cori_step,2021-11-25,1.105009380446152,1.1145425642245945,1.0954761966677096,ITA
Italy,ITA,PCM-DPC,Confirmed cases,Cori_step,2021-11-26,1.105009380446152,1.1145425642245945,1.0954761966677096,ITA
Italy,ITA,PCM-DPC,Confirmed cases,Cori_step,2021-11-27,1.105009380446152,1.1145425642245945,1.0954761966677096,ITA
Italy,ITA,PCM-DPC,Confirmed cases,Cori_step,2021-11-28,1.105009380446152,1.1145425642245945,1.0954761966677096,ITA
Italy,ITA,PCM-DPC,Confirmed cases,Cori_step,2021-11-29,1.105009380446152,1.1145425642245945,1.0954761966677096,ITA
Italy,ITA,PCM-DPC,Confirmed cases,Cori_step,2021-11-30,1.105009380446152,1.1145425642245945,1.0954761966677096,ITA
Italy,ITA,PCM-DPC,Confirmed cases,Cori_step,2021-12-01,1.105009380446152,1.1145425642245945,1.0954761966677096,ITA
Italy,ITA,PCM-DPC,Confirmed cases,Cori_step,2021-12-02,1.105009380446152,1.1145425642245945,1.0954761966677096,ITA
Italy,ITA,PCM-DPC,Confirmed cases,Cori_step,2021-12-03,1.105009380446152,1.1145425642245945,1.0954761966677096,ITA
Italy,ITA,PCM-DPC,Confirmed cases,Cori_step,2021-12-04,1.105009380446152,1.1145425642245945,1.0954761966677096,ITA
Italy,ITA,PCM-DPC,Confirmed cases,Cori_step,2021-12-05,1.105009380446152,1.1145425642245945,1.0954761966677096,ITA
Italy,ITA,PCM-DPC,Confirmed cases,Cori_step,2021-12-06,1.105009380446152,1.1145425642245945,1.0954761966677096,ITA
Italy,ITA,PCM-DPC,Confirmed cases,Cori_step,2021-12-07,1.105009380446152,1.1145425642245945,1.0954761966677096,ITA
Italy,ITA,PCM-DPC,Confirmed cases,Cori_step,2021-12-08,1.105009380446152,1.1145425642245945,1.0954761966677096,ITA
Italy,ITA,PCM-DPC,Confirmed cases,Cori_step,2021-12-09,1.105009380446152,1.1145425642245945,1.0954761966677096,ITA
Italy,ITA,PCM-DPC,Confirmed cases,Cori_step,2021-12-10,1.105009380446152,1.1145425642245945,1.0954761966677096,ITA
Italy,ITA,PCM-DPC,Confirmed cases,Cori_step,2021-12-11,1.105009380446152,1.1145425642245945,1.0954761966677096,ITA
Italy,ITA,PCM-DPC,Confirmed cases,Cori_step,2021-12-12,1.105009380446152,1.1145425642245945,1.0954761966677096,ITA
Italy,ITA,PCM-DPC,Confirmed cases,Cori_step,2021-12-13,1.105009380446152,1.1145425642245945,1.0954761966677096,ITA
Italy,ITA,PCM-DPC,Confirmed cases,Cori_step,2021-12-14,1.105009380446152,1.1145425642245945,1.0954761966677096,ITA
Italy,ITA,PCM-DPC,Confirmed cases,Cori_step,2021-12-15,1.105009380446152,1.1145425642245945,1.0954761966677096,ITA
Italy,ITA,PCM-DPC,Confirmed cases,Cori_step,2021-12-16,1.105009380446152,1.1145425642245945,1.0954761966677096,ITA
Italy,ITA,PCM-DPC,Confirmed cases,Cori_step,2021-12-17,1.105009380446152,1.1145425642245945,1.0954761966677096,ITA
Italy,ITA,PCM-DPC,Confirmed cases,Cori_step,2021-12-18,1.105009380446152,1.1145425642245945,1.0954761966677096,ITA
Italy,ITA,PCM-DPC,Confirmed cases,Cori_step,2021-12-19,1.105009380446152,1.1145425642245945,1.0954761966677096,ITA
Italy,ITA,PCM-DPC,Confirmed cases,Cori_step,2021-12-20,1.105009380446152,1.1145425642245945,1.0954761966677096,ITA
Italy,ITA,PCM-DPC,Confirmed cases,Cori_step,2021-12-21,1.105009380446152,1.1145425642245945,1.0954761966677096,ITA
Italy,ITA,PCM-DPC,Confirmed cases,Cori_step,2021-12-22,1.105009380446152,1.1145425642245945,1.0954761966677096,ITA
Italy,ITA,PCM-DPC,Confirmed cases,Cori_step,2021-12-23,1.105009380446152,1.1145425642245945,1.0954761966677096,ITA
Italy,ITA,PCM-DPC,Confirmed cases,Cori_step,2021-12-24,1.105009380446152,1.1145425642245945,1.0954761966677096,ITA
Italy,ITA,PCM-DPC,Confirmed cases,Cori_step,2021-12-25,1.105009380446152,1.1145425642245945,1.0954761966677096,ITA
Italy,ITA,PCM-DPC,Confirmed cases,Cori_step,2021-12-26,1.105009380446152,1.1145425642245945,1.0954761966677096,ITA
Italy,ITA,PCM-DPC,Confirmed cases,Cori_step,2021-12-27,1.105009380446152,1.1145425642245945,1.0954761966677096,ITA
Italy,ITA,PCM-DPC,Confirmed cases,Cori_step,2021-12-28,1.105009380446152,1.1145425642245945,1.0954761966677096,ITA
Italy,ITA,PCM-DPC,Confirmed cases,Cori_step,2021-12-29,1.105009380446152,1.1145425642245945,1.0954761966677096,ITA
Italy,ITA,PCM-DPC,Confirmed cases,Cori_step,2021-12-30,1.105009380446152,1.1145425642245945,1.0954761966677096,ITA
Italy,ITA,PCM-DPC,Confirmed cases,Cori_step,2021-12-31,1.105009380446152,1.1145425642245945,1.0954761966677096,ITA
Italy,ITA,PCM-DPC,Deaths,Cori_slidingWindow,2020-02-27,2.3165474472848597,3.180389283202671,1.4527056113670482,ITA
Italy,ITA,PCM-DPC,Deaths,Cori_slidingWindow,2020-02-28,2.147371043158439,2.9657142808321195,1.329027805484759,ITA
Italy,ITA,PCM-DPC,Deaths,Cori_slidingWindow,2020-02-29,2.0056813744044377,2.734247817268702,1.2771149315401735,ITA
Italy,ITA,PCM-DPC,Deaths,Cori_slidingWindow,2020-03-01,1.8883002409940361,2.5375407524426215,1.2390597295454508,ITA
Italy,ITA,PCM-DPC,Deaths,Cori_slidingWindow,2020-03-02,1.790191555587285,2.358249211807177,1.2221338993673927,ITA
Italy,ITA,PCM-DPC,Deaths,Cori_slidingWindow,2020-03-03,1.7026291013517358,2.169623696205055,1.2356345064984167,ITA
Italy,ITA,PCM-DPC,Deaths,Cori_slidingWindow,2020-03-04,1.619650659291381,1.9663875521351262,1.272913766447636,ITA
Italy,ITA,PCM-DPC,Deaths,Cori_slidingWindow,2020-03-05,1.5395286161112347,1.7717868508329744,1.307270381389495,ITA
Italy,ITA,PCM-DPC,Deaths,Cori_slidingWindow,2020-03-06,1.461368068515399,1.6552802105993247,1.267455926431473,ITA
Italy,ITA,PCM-DPC,Deaths,Cori_slidingWindow,2020-03-07,1.385405636364925,1.728830444640307,1.0419808280895428,ITA
Italy,ITA,PCM-DPC,Deaths,Cori_slidingWindow,2020-03-08,1.312132847388227,1.9342269005105925,0.6900387942658616,ITA
Italy,ITA,PCM-DPC,Deaths,Cori_slidingWindow,2020-03-09,1.2420132836260953,2.1297173266301455,0.3543092406220453,ITA
Italy,ITA,PCM-DPC,Deaths,Cori_slidingWindow,2020-03-10,1.175477756724279,2.133283334515725,0.21767217893283297,ITA
Italy,ITA,PCM-DPC,Deaths,Cori_slidingWindow,2020-03-11,1.1135289486003122,1.8894681543444531,0.33758974285617127,ITA
Italy,ITA,PCM-DPC,Deaths,Cori_slidingWindow,2020-03-12,1.0579825810665642,1.5496122840923499,0.5663528780407785,ITA
Italy,ITA,PCM-DPC,Deaths,Cori_slidingWindow,2020-03-13,1.0092248126647585,1.2712242210171039,0.7472254043124131,ITA
Italy,ITA,PCM-DPC,Deaths,Cori_slidingWindow,2020-03-14,0.9652381589410195,1.136144988901205,0.7943313289808341,ITA
Italy,ITA,PCM-DPC,Deaths,Cori_slidingWindow,2020-03-15,0.9244558184444485,1.1077271406626683,0.7411844962262286,ITA
Italy,ITA,PCM-DPC,Deaths,Cori_slidingWindow,2020-03-16,0.8880374678922203,1.091676222286409,0.6843987134980315,ITA
Italy,ITA,PCM-DPC,Deaths,Cori_slidingWindow,2020-03-17,0.8585325064986261,1.075834079418836,0.6412309335784163,ITA
Italy,ITA,PCM-DPC,Deaths,Cori_slidingWindow,2020-03-18,0.8366602895394594,1.0812191026694098,0.5921014764095088,ITA
Italy,ITA,PCM-DPC,Deaths,Cori_slidingWindow,2020-03-19,0.8211842309356646,1.1122920034628088,0.5300764584085205,ITA
Italy,ITA,PCM-DPC,Deaths,Cori_slidingWindow,2020-03-20,0.8120270550559333,1.146138798654213,0.47791531145765354,ITA
Italy,ITA,PCM-DPC,Deaths,Cori_slidingWindow,2020-03-21,0.8098784773485206,1.1684730353896096,0.4512839193074315,ITA
Italy,ITA,PCM-DPC,Deaths,Cori_slidingWindow,2020-03-22,0.814494083028967,1.1826759408663734,0.44631222519156066,ITA
Italy,ITA,PCM-DPC,Deaths,Cori_slidingWindow,2020-03-23,0.8239607663265555,1.187714385749308,0.460207146903803,ITA
Italy,ITA,PCM-DPC,Deaths,Cori_slidingWindow,2020-03-24,0.8361288521325098,1.178855042558836,0.4934026617061835,ITA
Italy,ITA,PCM-DPC,Deaths,Cori_slidingWindow,2020-03-25,0.8497130683904949,1.1683413187592553,0.5310848180217345,ITA
Italy,ITA,PCM-DPC,Deaths,Cori_slidingWindow,2020-03-26,0.8637854511281045,1.1843330844467719,0.543237817809437,ITA
Italy,ITA,PCM-DPC,Deaths,Cori_slidingWindow,2020-03-27,0.8768050446836418,1.2113892054893092,0.5422208838779745,ITA
Italy,ITA,PCM-DPC,Deaths,Cori_slidingWindow,2020-03-28,0.8873204903260905,1.212489171618355,0.562151809033826,ITA
Italy,ITA,PCM-DPC,Deaths,Cori_slidingWindow,2020-03-29,0.8946662276133377,1.434797101860144,0.3545353533665313,ITA
Italy,ITA,PCM-DPC,Deaths,Cori_slidingWindow,2020-03-30,0.8987048679509303,2.575294429084808,0,ITA
Italy,ITA,PCM-DPC,Deaths,Cori_slidingWindow,2020-03-31,0.8989337255539798,3.5491446247403617,0,ITA
Italy,ITA,PCM-DPC,Deaths,Cori_slidingWindow,2020-04-01,0.8946159500882309,3.2094279060516016,0,ITA
Italy,ITA,PCM-DPC,Deaths,Cori_slidingWindow,2020-04-02,0.8857024119596947,2.4661029684208704,0,ITA
Italy,ITA,PCM-DPC,Deaths,Cori_slidingWindow,2020-04-03,0.8732194572854495,1.8895272580970908,0,ITA
Italy,ITA,PCM-DPC,Deaths,Cori_slidingWindow,2020-04-04,0.8589079395013502,1.5431743168127032,0.17464156218999738,ITA
Italy,ITA,PCM-DPC,Deaths,Cori_slidingWindow,2020-04-05,0.8451688713837359,1.3655183422093011,0.3248194005581706,ITA
Italy,ITA,PCM-DPC,Deaths,Cori_slidingWindow,2020-04-06,0.8338855705986222,1.2779872834213886,0.389783857775856,ITA
Italy,ITA,PCM-DPC,Deaths,Cori_slidingWindow,2020-04-07,0.8256834551636936,1.222602802845517,0.42876410748187016,ITA
Italy,ITA,PCM-DPC,Deaths,Cori_slidingWindow,2020-04-08,0.8191020869125973,1.180595684881344,0.45760848894385087,ITA
Italy,ITA,PCM-DPC,Deaths,Cori_slidingWindow,2020-04-09,0.8122432872013012,1.1536518025770373,0.4708347718255652,ITA
Italy,ITA,PCM-DPC,Deaths,Cori_slidingWindow,2020-04-10,0.8052403872285296,1.1296092851743702,0.4808714892826892,ITA
Italy,ITA,PCM-DPC,Deaths,Cori_slidingWindow,2020-04-11,0.8002699285309662,1.1081960370499484,0.4923438200119841,ITA
Italy,ITA,PCM-DPC,Deaths,Cori_slidingWindow,2020-04-12,0.7994204336990102,1.1151114184514201,0.48372944894660025,ITA
Italy,ITA,PCM-DPC,Deaths,Cori_slidingWindow,2020-04-13,0.8023800633843607,1.1622591886601068,0.44250093810861474,ITA
Italy,ITA,PCM-DPC,Deaths,Cori_slidingWindow,2020-04-14,0.8073043497159376,1.2239515894597397,0.3906571099721355,ITA
Italy,ITA,PCM-DPC,Deaths,Cori_slidingWindow,2020-04-15,0.812092716272606,1.2714083243178886,0.35277710822732344,ITA
Italy,ITA,PCM-DPC,Deaths,Cori_slidingWindow,2020-04-16,0.8155643498282871,1.2933818589698114,0.33774684068676286,ITA
Italy,ITA,PCM-DPC,Deaths,Cori_slidingWindow,2020-04-17,0.8171948122045117,1.2846503284270674,0.34973929598195597,ITA
Italy,ITA,PCM-DPC,Deaths,Cori_slidingWindow,2020-04-18,0.8173313600334687,1.2551919880786813,0.37947073198825615,ITA
Italy,ITA,PCM-DPC,Deaths,Cori_slidingWindow,2020-04-19,0.8177040725593853,1.2342191195776255,0.40118902554114494,ITA
Italy,ITA,PCM-DPC,Deaths,Cori_slidingWindow,2020-04-20,0.8201849336278147,1.2431434464385216,0.39722642081710785,ITA
Italy,ITA,PCM-DPC,Deaths,Cori_slidingWindow,2020-04-21,0.8253238775020981,1.270359755938443,0.38028799906575333,ITA
Italy,ITA,PCM-DPC,Deaths,Cori_slidingWindow,2020-04-22,0.8313205533787978,1.2823930347115096,0.38024807204608624,ITA
Italy,ITA,PCM-DPC,Deaths,Cori_slidingWindow,2020-04-23,0.8342636829514043,1.2632101356678922,0.40531723023491645,ITA
Italy,ITA,PCM-DPC,Deaths,Cori_slidingWindow,2020-04-24,0.831860919739648,1.2990884584764286,0.36463338100286746,ITA
Italy,ITA,PCM-DPC,Deaths,Cori_slidingWindow,2020-04-25,0.8259724858610354,1.6356251959528745,0.01631977576919641,ITA
Italy,ITA,PCM-DPC,Deaths,Cori_slidingWindow,2020-04-26,0.8213962648335845,2.106166551506915,0,ITA
Italy,ITA,PCM-DPC,Deaths,Cori_slidingWindow,2020-04-27,0.8202896912645155,2.2719263636611204,0,ITA
Italy,ITA,PCM-DPC,Deaths,Cori_slidingWindow,2020-04-28,0.8202625552150308,2.0728974616927713,0,ITA
Italy,ITA,PCM-DPC,Deaths,Cori_slidingWindow,2020-04-29,0.8162733971037043,1.7103338518880657,0,ITA
Italy,ITA,PCM-DPC,Deaths,Cori_slidingWindow,2020-04-30,0.8058022074682724,1.3724065946056854,0.23919782033085946,ITA
Italy,ITA,PCM-DPC,Deaths,Cori_slidingWindow,2020-05-01,0.7895075662460986,1.1304940041523377,0.44852112833985963,ITA
Italy,ITA,PCM-DPC,Deaths,Cori_slidingWindow,2020-05-02,0.7700871957271491,0.9951307941150107,0.5450435973392875,ITA
Italy,ITA,PCM-DPC,Deaths,Cori_slidingWindow,2020-05-03,0.7516746303430923,0.9512246457192529,0.5521246149669318,ITA
Italy,ITA,PCM-DPC,Deaths,Cori_slidingWindow,2020-05-04,0.7379620311590653,0.953214749419044,0.5227093128990866,ITA
Italy,ITA,PCM-DPC,Deaths,Cori_slidingWindow,2020-05-05,0.7314591113065301,0.9700708888307082,0.4928473337823519,ITA
Italy,ITA,PCM-DPC,Deaths,Cori_slidingWindow,2020-05-06,0.7311869248005092,0.9945848942307729,0.4677889553702455,ITA
Italy,ITA,PCM-DPC,Deaths,Cori_slidingWindow,2020-05-07,0.7330771039284683,1.0208727797228967,0.4452814281340399,ITA
Italy,ITA,PCM-DPC,Deaths,Cori_slidingWindow,2020-05-08,0.7348732766942571,1.036444361056431,0.4333021923320832,ITA
Italy,ITA,PCM-DPC,Deaths,Cori_slidingWindow,2020-05-09,0.7383423555992983,1.040846327186891,0.43583838401170544,ITA
Italy,ITA,PCM-DPC,Deaths,Cori_slidingWindow,2020-05-10,0.748029584840539,1.0510473784056895,0.4450117912753885,ITA
Italy,ITA,PCM-DPC,Deaths,Cori_slidingWindow,2020-05-11,0.7661500896763013,1.0781819485206903,0.45411823083191233,ITA
Italy,ITA,PCM-DPC,Deaths,Cori_slidingWindow,2020-05-12,0.7911186715247294,1.1155759851968154,0.4666613578526434,ITA
Italy,ITA,PCM-DPC,Deaths,Cori_slidingWindow,2020-05-13,0.8189614473064427,1.1475170673612984,0.4904058272515871,ITA
Italy,ITA,PCM-DPC,Deaths,Cori_slidingWindow,2020-05-14,0.8461957794804933,1.1647268990218629,0.5276646599391237,ITA
Italy,ITA,PCM-DPC,Deaths,Cori_slidingWindow,2020-05-15,0.8702209459579127,1.1607870144671886,0.5796548774486368,ITA
Italy,ITA,PCM-DPC,Deaths,Cori_slidingWindow,2020-05-16,0.8902551579998174,1.132164112948091,0.6483462030515437,ITA
Italy,ITA,PCM-DPC,Deaths,Cori_slidingWindow,2020-05-17,0.9064138959256381,1.1287845779596821,0.6840432138915942,ITA
Italy,ITA,PCM-DPC,Deaths,Cori_slidingWindow,2020-05-18,0.9182768382536741,1.3471708172723498,0.4893828592349984,ITA
Italy,ITA,PCM-DPC,Deaths,Cori_slidingWindow,2020-05-19,0.9251570374396612,1.6754837387813204,0.17483033609800203,ITA
Italy,ITA,PCM-DPC,Deaths,Cori_slidingWindow,2020-05-20,0.9271199435884732,1.8278821129702305,0.02635777420671581,ITA
Italy,ITA,PCM-DPC,Deaths,Cori_slidingWindow,2020-05-21,0.9245665588753399,1.7563723086708571,0.09276080907982276,ITA
Italy,ITA,PCM-DPC,Deaths,Cori_slidingWindow,2020-05-22,0.9168117340726357,1.582011552158296,0.2516119159869753,ITA
Italy,ITA,PCM-DPC,Deaths,Cori_slidingWindow,2020-05-23,0.9025323022111048,1.3981237916178655,0.40694081280434413,ITA
Italy,ITA,PCM-DPC,Deaths,Cori_slidingWindow,2020-05-24,0.8831546027634929,1.241279509624114,0.5250296959028717,ITA
Italy,ITA,PCM-DPC,Deaths,Cori_slidingWindow,2020-05-25,0.862875153700086,1.1201023942561408,0.6056479131440314,ITA
Italy,ITA,PCM-DPC,Deaths,Cori_slidingWindow,2020-05-26,0.8450183229241535,1.036674664968236,0.653361980880071,ITA
Italy,ITA,PCM-DPC,Deaths,Cori_slidingWindow,2020-05-27,0.8288671801258518,0.9941702010476686,0.663564159204035,ITA
Italy,ITA,PCM-DPC,Deaths,Cori_slidingWindow,2020-05-28,0.809009118929537,0.9825691202011975,0.6354491176578765,ITA
Italy,ITA,PCM-DPC,Deaths,Cori_slidingWindow,2020-05-29,0.7819063527437542,0.973082695735513,0.5907300097519954,ITA
Italy,ITA,PCM-DPC,Deaths,Cori_slidingWindow,2020-05-30,0.7494942447965312,0.9527468474206393,0.546241642172423,ITA
Italy,ITA,PCM-DPC,Deaths,Cori_slidingWindow,2020-05-31,0.7189636890092856,0.9305330172675319,0.5073943607510394,ITA
Italy,ITA,PCM-DPC,Deaths,Cori_slidingWindow,2020-06-01,0.6955814621693464,0.9132112642993907,0.477951660039302,ITA
Italy,ITA,PCM-DPC,Deaths,Cori_slidingWindow,2020-06-02,0.6789548317689605,0.8979362117769217,0.45997345176099935,ITA
Italy,ITA,PCM-DPC,Deaths,Cori_slidingWindow,2020-06-03,0.6641106453839685,0.8798980248089319,0.44832326595900507,ITA
Italy,ITA,PCM-DPC,Deaths,Cori_slidingWindow,2020-06-04,0.6492575378122896,0.8619319038039274,0.43658317182065176,ITA
Italy,ITA,PCM-DPC,Deaths,Cori_slidingWindow,2020-06-05,0.636763794853982,0.8455240377748514,0.4280035519331126,ITA
Italy,ITA,PCM-DPC,Deaths,Cori_slidingWindow,2020-06-06,0.6298385019728291,0.8318903266813794,0.42778667726427877,ITA
Italy,ITA,PCM-DPC,Deaths,Cori_slidingWindow,2020-06-07,0.6289027072159653,0.8237001931009171,0.4341052213310135,ITA
Italy,ITA,PCM-DPC,Deaths,Cori_slidingWindow,2020-06-08,0.6330180945762425,0.8220356845331881,0.44400050461929685,ITA
Italy,ITA,PCM-DPC,Deaths,Cori_slidingWindow,2020-06-09,0.6449641250176618,0.8382068435041875,0.46234935349062345,ITA
Italy,ITA,PCM-DPC,Deaths,Cori_slidingWindow,2020-06-10,0.6706469714727662,0.8771794522051425,0.4915161541092275,ITA
Italy,ITA,PCM-DPC,Deaths,Cori_slidingWindow,2020-06-11,0.7117456428297919,0.934317929829665,0.519103093619793,ITA
Italy,ITA,PCM-DPC,Deaths,Cori_slidingWindow,2020-06-12,0.7630644576691143,1.0033578344829714,0.5552824888510927,ITA
Italy,ITA,PCM-DPC,Deaths,Cori_slidingWindow,2020-06-13,0.8149026342252988,1.0725720649510466,0.5922208409944861,ITA
Italy,ITA,PCM-DPC,Deaths,Cori_slidingWindow,2020-06-14,0.8592607429286938,1.1321060556969722,0.6050886397713131,ITA
Italy,ITA,PCM-DPC,Deaths,Cori_slidingWindow,2020-06-15,0.8931934659506665,1.216015538784195,0.5703713931171379,ITA
Italy,ITA,PCM-DPC,Deaths,Cori_slidingWindow,2020-06-16,0.9146456325899235,1.2996422441342643,0.5296490210455826,ITA
Italy,ITA,PCM-DPC,Deaths,Cori_slidingWindow,2020-06-17,0.9219299638012264,1.3446438657682789,0.49921606183417383,ITA
Italy,ITA,PCM-DPC,Deaths,Cori_slidingWindow,2020-06-18,0.918079187729055,1.344176821118481,0.49198155433962887,ITA
Italy,ITA,PCM-DPC,Deaths,Cori_slidingWindow,2020-06-19,0.9104673498454565,1.304405892134144,0.5165288075567692,ITA
Italy,ITA,PCM-DPC,Deaths,Cori_slidingWindow,2020-06-20,0.9056057989694328,1.2475382533622905,0.5636733445765751,ITA
Italy,ITA,PCM-DPC,Deaths,Cori_slidingWindow,2020-06-21,0.905394711906605,1.213484248681173,0.6087431196256878,ITA
Italy,ITA,PCM-DPC,Deaths,Cori_slidingWindow,2020-06-22,0.9083817899451774,1.220228941122715,0.6339571567577598,ITA
Italy,ITA,PCM-DPC,Deaths,Cori_slidingWindow,2020-06-23,0.9140848434688712,1.2302721168044197,0.6371300156979918,ITA
Italy,ITA,PCM-DPC,Deaths,Cori_slidingWindow,2020-06-24,0.9221319299587805,1.2430378517299097,0.6200286325808986,ITA
Italy,ITA,PCM-DPC,Deaths,Cori_slidingWindow,2020-06-25,0.928228463870252,1.2588655752134745,0.5975913525270296,ITA
Italy,ITA,PCM-DPC,Deaths,Cori_slidingWindow,2020-06-26,0.9282422674396669,1.2612798679472097,0.595204666932124,ITA
Italy,ITA,PCM-DPC,Deaths,Cori_slidingWindow,2020-06-27,0.923366743301744,1.2536198612868443,0.6153366562722127,ITA
Italy,ITA,PCM-DPC,Deaths,Cori_slidingWindow,2020-06-28,0.9183831627625993,1.2505414816151281,0.6369197317337605,ITA
Italy,ITA,PCM-DPC,Deaths,Cori_slidingWindow,2020-06-29,0.9138411832242286,1.2480829985069943,0.6311077818127678,ITA
Italy,ITA,PCM-DPC,Deaths,Cori_slidingWindow,2020-06-30,0.9035877405588861,1.2391380434968198,0.6204281724334538,ITA
Italy,ITA,PCM-DPC,Deaths,Cori_slidingWindow,2020-07-01,0.8801519277401072,1.2149084704886486,0.5987465061089552,ITA
Italy,ITA,PCM-DPC,Deaths,Cori_slidingWindow,2020-07-02,0.844734137509465,1.1767875890344324,0.5671149876039158,ITA
Italy,ITA,PCM-DPC,Deaths,Cori_slidingWindow,2020-07-03,0.8045047077118834,1.1334475226444134,0.5313255804093532,ITA
Italy,ITA,PCM-DPC,Deaths,Cori_slidingWindow,2020-07-04,0.7672092288903856,1.0944955912726628,0.4974354330153558,ITA
Italy,ITA,PCM-DPC,Deaths,Cori_slidingWindow,2020-07-05,0.7377204655437246,1.0661875959742826,0.4690913784430349,ITA
Italy,ITA,PCM-DPC,Deaths,Cori_slidingWindow,2020-07-06,0.7180129358490502,1.0512036316017128,0.44765885379918624,ITA
Italy,ITA,PCM-DPC,Deaths,Cori_slidingWindow,2020-07-07,0.7103290033267293,1.0524087812364973,0.4347848290100465,ITA
Italy,ITA,PCM-DPC,Deaths,Cori_slidingWindow,2020-07-08,0.7147775385329771,1.0699544648169395,0.4304994466375822,ITA
Italy,ITA,PCM-DPC,Deaths,Cori_slidingWindow,2020-07-09,0.7280379553748565,1.099593983580604,0.43230129035781795,ITA
Italy,ITA,PCM-DPC,Deaths,Cori_slidingWindow,2020-07-10,0.7485027280814853,1.138956829594087,0.4391698976597705,ITA
Italy,ITA,PCM-DPC,Deaths,Cori_slidingWindow,2020-07-11,0.7791032935557062,1.1911962339751492,0.45360563125629777,ITA
Italy,ITA,PCM-DPC,Deaths,Cori_slidingWindow,2020-07-12,0.8222214999293941,1.2587669787788434,0.47769354509013284,ITA
Italy,ITA,PCM-DPC,Deaths,Cori_slidingWindow,2020-07-13,0.8731154196152054,1.3351015341389745,0.5082376454080939,ITA
Italy,ITA,PCM-DPC,Deaths,Cori_slidingWindow,2020-07-14,0.9218645092091727,1.4069741744037563,0.5382664454557773,ITA
Italy,ITA,PCM-DPC,Deaths,Cori_slidingWindow,2020-07-15,0.9616016774659055,1.4650278301516575,0.5630772674327806,ITA
Italy,ITA,PCM-DPC,Deaths,Cori_slidingWindow,2020-07-16,0.9952001778030639,1.5124759438939448,0.5850771356368345,ITA
Italy,ITA,PCM-DPC,Deaths,Cori_slidingWindow,2020-07-17,1.027528914878886,1.555578441812052,0.607848659614973,ITA
Italy,ITA,PCM-DPC,Deaths,Cori_slidingWindow,2020-07-18,1.0607488709178834,1.597414607532098,0.6328128156079209,ITA
Italy,ITA,PCM-DPC,Deaths,Cori_slidingWindow,2020-07-19,1.1284771121568458,1.679342761685116,0.6859673567558726,ITA
Italy,ITA,PCM-DPC,Deaths,Cori_slidingWindow,2020-07-20,1.2877356570067877,1.8693510718399777,0.8133533646880333,ITA
Italy,ITA,PCM-DPC,Deaths,Cori_slidingWindow,2020-07-21,1.5695618261181297,2.1986801362662924,1.0453050996238444,ITA
Italy,ITA,PCM-DPC,Deaths,Cori_slidingWindow,2020-07-22,1.9228788881568395,2.5964639003783017,1.349296297932894,ITA
Italy,ITA,PCM-DPC,Deaths,Cori_slidingWindow,2020-07-23,2.171927513746639,2.8514970017130157,1.5837858384657095,ITA
Italy,ITA,PCM-DPC,Deaths,Cori_slidingWindow,2020-07-24,2.1907403269387666,2.824497727928432,1.6365530671777646,ITA
Italy,ITA,PCM-DPC,Deaths,Cori_slidingWindow,2020-07-25,2.0396411811303765,2.598711992312932,1.5474829144794333,ITA
Italy,ITA,PCM-DPC,Deaths,Cori_slidingWindow,2020-07-26,1.8545627599239116,2.3406570433095077,1.4243702585594735,ITA
Italy,ITA,PCM-DPC,Deaths,Cori_slidingWindow,2020-07-27,1.6883145459691944,2.114574530651795,1.309459005784367,ITA
Italy,ITA,PCM-DPC,Deaths,Cori_slidingWindow,2020-07-28,1.520230848809193,1.8965906320311472,1.184994517383979,ITA
Italy,ITA,PCM-DPC,Deaths,Cori_slidingWindow,2020-07-29,1.3299703164322436,1.6617487755497256,1.0346933872712902,ITA
Italy,ITA,PCM-DPC,Deaths,Cori_slidingWindow,2020-07-30,1.1472722666770214,1.4414434379591843,0.8862724087966751,ITA
Italy,ITA,PCM-DPC,Deaths,Cori_slidingWindow,2020-07-31,0.9960060280863734,1.2613984324160028,0.7615862706089169,ITA
Italy,ITA,PCM-DPC,Deaths,Cori_slidingWindow,2020-08-01,0.8679371717478962,1.1116197914583925,0.6540487004953945,ITA
Italy,ITA,PCM-DPC,Deaths,Cori_slidingWindow,2020-08-02,0.737233388516891,0.9618140904581823,0.5413731730318244,ITA
Italy,ITA,PCM-DPC,Deaths,Cori_slidingWindow,2020-08-03,0.5973921014616834,0.8029791811560775,0.4001656182425941,ITA
Italy,ITA,PCM-DPC,Deaths,Cori_slidingWindow,2020-08-04,0.4722501343640459,0.6939964019583253,0.25050386676976644,ITA
Italy,ITA,PCM-DPC,Deaths,Cori_slidingWindow,2020-08-05,0.3917528876222027,0.6656685311364883,0.11783724410791707,ITA
Italy,ITA,PCM-DPC,Deaths,Cori_slidingWindow,2020-08-06,0.36231881267041144,0.6887138219040166,0.035923803436806234,ITA
Italy,ITA,PCM-DPC,Deaths,Cori_slidingWindow,2020-08-07,0.37810332081959486,0.7214235570966698,0.034783084542519827,ITA
Italy,ITA,PCM-DPC,Deaths,Cori_slidingWindow,2020-08-08,0.4251355590871605,0.7506370303437155,0.0996340878306054,ITA
Italy,ITA,PCM-DPC,Deaths,Cori_slidingWindow,2020-08-09,0.4929435664423694,0.7901990260718768,0.19568810681286214,ITA
Italy,ITA,PCM-DPC,Deaths,Cori_slidingWindow,2020-08-10,0.5838573908537857,0.9192177236510527,0.31334120264652754,ITA
Italy,ITA,PCM-DPC,Deaths,Cori_slidingWindow,2020-08-11,0.6991317621929908,1.0947425112029585,0.39134670271168664,ITA
Italy,ITA,PCM-DPC,Deaths,Cori_slidingWindow,2020-08-12,0.8339674108622546,1.2924088711775354,0.4749370452917139,ITA
Italy,ITA,PCM-DPC,Deaths,Cori_slidingWindow,2020-08-13,0.9727152320388501,1.4887039627854075,0.5654104577318247,ITA
Italy,ITA,PCM-DPC,Deaths,Cori_slidingWindow,2020-08-14,1.0988514166312564,1.6598807118028902,0.6523434564774663,ITA
Italy,ITA,PCM-DPC,Deaths,Cori_slidingWindow,2020-08-15,1.2075759583726013,1.798676111785937,0.7330108539643665,ITA
Italy,ITA,PCM-DPC,Deaths,Cori_slidingWindow,2020-08-16,1.300110671584745,1.9073704173116326,0.8079993987705878,ITA
Italy,ITA,PCM-DPC,Deaths,Cori_slidingWindow,2020-08-17,1.3690227916680442,1.9790120228795298,0.8702244134736589,ITA
Italy,ITA,PCM-DPC,Deaths,Cori_slidingWindow,2020-08-18,1.4014631949533873,2.0006630061958957,0.9077580672191753,ITA
Italy,ITA,PCM-DPC,Deaths,Cori_slidingWindow,2020-08-19,1.393350550634046,1.9702192094734012,0.915317194590541,ITA
Italy,ITA,PCM-DPC,Deaths,Cori_slidingWindow,2020-08-20,1.3598356010876844,1.9085244097221867,0.8341746286560958,ITA
Italy,ITA,PCM-DPC,Deaths,Cori_slidingWindow,2020-08-21,1.3169193710819698,1.8434500975984247,0.7903886445655147,ITA
Italy,ITA,PCM-DPC,Deaths,Cori_slidingWindow,2020-08-22,1.270691988292463,1.7637354211142005,0.7984877104914596,ITA
Italy,ITA,PCM-DPC,Deaths,Cori_slidingWindow,2020-08-23,1.2243590650458454,1.693331595754347,0.8167262088619733,ITA
Italy,ITA,PCM-DPC,Deaths,Cori_slidingWindow,2020-08-24,1.185941014583732,1.6349837305547021,0.8081888983981197,ITA
Italy,ITA,PCM-DPC,Deaths,Cori_slidingWindow,2020-08-25,1.165351464460256,1.6000356974962076,0.798795902008632,ITA
Italy,ITA,PCM-DPC,Deaths,Cori_slidingWindow,2020-08-26,1.1649301427746932,1.5906952977251114,0.8047360031228716,ITA
Italy,ITA,PCM-DPC,Deaths,Cori_slidingWindow,2020-08-27,1.1760490464968982,1.596058312384328,0.8194470259338411,ITA
Italy,ITA,PCM-DPC,Deaths,Cori_slidingWindow,2020-08-28,1.192160083045322,1.6076018165555621,0.8381179589368025,ITA
Italy,ITA,PCM-DPC,Deaths,Cori_slidingWindow,2020-08-29,1.2130945141940186,1.6244619092676245,0.8611023867754172,ITA
Italy,ITA,PCM-DPC,Deaths,Cori_slidingWindow,2020-08-30,1.2383834787195709,1.6457270667404829,0.8882946667181433,ITA
Italy,ITA,PCM-DPC,Deaths,Cori_slidingWindow,2020-08-31,1.2621558973175304,1.6644394938104161,0.9148792604385321,ITA
Italy,ITA,PCM-DPC,Deaths,Cori_slidingWindow,2020-09-01,1.2775422361362445,1.672665418803103,0.9350399774997519,ITA
Italy,ITA,PCM-DPC,Deaths,Cori_slidingWindow,2020-09-02,1.2814829707359194,1.6670817049534132,0.9460096730432874,ITA
Italy,ITA,PCM-DPC,Deaths,Cori_slidingWindow,2020-09-03,1.274621221744023,1.6488284514889757,0.9480130710473036,ITA
Italy,ITA,PCM-DPC,Deaths,Cori_slidingWindow,2020-09-04,1.2569379156675535,1.6183900499121868,0.9406277150271901,ITA
Italy,ITA,PCM-DPC,Deaths,Cori_slidingWindow,2020-09-05,1.2318995422356716,1.5801586418364981,0.926481823793068,ITA
Italy,ITA,PCM-DPC,Deaths,Cori_slidingWindow,2020-09-06,1.2054962998408107,1.5412584252190011,0.9104961854872998,ITA
Italy,ITA,PCM-DPC,Deaths,Cori_slidingWindow,2020-09-07,1.181205484860729,1.5058060746801842,0.8955433354351628,ITA
Italy,ITA,PCM-DPC,Deaths,Cori_slidingWindow,2020-09-08,1.1584456953161766,1.4731601375042218,0.8811000922579377,ITA
Italy,ITA,PCM-DPC,Deaths,Cori_slidingWindow,2020-09-09,1.1350274141536836,1.4407550852346447,0.8653259865193679,ITA
Italy,ITA,PCM-DPC,Deaths,Cori_slidingWindow,2020-09-10,1.1110306638196794,1.4085729023736098,0.8483701584323096,ITA
Italy,ITA,PCM-DPC,Deaths,Cori_slidingWindow,2020-09-11,1.0886140440472047,1.378982859916311,0.8321640689983528,ITA
Italy,ITA,PCM-DPC,Deaths,Cori_slidingWindow,2020-09-12,1.070875996576252,1.3554380943640538,0.8194427070215008,ITA
Italy,ITA,PCM-DPC,Deaths,Cori_slidingWindow,2020-09-13,1.0594685575006912,1.3397340971171408,0.8117006384416069,ITA
Italy,ITA,PCM-DPC,Deaths,Cori_slidingWindow,2020-09-14,1.054304200145007,1.3316439637960527,0.8089620891119664,ITA
Italy,ITA,PCM-DPC,Deaths,Cori_slidingWindow,2020-09-15,1.0537512883554436,1.3291514579497972,0.8099410810876929,ITA
Italy,ITA,PCM-DPC,Deaths,Cori_slidingWindow,2020-09-16,1.0590822882400261,1.3334908633246376,0.815907202551946,ITA
Italy,ITA,PCM-DPC,Deaths,Cori_slidingWindow,2020-09-17,1.0734773722784952,1.34804910766499,0.8297985637422504,ITA
Italy,ITA,PCM-DPC,Deaths,Cori_slidingWindow,2020-09-18,1.097845808037962,1.3736379096730407,0.8525866918207337,ITA
Italy,ITA,PCM-DPC,Deaths,Cori_slidingWindow,2020-09-19,1.1319959439941767,1.409758304632784,0.8843417292369398,ITA
Italy,ITA,PCM-DPC,Deaths,Cori_slidingWindow,2020-09-20,1.1765014981452877,1.4566959616073918,0.925873111095766,ITA
Italy,ITA,PCM-DPC,Deaths,Cori_slidingWindow,2020-09-21,1.2321566523555598,1.5149434998337414,0.9782280022524696,ITA
Italy,ITA,PCM-DPC,Deaths,Cori_slidingWindow,2020-09-22,1.2953425455022558,1.5800920920588615,1.0385379065403548,ITA
Italy,ITA,PCM-DPC,Deaths,Cori_slidingWindow,2020-09-23,1.3589368291846387,1.6439520521075663,1.1007212739270273,ITA
Italy,ITA,PCM-DPC,Deaths,Cori_slidingWindow,2020-09-24,1.4188464425748026,1.7163878796142598,1.1213050055353455,ITA
Italy,ITA,PCM-DPC,Deaths,Cori_slidingWindow,2020-09-25,1.4743329111078034,1.8547425723769833,1.0939232498386235,ITA
Italy,ITA,PCM-DPC,Deaths,Cori_slidingWindow,2020-09-26,1.52712413093844,1.970590246871819,1.083658015005061,ITA
Italy,ITA,PCM-DPC,Deaths,Cori_slidingWindow,2020-09-27,1.5770040192470236,2.0438464696856076,1.1101615688084399,ITA
Italy,ITA,PCM-DPC,Deaths,Cori_slidingWindow,2020-09-28,1.620630899121347,2.0607823760320794,1.1804794222106145,ITA
Italy,ITA,PCM-DPC,Deaths,Cori_slidingWindow,2020-09-29,1.652475576581569,2.0291791773484205,1.2757719758147175,ITA
Italy,ITA,PCM-DPC,Deaths,Cori_slidingWindow,2020-09-30,1.6698100506754263,1.9759418619603455,1.3636782393905071,ITA
Italy,ITA,PCM-DPC,Deaths,Cori_slidingWindow,2020-10-01,1.675041557770857,1.9162284393254494,1.4338546762162647,ITA
Italy,ITA,PCM-DPC,Deaths,Cori_slidingWindow,2020-10-02,1.673063731859378,1.8820158256166903,1.4762485299545267,ITA
Italy,ITA,PCM-DPC,Deaths,Cori_slidingWindow,2020-10-03,1.6680900097943154,1.8648491560203786,1.4821582732597194,ITA
Italy,ITA,PCM-DPC,Deaths,Cori_slidingWindow,2020-10-04,1.6611262002378484,1.8500315855072982,1.4722208149683986,ITA
Italy,ITA,PCM-DPC,Deaths,Cori_slidingWindow,2020-10-05,1.6511521869996248,1.936728506069846,1.3655758679294037,ITA
Italy,ITA,PCM-DPC,Deaths,Cori_slidingWindow,2020-10-06,1.6363740205433148,2.0675077950778253,1.2052402460088043,ITA
Italy,ITA,PCM-DPC,Deaths,Cori_slidingWindow,2020-10-07,1.6162323375061372,2.1616083498273255,1.0708563251849488,ITA
Italy,ITA,PCM-DPC,Deaths,Cori_slidingWindow,2020-10-08,1.5925541989871648,2.1661989725174977,1.0189094254568318,ITA
Italy,ITA,PCM-DPC,Deaths,Cori_slidingWindow,2020-10-09,1.568611547822913,2.1081317392341457,1.0290913564116804,ITA
Italy,ITA,PCM-DPC,Deaths,Cori_slidingWindow,2020-10-10,1.5495137061491602,2.0285365466406553,1.0704908656576648,ITA
Italy,ITA,PCM-DPC,Deaths,Cori_slidingWindow,2020-10-11,1.5382548373847074,1.9435138638598617,1.132995810909553,ITA
Italy,ITA,PCM-DPC,Deaths,Cori_slidingWindow,2020-10-12,1.5334550813407914,1.876338830048194,1.1905713326333889,ITA
Italy,ITA,PCM-DPC,Deaths,Cori_slidingWindow,2020-10-13,1.5295170208983957,1.8733731147317525,1.185660927065039,ITA
Italy,ITA,PCM-DPC,Deaths,Cori_slidingWindow,2020-10-14,1.5197436413287986,1.9089294303231148,1.1305578523344824,ITA
Italy,ITA,PCM-DPC,Deaths,Cori_slidingWindow,2020-10-15,1.5025159607122949,1.9076275994932692,1.0974043219313205,ITA
Italy,ITA,PCM-DPC,Deaths,Cori_slidingWindow,2020-10-16,1.481953496130252,1.8683710426528257,1.0955359496076784,ITA
Italy,ITA,PCM-DPC,Deaths,Cori_slidingWindow,2020-10-17,1.4640467146984861,1.8205993644433618,1.1074940649536105,ITA
Italy,ITA,PCM-DPC,Deaths,Cori_slidingWindow,2020-10-18,1.4504714423892182,1.7760263920452792,1.1249164927331572,ITA
Italy,ITA,PCM-DPC,Deaths,Cori_slidingWindow,2020-10-19,1.4384410418024558,1.7420020412738078,1.1348800423311038,ITA
Italy,ITA,PCM-DPC,Deaths,Cori_slidingWindow,2020-10-20,1.4237369078892956,1.73848447368529,1.1089893420933012,ITA
Italy,ITA,PCM-DPC,Deaths,Cori_slidingWindow,2020-10-21,1.403146766679375,1.7626491948962903,1.0436443384624599,ITA
Italy,ITA,PCM-DPC,Deaths,Cori_slidingWindow,2020-10-22,1.376115133154432,1.7725625424267637,0.9796677238821002,ITA
Italy,ITA,PCM-DPC,Deaths,Cori_slidingWindow,2020-10-23,1.3453950669367492,1.7542013010913582,0.9365888327821401,ITA
Italy,ITA,PCM-DPC,Deaths,Cori_slidingWindow,2020-10-24,1.315633952609254,1.7170038246872061,0.9142640805313018,ITA
Italy,ITA,PCM-DPC,Deaths,Cori_slidingWindow,2020-10-25,1.289481450421435,1.663507706056948,0.9154551947859219,ITA
Italy,ITA,PCM-DPC,Deaths,Cori_slidingWindow,2020-10-26,1.2664087870048817,1.595605656267977,0.9372119177417864,ITA
Italy,ITA,PCM-DPC,Deaths,Cori_slidingWindow,2020-10-27,1.2439656246938744,1.5312503205187094,0.9566809288690394,ITA
Italy,ITA,PCM-DPC,Deaths,Cori_slidingWindow,2020-10-28,1.2203192683587891,1.5029271714429675,0.9377113652746107,ITA
Italy,ITA,PCM-DPC,Deaths,Cori_slidingWindow,2020-10-29,1.19549497071749,1.5089598202424461,0.8820301211925339,ITA
Italy,ITA,PCM-DPC,Deaths,Cori_slidingWindow,2020-10-30,1.1710239736298935,1.5260881471935166,0.8159598000662706,ITA
Italy,ITA,PCM-DPC,Deaths,Cori_slidingWindow,2020-10-31,1.1494314070088043,1.5395743808485467,0.7592884331690619,ITA
Italy,ITA,PCM-DPC,Deaths,Cori_slidingWindow,2020-11-01,1.1322211711308932,1.5329341479222025,0.7315081943395838,ITA
Italy,ITA,PCM-DPC,Deaths,Cori_slidingWindow,2020-11-02,1.1190943527277413,1.496773859640423,0.7414148458150597,ITA
Italy,ITA,PCM-DPC,Deaths,Cori_slidingWindow,2020-11-03,1.1078449641713584,1.4452457045318736,0.7704442238108431,ITA
Italy,ITA,PCM-DPC,Deaths,Cori_slidingWindow,2020-11-04,1.095349131474067,1.411885643989129,0.7788126189590051,ITA
Italy,ITA,PCM-DPC,Deaths,Cori_slidingWindow,2020-11-05,1.080099444859038,1.401797606930136,0.7584012827879398,ITA
Italy,ITA,PCM-DPC,Deaths,Cori_slidingWindow,2020-11-06,1.0631595582171753,1.3996286131778217,0.726690503256529,ITA
Italy,ITA,PCM-DPC,Deaths,Cori_slidingWindow,2020-11-07,1.0482044940179003,1.3971541528738072,0.6992548351619934,ITA
Italy,ITA,PCM-DPC,Deaths,Cori_slidingWindow,2020-11-08,1.0380400152752085,1.3860027555742551,0.690077274976162,ITA
Italy,ITA,PCM-DPC,Deaths,Cori_slidingWindow,2020-11-09,1.0324661088091165,1.3576677222947493,0.7072644953234837,ITA
Italy,ITA,PCM-DPC,Deaths,Cori_slidingWindow,2020-11-10,1.0282327313864434,1.3137038514345394,0.7427616113383475,ITA
Italy,ITA,PCM-DPC,Deaths,Cori_slidingWindow,2020-11-11,1.0204156256562842,1.2719369915888543,0.7688942597237142,ITA
Italy,ITA,PCM-DPC,Deaths,Cori_slidingWindow,2020-11-12,1.0062164676338983,1.2576473757807798,0.7547855594870166,ITA
Italy,ITA,PCM-DPC,Deaths,Cori_slidingWindow,2020-11-13,0.9870568438551272,1.300859960669487,0.6732537270407674,ITA
Italy,ITA,PCM-DPC,Deaths,Cori_slidingWindow,2020-11-14,0.9686832044648986,1.406818022625565,0.5305483863042322,ITA
Italy,ITA,PCM-DPC,Deaths,Cori_slidingWindow,2020-11-15,0.9559174234110758,1.5260236402454959,0.3858112065766557,ITA
Italy,ITA,PCM-DPC,Deaths,Cori_slidingWindow,2020-11-16,0.9493821737211551,1.5820666403484607,0.3166977070938496,ITA
Italy,ITA,PCM-DPC,Deaths,Cori_slidingWindow,2020-11-17,0.945607087087879,1.5350690413192605,0.3561451328564974,ITA
Italy,ITA,PCM-DPC,Deaths,Cori_slidingWindow,2020-11-18,0.9415416618035344,1.4305965611498592,0.4524867624572096,ITA
Italy,ITA,PCM-DPC,Deaths,Cori_slidingWindow,2020-11-19,0.9368451197373343,1.3539208588245526,0.519769380650116,ITA
Italy,ITA,PCM-DPC,Deaths,Cori_slidingWindow,2020-11-20,0.9327979436655134,1.3837184569015237,0.4818774304295031,ITA
Italy,ITA,PCM-DPC,Deaths,Cori_slidingWindow,2020-11-21,0.9303974054632959,1.520094038464642,0.34070077246194985,ITA
Italy,ITA,PCM-DPC,Deaths,Cori_slidingWindow,2020-11-22,0.9295623075678926,1.6754175341061739,0.1837070810296113,ITA
Italy,ITA,PCM-DPC,Deaths,Cori_slidingWindow,2020-11-23,0.9304684872416764,1.7435512057449833,0.11738576873836948,ITA
Italy,ITA,PCM-DPC,Deaths,Cori_slidingWindow,2020-11-24,0.9334831848936059,1.6753101392599412,0.19165623052727065,ITA
Italy,ITA,PCM-DPC,Deaths,Cori_slidingWindow,2020-11-25,0.9371489384289375,1.5185859214011022,0.3557119554567729,ITA
Italy,ITA,PCM-DPC,Deaths,Cori_slidingWindow,2020-11-26,0.9382013920952317,1.3442906223770483,0.532112161813415,ITA
Italy,ITA,PCM-DPC,Deaths,Cori_slidingWindow,2020-11-27,0.9335245840725986,1.211275372649308,0.6557737954958893,ITA
Italy,ITA,PCM-DPC,Deaths,Cori_slidingWindow,2020-11-28,0.9232438179385731,1.1633254193495381,0.683162216527608,ITA
Italy,ITA,PCM-DPC,Deaths,Cori_slidingWindow,2020-11-29,0.9101586396208342,1.1842508660955047,0.6360664131461636,ITA
Italy,ITA,PCM-DPC,Deaths,Cori_slidingWindow,2020-11-30,0.8962758936617659,1.2224990100402156,0.5700527772833162,ITA
Italy,ITA,PCM-DPC,Deaths,Cori_slidingWindow,2020-12-01,0.8813089100499679,1.2545325152180213,0.5080853048819145,ITA
Italy,ITA,PCM-DPC,Deaths,Cori_slidingWindow,2020-12-02,0.8658609492958808,1.2743925065945685,0.457329391997193,ITA
Italy,ITA,PCM-DPC,Deaths,Cori_slidingWindow,2020-12-03,0.8528446814145153,1.2792044239737486,0.42648493885528194,ITA
Italy,ITA,PCM-DPC,Deaths,Cori_slidingWindow,2020-12-04,0.8449187265278802,1.2846889994436286,0.4051484536121319,ITA
Italy,ITA,PCM-DPC,Deaths,Cori_slidingWindow,2020-12-05,0.8432368423318604,1.4313580907588943,0.2551155939048264,ITA
Italy,ITA,PCM-DPC,Deaths,Cori_slidingWindow,2020-12-06,0.8479837106488479,1.8413535241602896,0,ITA
Italy,ITA,PCM-DPC,Deaths,Cori_slidingWindow,2020-12-07,0.8599381375164451,2.104683911761746,0,ITA
Italy,ITA,PCM-DPC,Deaths,Cori_slidingWindow,2020-12-08,0.8786816269582051,1.9921905567829947,0,ITA
Italy,ITA,PCM-DPC,Deaths,Cori_slidingWindow,2020-12-09,0.9000317863257897,1.7192200632806622,0.08084350937091722,ITA
Italy,ITA,PCM-DPC,Deaths,Cori_slidingWindow,2020-12-10,0.9197546141780194,1.4722190256577852,0.36729020269825374,ITA
Italy,ITA,PCM-DPC,Deaths,Cori_slidingWindow,2020-12-11,0.9372054837873794,1.2939636042413596,0.5804473633333993,ITA
Italy,ITA,PCM-DPC,Deaths,Cori_slidingWindow,2020-12-12,0.9566605083676631,1.4009717133719024,0.5123493033634239,ITA
Italy,ITA,PCM-DPC,Deaths,Cori_slidingWindow,2020-12-13,0.9814554610510522,3.489981393810621,0,ITA
Italy,ITA,PCM-DPC,Deaths,Cori_slidingWindow,2020-12-14,1.0093935745529354,6.666909167781108,0,ITA
Italy,ITA,PCM-DPC,Deaths,Cori_slidingWindow,2020-12-15,1.0334581156004867,6.146462639185343,0,ITA
Italy,ITA,PCM-DPC,Deaths,Cori_slidingWindow,2020-12-16,1.0474701501316663,4.2606259477293165,0,ITA
Italy,ITA,PCM-DPC,Deaths,Cori_slidingWindow,2020-12-17,1.0507666114440741,2.815231766211587,0,ITA
Italy,ITA,PCM-DPC,Deaths,Cori_slidingWindow,2020-12-18,1.0486783787650418,1.956642004964851,0.14071475256523258,ITA
Italy,ITA,PCM-DPC,Deaths,Cori_slidingWindow,2020-12-19,1.0479704143826811,1.5740139749676427,0.5219268537977195,ITA
Italy,ITA,PCM-DPC,Deaths,Cori_slidingWindow,2020-12-20,1.0506052596147022,1.4728598410828968,0.6283506781465077,ITA
Italy,ITA,PCM-DPC,Deaths,Cori_slidingWindow,2020-12-21,1.0543748663345764,1.4475301423096913,0.6612195903594615,ITA
Italy,ITA,PCM-DPC,Deaths,Cori_slidingWindow,2020-12-22,1.0554455541116898,1.4288880901042615,0.6820030181191181,ITA
Italy,ITA,PCM-DPC,Deaths,Cori_slidingWindow,2020-12-23,1.0519278415460278,1.4182611828383158,0.6855945002537399,ITA
Italy,ITA,PCM-DPC,Deaths,Cori_slidingWindow,2020-12-24,1.0438796947861817,1.4052534552026328,0.6825059343697306,ITA
Italy,ITA,PCM-DPC,Deaths,Cori_slidingWindow,2020-12-25,1.0327536318060055,1.3851022234618884,0.6804050401501227,ITA
Italy,ITA,PCM-DPC,Deaths,Cori_slidingWindow,2020-12-26,1.0212123429396198,1.3687337752547812,0.6736909106244584,ITA
Italy,ITA,PCM-DPC,Deaths,Cori_slidingWindow,2020-12-27,1.0116561889231994,1.3641403340266152,0.6591720438197837,ITA
Italy,ITA,PCM-DPC,Deaths,Cori_slidingWindow,2020-12-28,1.0051926128395754,1.3650855694619946,0.6452996562171562,ITA
Italy,ITA,PCM-DPC,Deaths,Cori_slidingWindow,2020-12-29,1.000687506053302,1.3596466952445545,0.6417283168620496,ITA
Italy,ITA,PCM-DPC,Deaths,Cori_slidingWindow,2020-12-30,0.9953948349348948,1.3413532762799352,0.6494363935898543,ITA
Italy,ITA,PCM-DPC,Deaths,Cori_slidingWindow,2020-12-31,0.9879218162141804,1.3049308868767757,0.6709127455515851,ITA
Italy,ITA,PCM-DPC,Deaths,Cori_slidingWindow,2021-01-01,0.979348987859508,1.2433583822018814,0.7153395935171345,ITA
Italy,ITA,PCM-DPC,Deaths,Cori_slidingWindow,2021-01-02,0.9727033060111603,1.2553217256383418,0.6900848863839788,ITA
Italy,ITA,PCM-DPC,Deaths,Cori_slidingWindow,2021-01-03,0.9696812936930689,1.7257395971055862,0.21362299028055154,ITA
Italy,ITA,PCM-DPC,Deaths,Cori_slidingWindow,2021-01-04,0.9692993783277221,2.3313585624665003,0,ITA
Italy,ITA,PCM-DPC,Deaths,Cori_slidingWindow,2021-01-05,0.9684388190788823,2.423677776441108,0,ITA
Italy,ITA,PCM-DPC,Deaths,Cori_slidingWindow,2021-01-06,0.9642320933082836,2.1034687283299416,0,ITA
Italy,ITA,PCM-DPC,Deaths,Cori_slidingWindow,2021-01-07,0.9559319046520357,1.7194906436796789,0.19237316562439244,ITA
Italy,ITA,PCM-DPC,Deaths,Cori_slidingWindow,2021-01-08,0.9452219859821009,1.4169080135639305,0.47353595840027135,ITA
Italy,ITA,PCM-DPC,Deaths,Cori_slidingWindow,2021-01-09,0.9357193430161166,1.2236270310956896,0.6478116549365435,ITA
Italy,ITA,PCM-DPC,Deaths,Cori_slidingWindow,2021-01-10,0.9300352049598063,1.1357296430788701,0.7243407668407423,ITA
Italy,ITA,PCM-DPC,Deaths,Cori_slidingWindow,2021-01-11,0.9283994817769657,1.1274188877607045,0.729380075793227,ITA
Italy,ITA,PCM-DPC,Deaths,Cori_slidingWindow,2021-01-12,0.928295150692265,1.1558671992275633,0.7007231021569666,ITA
Italy,ITA,PCM-DPC,Deaths,Cori_slidingWindow,2021-01-13,0.9262345514385476,1.1913067266550006,0.6611623762220946,ITA
Italy,ITA,PCM-DPC,Deaths,Cori_slidingWindow,2021-01-14,0.9206591851077778,1.21368892647992,0.6276294437356356,ITA
Italy,ITA,PCM-DPC,Deaths,Cori_slidingWindow,2021-01-15,0.9128834337941361,1.2170787935108451,0.608688074077427,ITA
Italy,ITA,PCM-DPC,Deaths,Cori_slidingWindow,2021-01-16,0.9062336403010132,1.2057526254054551,0.6067146551965712,ITA
Italy,ITA,PCM-DPC,Deaths,Cori_slidingWindow,2021-01-17,0.9027256628809253,1.1811146005174693,0.6243367252443812,ITA
Italy,ITA,PCM-DPC,Deaths,Cori_slidingWindow,2021-01-18,0.9019536976222561,1.143976094136457,0.6599313011080551,ITA
Italy,ITA,PCM-DPC,Deaths,Cori_slidingWindow,2021-01-19,0.9015211051253319,1.105708767492026,0.6973334427586378,ITA
Italy,ITA,PCM-DPC,Deaths,Cori_slidingWindow,2021-01-20,0.8994260931333709,1.0859714769715112,0.7128807092952305,ITA
Italy,ITA,PCM-DPC,Deaths,Cori_slidingWindow,2021-01-21,0.8952323263162231,1.082166664560947,0.7082979880714994,ITA
Italy,ITA,PCM-DPC,Deaths,Cori_slidingWindow,2021-01-22,0.8898836123970908,1.0806587903293876,0.699108434464794,ITA
Italy,ITA,PCM-DPC,Deaths,Cori_slidingWindow,2021-01-23,0.8859111425579828,1.0795245083799148,0.6922977767360509,ITA
Italy,ITA,PCM-DPC,Deaths,Cori_slidingWindow,2021-01-24,0.8858668323392085,1.083992924743912,0.687740739934505,ITA
Italy,ITA,PCM-DPC,Deaths,Cori_slidingWindow,2021-01-25,0.8910312777816656,1.0981483341182565,0.6839142214450746,ITA
Italy,ITA,PCM-DPC,Deaths,Cori_slidingWindow,2021-01-26,0.8999920027947226,1.124322379368393,0.6756616262210522,ITA
Italy,ITA,PCM-DPC,Deaths,Cori_slidingWindow,2021-01-27,0.9091945161486186,1.1575066230534596,0.6608824092437776,ITA
Italy,ITA,PCM-DPC,Deaths,Cori_slidingWindow,2021-01-28,0.9163762291300285,1.1813178590124767,0.6514345992475803,ITA
Italy,ITA,PCM-DPC,Deaths,Cori_slidingWindow,2021-01-29,0.9220920087985705,1.1890047253867475,0.6551792922103934,ITA
Italy,ITA,PCM-DPC,Deaths,Cori_slidingWindow,2021-01-30,0.9287703441116651,1.1858639878738853,0.671676700349445,ITA
Italy,ITA,PCM-DPC,Deaths,Cori_slidingWindow,2021-01-31,0.9373329836261546,1.1767534563029025,0.6979125109494067,ITA
Italy,ITA,PCM-DPC,Deaths,Cori_slidingWindow,2021-02-01,0.9463296205595603,1.1631608271986544,0.729498413920466,ITA
Italy,ITA,PCM-DPC,Deaths,Cori_slidingWindow,2021-02-02,0.9531530205486505,1.1464650410626784,0.7598410000346226,ITA
Italy,ITA,PCM-DPC,Deaths,Cori_slidingWindow,2021-02-03,0.9568522944101759,1.1314163826937775,0.7822882061265743,ITA
Italy,ITA,PCM-DPC,Deaths,Cori_slidingWindow,2021-02-04,0.9580359744674793,1.1187560618084922,0.7973158871264665,ITA
Italy,ITA,PCM-DPC,Deaths,Cori_slidingWindow,2021-02-05,0.9579060625466075,1.10845822100623,0.807353904086985,ITA
Italy,ITA,PCM-DPC,Deaths,Cori_slidingWindow,2021-02-06,0.9586232625414639,1.1038479868016748,0.813398538281253,ITA
Italy,ITA,PCM-DPC,Deaths,Cori_slidingWindow,2021-02-07,0.9625844865988824,1.1090597701864218,0.816109203011343,ITA
Italy,ITA,PCM-DPC,Deaths,Cori_slidingWindow,2021-02-08,0.9713382840158292,1.1280616553325375,0.8146149126991209,ITA
Italy,ITA,PCM-DPC,Deaths,Cori_slidingWindow,2021-02-09,0.9836923358634307,1.168545902901122,0.7988387688257395,ITA
Italy,ITA,PCM-DPC,Deaths,Cori_slidingWindow,2021-02-10,0.9958565241169023,1.232150923793141,0.7595621244406637,ITA
Italy,ITA,PCM-DPC,Deaths,Cori_slidingWindow,2021-02-11,1.0057039199680522,1.3018314017292032,0.7095764382069013,ITA
Italy,ITA,PCM-DPC,Deaths,Cori_slidingWindow,2021-02-12,1.0145494349361772,1.365161618144661,0.6639372517276934,ITA
Italy,ITA,PCM-DPC,Deaths,Cori_slidingWindow,2021-02-13,1.0261577130241124,1.4179169970015293,0.6343984290466956,ITA
Italy,ITA,PCM-DPC,Deaths,Cori_slidingWindow,2021-02-14,1.0422054793334048,1.4478329006682946,0.636578057998515,ITA
Italy,ITA,PCM-DPC,Deaths,Cori_slidingWindow,2021-02-15,1.0607606687478273,1.441927849899011,0.6795934875966435,ITA
Italy,ITA,PCM-DPC,Deaths,Cori_slidingWindow,2021-02-16,1.077568283768456,1.4017084691448323,0.7534280983920796,ITA
Italy,ITA,PCM-DPC,Deaths,Cori_slidingWindow,2021-02-17,1.0900680345931895,1.3485739157562608,0.8315621534301181,ITA
Italy,ITA,PCM-DPC,Deaths,Cori_slidingWindow,2021-02-18,1.0986056594381974,1.2960274700268628,0.9011838488495321,ITA
Italy,ITA,PCM-DPC,Deaths,Cori_slidingWindow,2021-02-19,1.1054647635867283,1.2494457320069283,0.9614837951665283,ITA
Italy,ITA,PCM-DPC,Deaths,Cori_slidingWindow,2021-02-20,1.112803539046439,1.2258575509476433,0.9997495271452348,ITA
Italy,ITA,PCM-DPC,Deaths,Cori_slidingWindow,2021-02-21,1.120849884065635,1.249473751059307,0.9922260170719628,ITA
Italy,ITA,PCM-DPC,Deaths,Cori_slidingWindow,2021-02-22,1.128650434563896,1.3080925595836899,0.949208309544102,ITA
Italy,ITA,PCM-DPC,Deaths,Cori_slidingWindow,2021-02-23,1.1345331263631042,1.38774039255782,0.8813258601683884,ITA
Italy,ITA,PCM-DPC,Deaths,Cori_slidingWindow,2021-02-24,1.1367535478635389,1.4763768276155835,0.7971302681114942,ITA
Italy,ITA,PCM-DPC,Deaths,Cori_slidingWindow,2021-02-25,1.1347491301216504,1.54786364825648,0.7216346119868207,ITA
Italy,ITA,PCM-DPC,Deaths,Cori_slidingWindow,2021-02-26,1.1297509023825905,1.5913903143609298,0.6681114904042511,ITA
Italy,ITA,PCM-DPC,Deaths,Cori_slidingWindow,2021-02-27,1.1243133864392163,1.6081729113384313,0.6404538615400013,ITA
Italy,ITA,PCM-DPC,Deaths,Cori_slidingWindow,2021-02-28,1.1198224039167286,1.592345393769012,0.6472994140644452,ITA
Italy,ITA,PCM-DPC,Deaths,Cori_slidingWindow,2021-03-01,1.1154704412055605,1.538942056276853,0.6919988261342679,ITA
Italy,ITA,PCM-DPC,Deaths,Cori_slidingWindow,2021-03-02,1.1087992218335554,1.455699609830246,0.761898833836865,ITA
Italy,ITA,PCM-DPC,Deaths,Cori_slidingWindow,2021-03-03,1.0978095953297333,1.3629124221187285,0.832706768540738,ITA
Italy,ITA,PCM-DPC,Deaths,Cori_slidingWindow,2021-03-04,1.0829215167607176,1.2725006161578472,0.893342417363588,ITA
Italy,ITA,PCM-DPC,Deaths,Cori_slidingWindow,2021-03-05,1.0669914411092492,1.2010999299630738,0.9328829522554245,ITA
Italy,ITA,PCM-DPC,Deaths,Cori_slidingWindow,2021-03-06,1.0541504054061015,1.1940240378520541,0.9142767729601489,ITA
Italy,ITA,PCM-DPC,Deaths,Cori_slidingWindow,2021-03-07,1.046379941226361,1.2458358224302295,0.8469240600224925,ITA
Italy,ITA,PCM-DPC,Deaths,Cori_slidingWindow,2021-03-08,1.0425838057745263,1.3057353150946156,0.779432296454437,ITA
Italy,ITA,PCM-DPC,Deaths,Cori_slidingWindow,2021-03-09,1.0390292610472531,1.3576464775747334,0.7204120445197728,ITA
Italy,ITA,PCM-DPC,Deaths,Cori_slidingWindow,2021-03-10,1.0317666853831469,1.4030363564038035,0.6604970143624901,ITA
Italy,ITA,PCM-DPC,Deaths,Cori_slidingWindow,2021-03-11,1.0198550166268074,1.433460241639702,0.6062497916139129,ITA
Italy,ITA,PCM-DPC,Deaths,Cori_slidingWindow,2021-03-12,1.0061733847800978,1.4453484342898255,0.56699833527037,ITA
Italy,ITA,PCM-DPC,Deaths,Cori_slidingWindow,2021-03-13,0.9972683238541828,1.4454309331224764,0.5491057145858893,ITA
Italy,ITA,PCM-DPC,Deaths,Cori_slidingWindow,2021-03-14,0.9979766885315334,1.4315025967441322,0.5644507803189347,ITA
Italy,ITA,PCM-DPC,Deaths,Cori_slidingWindow,2021-03-15,1.0082372535941415,1.3960865299282363,0.6203879772600467,ITA
Italy,ITA,PCM-DPC,Deaths,Cori_slidingWindow,2021-03-16,1.0223806124222945,1.3398398016089574,0.7049214232356317,ITA
Italy,ITA,PCM-DPC,Deaths,Cori_slidingWindow,2021-03-17,1.0314876664910932,1.2753847129414932,0.7875906200406931,ITA
Italy,ITA,PCM-DPC,Deaths,Cori_slidingWindow,2021-03-18,1.0304376001711197,1.2084458691494884,0.852429331192751,ITA
Italy,ITA,PCM-DPC,Deaths,Cori_slidingWindow,2021-03-19,1.0216709987837176,1.1498781264281845,0.8934638711392506,ITA
Italy,ITA,PCM-DPC,Deaths,Cori_slidingWindow,2021-03-20,1.012223527159095,1.1423648224604281,0.8820822318577617,ITA
Italy,ITA,PCM-DPC,Deaths,Cori_slidingWindow,2021-03-21,1.0053518096907583,1.1932131014817202,0.8174905178997965,ITA
Italy,ITA,PCM-DPC,Deaths,Cori_slidingWindow,2021-03-22,0.9986674981356716,1.2485928938890127,0.7487421023823303,ITA
Italy,ITA,PCM-DPC,Deaths,Cori_slidingWindow,2021-03-23,0.9876439790901794,1.2758821252405192,0.6994058329398396,ITA
Italy,ITA,PCM-DPC,Deaths,Cori_slidingWindow,2021-03-24,0.9716141482650119,1.2721262442468468,0.6711020522831769,ITA
Italy,ITA,PCM-DPC,Deaths,Cori_slidingWindow,2021-03-25,0.952013676549959,1.2463599159012082,0.6576674371987099,ITA
Italy,ITA,PCM-DPC,Deaths,Cori_slidingWindow,2021-03-26,0.9298709794211996,1.2085416552773425,0.6512003035650566,ITA
Italy,ITA,PCM-DPC,Deaths,Cori_slidingWindow,2021-03-27,0.9065517824095487,1.16585774056217,0.6472458242569274,ITA
Italy,ITA,PCM-DPC,Deaths,Cori_slidingWindow,2021-03-28,0.8849720059006235,1.122925575097372,0.6470184367038753,ITA
Italy,ITA,PCM-DPC,Deaths,Cori_slidingWindow,2021-03-29,0.8691377795907091,1.0832308044397911,0.6550447547416273,ITA
Italy,ITA,PCM-DPC,Deaths,Cori_slidingWindow,2021-03-30,0.860729289501612,1.046004521008389,0.6754540579948349,ITA
Italy,ITA,PCM-DPC,Deaths,Cori_slidingWindow,2021-03-31,0.8576125768065562,1.006732009311737,0.7084931443013756,ITA
Italy,ITA,PCM-DPC,Deaths,Cori_slidingWindow,2021-04-01,0.8576585633187227,0.9645774185430158,0.7507397080944296,ITA
Italy,ITA,PCM-DPC,Deaths,Cori_slidingWindow,2021-04-02,0.8600031102344583,0.9342063033491383,0.7857999171197783,ITA
Italy,ITA,PCM-DPC,Deaths,Cori_slidingWindow,2021-04-03,0.8647998486795907,0.9571539924641826,0.7724457048949988,ITA
Italy,ITA,PCM-DPC,Deaths,Cori_slidingWindow,2021-04-04,0.8715118707693115,1.0188534901455708,0.7241702513930522,ITA
Italy,ITA,PCM-DPC,Deaths,Cori_slidingWindow,2021-04-05,0.8784206182760043,1.0785859657432095,0.678255270808799,ITA
Italy,ITA,PCM-DPC,Deaths,Cori_slidingWindow,2021-04-06,0.8835954021171779,1.1165603658377579,0.6506304383965981,ITA
Italy,ITA,PCM-DPC,Deaths,Cori_slidingWindow,2021-04-07,0.8861890345697122,1.12671101791726,0.6456670512221645,ITA
Italy,ITA,PCM-DPC,Deaths,Cori_slidingWindow,2021-04-08,0.8860229348560509,1.1129880259902476,0.6590578437218542,ITA
Italy,ITA,PCM-DPC,Deaths,Cori_slidingWindow,2021-04-09,0.8833270214805172,1.0842570323431393,0.68239701061789515,ITA
Italy,ITA,PCM-DPC,Deaths,Cori_slidingWindow,2021-04-10,0.879863836754157,1.0506373469150816,0.7090903265932325,ITA
Italy,ITA,PCM-DPC,Deaths,Cori_slidingWindow,2021-04-11,0.8778552234937218,1.0222469520529343,0.7334634949345094,ITA
Italy,ITA,PCM-DPC,Deaths,Cori_slidingWindow,2021-04-12,0.8779767086363144,1.012132694560881,0.7438207227117477,ITA
Italy,ITA,PCM-DPC,Deaths,Cori_slidingWindow,2021-04-13,0.8780778135901888,1.030105422675446,0.7260502045049315,ITA
Italy,ITA,PCM-DPC,Deaths,Cori_slidingWindow,2021-04-14,0.8759028421438839,1.0680020330031494,0.6838036512846184,ITA
Italy,ITA,PCM-DPC,Deaths,Cori_slidingWindow,2021-04-15,0.8720291171076,1.1119996907395286,0.6320585434756713,ITA
Italy,ITA,PCM-DPC,Deaths,Cori_slidingWindow,2021-04-16,0.8693399729349811,1.1451716598171033,0.5935082860528589,ITA
Italy,ITA,PCM-DPC,Deaths,Cori_slidingWindow,2021-04-17,0.8698840431553438,1.1504556376063435,0.5893124487043442,ITA
Italy,ITA,PCM-DPC,Deaths,Cori_slidingWindow,2021-04-18,0.8738495498085281,1.1260696454083996,0.6216294542086567,ITA
Italy,ITA,PCM-DPC,Deaths,Cori_slidingWindow,2021-04-19,0.8795385680303691,1.0891318507813426,0.6699452852793957,ITA
Italy,ITA,PCM-DPC,Deaths,Cori_slidingWindow,2021-04-20,0.8836514355364155,1.061619878532416,0.7056829925404149,ITA
Italy,ITA,PCM-DPC,Deaths,Cori_slidingWindow,2021-04-21,0.882833636306674,1.0497934848373278,0.7158737877760202,ITA
Italy,ITA,PCM-DPC,Deaths,Cori_slidingWindow,2021-04-22,0.8756147891187519,1.046560001759442,0.7046695764780617,ITA
Italy,ITA,PCM-DPC,Deaths,Cori_slidingWindow,2021-04-23,0.8650879842095387,1.043820432032365,0.6863555363867125,ITA
Italy,ITA,PCM-DPC,Deaths,Cori_slidingWindow,2021-04-24,0.8564831006350371,1.0375381823704586,0.6754280188996156,ITA
Italy,ITA,PCM-DPC,Deaths,Cori_slidingWindow,2021-04-25,0.8529393783578259,1.0285424999569042,0.6773362567587475,ITA
Italy,ITA,PCM-DPC,Deaths,Cori_slidingWindow,2021-04-26,0.853312280172745,1.0227684891923956,0.6838560711530943,ITA
Italy,ITA,PCM-DPC,Deaths,Cori_slidingWindow,2021-04-27,0.8537524476179426,1.0242567659643003,0.6832481292715848,ITA
Italy,ITA,PCM-DPC,Deaths,Cori_slidingWindow,2021-04-28,0.8518350538534007,1.0271341389397373,0.6765359687670643,ITA
Italy,ITA,PCM-DPC,Deaths,Cori_slidingWindow,2021-04-29,0.8477659988831046,1.024457499072602,0.671074498693607,ITA
Italy,ITA,PCM-DPC,Deaths,Cori_slidingWindow,2021-04-30,0.843961201781567,1.01593769745456,0.671984706108574,ITA
Italy,ITA,PCM-DPC,Deaths,Cori_slidingWindow,2021-05-01,0.8424891278503083,1.00633590237297,0.6786423533276464,ITA
Italy,ITA,PCM-DPC,Deaths,Cori_slidingWindow,2021-05-02,0.8442199316714684,0.9996458387790803,0.6887940245638564,ITA
Italy,ITA,PCM-DPC,Deaths,Cori_slidingWindow,2021-05-03,0.8489231798400634,0.9957078887940567,0.7021384708860701,ITA
Italy,ITA,PCM-DPC,Deaths,Cori_slidingWindow,2021-05-04,0.8543638528308559,0.9921365627090196,0.7165911429526922,ITA
Italy,ITA,PCM-DPC,Deaths,Cori_slidingWindow,2021-05-05,0.8562665765975673,0.9865154699570847,0.7260176832380499,ITA
Italy,ITA,PCM-DPC,Deaths,Cori_slidingWindow,2021-05-06,0.8502607026527912,0.9760071746559903,0.7245142306495921,ITA
Italy,ITA,PCM-DPC,Deaths,Cori_slidingWindow,2021-05-07,0.8353977214627123,0.9603111396998736,0.710484303225551,ITA
Italy,ITA,PCM-DPC,Deaths,Cori_slidingWindow,2021-05-08,0.8147052682473327,0.9428348094666105,0.6865757270280549,ITA
Italy,ITA,PCM-DPC,Deaths,Cori_slidingWindow,2021-05-09,0.7919325778769095,0.9261431543051029,0.6577220014487162,ITA
Italy,ITA,PCM-DPC,Deaths,Cori_slidingWindow,2021-05-10,0.7695900343954514,0.9097493842914117,0.629430684499491,ITA
Italy,ITA,PCM-DPC,Deaths,Cori_slidingWindow,2021-05-11,0.7507852956519944,0.8949883692039163,0.6065822221000724,ITA
Italy,ITA,PCM-DPC,Deaths,Cori_slidingWindow,2021-05-12,0.7385461231017167,0.8863336939025287,0.5907585523009048,ITA
Italy,ITA,PCM-DPC,Deaths,Cori_slidingWindow,2021-05-13,0.7321726961632954,0.8856655725043057,0.5786798198222851,ITA
Italy,ITA,PCM-DPC,Deaths,Cori_slidingWindow,2021-05-14,0.7282648411439814,0.887676095868138,0.5688535864198248,ITA
Italy,ITA,PCM-DPC,Deaths,Cori_slidingWindow,2021-05-15,0.7264033480000995,0.8850462155949894,0.5677604804052097,ITA
Italy,ITA,PCM-DPC,Deaths,Cori_slidingWindow,2021-05-16,0.7316726680760619,0.8793983170782679,0.5839470190738559,ITA
Italy,ITA,PCM-DPC,Deaths,Cori_slidingWindow,2021-05-17,0.7505350557338698,0.8848937064970872,0.6161764049706524,ITA
Italy,ITA,PCM-DPC,Deaths,Cori_slidingWindow,2021-05-18,0.7801023864120845,0.9126865315621682,0.6475182412620009,ITA
Italy,ITA,PCM-DPC,Deaths,Cori_slidingWindow,2021-05-19,0.811202383779619,0.9571915915987073,0.6652131759605306,ITA
Italy,ITA,PCM-DPC,Deaths,Cori_slidingWindow,2021-05-20,0.8359615212406408,1.0039001699278016,0.66802287255348,ITA
Italy,ITA,PCM-DPC,Deaths,Cori_slidingWindow,2021-05-21,0.8541705566639509,1.0419668028680937,0.6663743104598081,ITA
Italy,ITA,PCM-DPC,Deaths,Cori_slidingWindow,2021-05-22,0.8686726341200592,1.0639896414668164,0.6733556267733021,ITA
Italy,ITA,PCM-DPC,Deaths,Cori_slidingWindow,2021-05-23,0.8769261205723836,1.0643359443969616,0.6895162967478058,ITA
Italy,ITA,PCM-DPC,Deaths,Cori_slidingWindow,2021-05-24,0.8729237750514667,1.0442222664393712,0.7016252836635621,ITA
Italy,ITA,PCM-DPC,Deaths,Cori_slidingWindow,2021-05-25,0.8553911276967341,1.013241645126397,0.6975406102670711,ITA
Italy,ITA,PCM-DPC,Deaths,Cori_slidingWindow,2021-05-26,0.8273959499485452,0.9772395560461141,0.6775523438509762,ITA
Italy,ITA,PCM-DPC,Deaths,Cori_slidingWindow,2021-05-27,0.7928010734922807,0.9360313498140425,0.6495707971705189,ITA
Italy,ITA,PCM-DPC,Deaths,Cori_slidingWindow,2021-05-28,0.7557106792515675,0.8953431456015912,0.6213439409154403,ITA
Italy,ITA,PCM-DPC,Deaths,Cori_slidingWindow,2021-05-29,0.7211609460450616,0.8608125314283009,0.5937160609985094,ITA
Italy,ITA,PCM-DPC,Deaths,Cori_slidingWindow,2021-05-30,0.6958684537714606,0.836938375614932,0.5676577294782106,ITA
Italy,ITA,PCM-DPC,Deaths,Cori_slidingWindow,2021-05-31,0.6843036916476523,0.8287856483976739,0.5534900660385368,ITA
Italy,ITA,PCM-DPC,Deaths,Cori_slidingWindow,2021-06-01,0.6868137978711493,0.83684818340612,0.5514198050457075,ITA
Italy,ITA,PCM-DPC,Deaths,Cori_slidingWindow,2021-06-02,0.7027395147961804,0.8603898935405921,0.5608486354967847,ITA
Italy,ITA,PCM-DPC,Deaths,Cori_slidingWindow,2021-06-03,0.7302123829314758,0.8972065888369843,0.5802051651264716,ITA
Italy,ITA,PCM-DPC,Deaths,Cori_slidingWindow,2021-06-04,0.7642079752376487,0.941474507993987,0.6052063710486956,ITA
Italy,ITA,PCM-DPC,Deaths,Cori_slidingWindow,2021-06-05,0.7985398956077905,0.9859928113913896,0.6306108182753528,ITA
Italy,ITA,PCM-DPC,Deaths,Cori_slidingWindow,2021-06-06,0.8297394226880901,1.0265890549071826,0.6535892127937641,ITA
Italy,ITA,PCM-DPC,Deaths,Cori_slidingWindow,2021-06-07,0.8609470247261841,1.066563232289631,0.6770821740356641,ITA
Italy,ITA,PCM-DPC,Deaths,Cori_slidingWindow,2021-06-08,0.8964419768073585,1.1106248301975474,0.7049252591152235,ITA
Italy,ITA,PCM-DPC,Deaths,Cori_slidingWindow,2021-06-09,0.9327648269526868,1.1548878969129543,0.7340779310158827,ITA
Italy,ITA,PCM-DPC,Deaths,Cori_slidingWindow,2021-06-10,0.9589968564415678,1.187098695977998,0.7549365317030414,ITA
Italy,ITA,PCM-DPC,Deaths,Cori_slidingWindow,2021-06-11,0.9658835618297846,1.1968781655183682,0.7593552667614034,ITA
Italy,ITA,PCM-DPC,Deaths,Cori_slidingWindow,2021-06-12,0.9544925466677853,1.1855211435212545,0.7482001750109698,ITA
Italy,ITA,PCM-DPC,Deaths,Cori_slidingWindow,2021-06-13,0.9315006188370025,1.1608136006038297,0.7271171506306007,ITA
Italy,ITA,PCM-DPC,Deaths,Cori_slidingWindow,2021-06-14,0.9033259098195779,1.1303544391224025,0.7014419011495702,ITA
Italy,ITA,PCM-DPC,Deaths,Cori_slidingWindow,2021-06-15,0.8729188063368312,1.0977851555095874,0.6735145236524384,ITA
Italy,ITA,PCM-DPC,Deaths,Cori_slidingWindow,2021-06-16,0.8428754344641085,1.0662071464312017,0.6454772880748151,ITA
Italy,ITA,PCM-DPC,Deaths,Cori_slidingWindow,2021-06-17,0.8153736284583586,1.0381668529332881,0.6191708236927431,ITA
Italy,ITA,PCM-DPC,Deaths,Cori_slidingWindow,2021-06-18,0.7927757396137535,1.0163903880662446,0.59661436027591,ITA
Italy,ITA,PCM-DPC,Deaths,Cori_slidingWindow,2021-06-19,0.77680876399449,1.0028779361307452,0.579273721493784,ITA
Italy,ITA,PCM-DPC,Deaths,Cori_slidingWindow,2021-06-20,0.7679088829311288,0.9981401613750996,0.5675111227252784,ITA
Italy,ITA,PCM-DPC,Deaths,Cori_slidingWindow,2021-06-21,0.7641079931801432,0.9998910140733658,0.5596621647934918,ITA
Italy,ITA,PCM-DPC,Deaths,Cori_slidingWindow,2021-06-22,0.7606678617513787,1.0025916231200616,0.5517615929629289,ITA
Italy,ITA,PCM-DPC,Deaths,Cori_slidingWindow,2021-06-23,0.7540255834875943,1.0019863756504084,0.5409096654148284,ITA
Italy,ITA,PCM-DPC,Deaths,Cori_slidingWindow,2021-06-24,0.7449558562032789,0.9988595306079108,0.5278616931229043,ITA
Italy,ITA,PCM-DPC,Deaths,Cori_slidingWindow,2021-06-25,0.7403835550336503,1.001286285539671,0.5184150951663631,ITA
Italy,ITA,PCM-DPC,Deaths,Cori_slidingWindow,2021-06-26,0.7474177326447526,1.0177436928198973,0.5183498980081768,ITA
Italy,ITA,PCM-DPC,Deaths,Cori_slidingWindow,2021-06-27,0.7680060341685558,1.0506433033320468,0.5291563261393815,ITA
Italy,ITA,PCM-DPC,Deaths,Cori_slidingWindow,2021-06-28,0.7974339659110656,1.0943066400066588,0.5470131239589745,ITA
Italy,ITA,PCM-DPC,Deaths,Cori_slidingWindow,2021-06-29,0.8299828210431297,1.1415673613975783,0.5675036601417007,ITA
Italy,ITA,PCM-DPC,Deaths,Cori_slidingWindow,2021-06-30,0.8638497581398246,1.1897684564682869,0.5895157390872648,ITA
Italy,ITA,PCM-DPC,Deaths,Cori_slidingWindow,2021-07-01,0.90121488320601,1.241068460343919,0.6151294603230103,ITA
Italy,ITA,PCM-DPC,Deaths,Cori_slidingWindow,2021-07-02,0.9449644905014696,1.2986031527841435,0.6469088806950327,ITA
Italy,ITA,PCM-DPC,Deaths,Cori_slidingWindow,2021-07-03,0.9949680370993892,1.3619598284164645,0.6849432608398952,ITA
Italy,ITA,PCM-DPC,Deaths,Cori_slidingWindow,2021-07-04,1.0495104267084872,1.4287642990177882,0.7280958381248956,ITA
Italy,ITA,PCM-DPC,Deaths,Cori_slidingWindow,2021-07-05,1.1059768092214017,1.4955540736064619,0.7745156043236202,ITA
Italy,ITA,PCM-DPC,Deaths,Cori_slidingWindow,2021-07-06,1.1578510981387722,1.5544472012044042,0.8189999192976087,ITA
Italy,ITA,PCM-DPC,Deaths,Cori_slidingWindow,2021-07-07,1.196166140807805,1.5950185080645225,0.8540448277534217,ITA
Italy,ITA,PCM-DPC,Deaths,Cori_slidingWindow,2021-07-08,1.2154491861121817,1.6113066967620076,0.874752637746735,ITA
Italy,ITA,PCM-DPC,Deaths,Cori_slidingWindow,2021-07-09,1.2214081724258867,1.6106121625195964,0.8854116403916737,ITA
Italy,ITA,PCM-DPC,Deaths,Cori_slidingWindow,2021-07-10,1.2253677746118394,1.6067904134418949,0.8950282020794154,ITA
Italy,ITA,PCM-DPC,Deaths,Cori_slidingWindow,2021-07-11,1.233257997289099,1.6072481917650114,0.9082190507115688,ITA
Italy,ITA,PCM-DPC,Deaths,Cori_slidingWindow,2021-07-12,1.2420498940169062,1.6087382740324958,0.9222350553416623,ITA
Italy,ITA,PCM-DPC,Deaths,Cori_slidingWindow,2021-07-13,1.243044297859862,1.6013324835746465,0.9295950481517287,ITA
Italy,ITA,PCM-DPC,Deaths,Cori_slidingWindow,2021-07-14,1.2323573250417483,1.58065247916801,0.9268978000513306,ITA
Italy,ITA,PCM-DPC,Deaths,Cori_slidingWindow,2021-07-15,1.2143180861037044,1.5518327311260482,0.8924581988751337,ITA
Italy,ITA,PCM-DPC,Deaths,Cori_slidingWindow,2021-07-16,1.2004400121065566,1.534752449309503,0.8661275749036101,ITA
Italy,ITA,PCM-DPC,Deaths,Cori_slidingWindow,2021-07-17,1.1992885677185874,1.520055313108988,0.8785218223281868,ITA
Italy,ITA,PCM-DPC,Deaths,Cori_slidingWindow,2021-07-18,1.211471410023029,1.5266725861461898,0.9226844016665778,ITA
Italy,ITA,PCM-DPC,Deaths,Cori_slidingWindow,2021-07-19,1.230563083041402,1.5416733701976408,0.9540935671358093,ITA
Italy,ITA,PCM-DPC,Deaths,Cori_slidingWindow,2021-07-20,1.2484567044134336,1.5551491265379211,0.975042831260823,ITA
Italy,ITA,PCM-DPC,Deaths,Cori_slidingWindow,2021-07-21,1.260769816058303,1.561979004011994,0.9914344287404719,ITA
Italy,ITA,PCM-DPC,Deaths,Cori_slidingWindow,2021-07-22,1.2681593134243458,1.5629223524338742,1.00382358326753,ITA
Italy,ITA,PCM-DPC,Deaths,Cori_slidingWindow,2021-07-23,1.2770152856132768,1.5652439161550875,1.017758650585254,ITA
Italy,ITA,PCM-DPC,Deaths,Cori_slidingWindow,2021-07-24,1.2935082394679316,1.6393027463103178,0.9477137326255454,ITA
Italy,ITA,PCM-DPC,Deaths,Cori_slidingWindow,2021-07-25,1.3189458467394493,1.8940337344638527,0.7438579590150459,ITA
Italy,ITA,PCM-DPC,Deaths,Cori_slidingWindow,2021-07-26,1.3484497985888884,2.125977248697208,0.5709223484805689,ITA
Italy,ITA,PCM-DPC,Deaths,Cori_slidingWindow,2021-07-27,1.3688807010776198,2.260110009044965,0.47765139311027505,ITA
Italy,ITA,PCM-DPC,Deaths,Cori_slidingWindow,2021-07-28,1.369138729522499,2.244687128948642,0.4935903300963561,ITA
Italy,ITA,PCM-DPC,Deaths,Cori_slidingWindow,2021-07-29,1.3491618675072612,2.097521886756247,0.6008018482582753,ITA
Italy,ITA,PCM-DPC,Deaths,Cori_slidingWindow,2021-07-30,1.3193434352844275,1.9121462454197742,0.726540625149081,ITA
Italy,ITA,PCM-DPC,Deaths,Cori_slidingWindow,2021-07-31,1.2888637254633908,1.7539436141304492,0.8237838367963324,ITA
Italy,ITA,PCM-DPC,Deaths,Cori_slidingWindow,2021-08-01,1.2591815134395348,1.6289815266417482,0.8893815002373213,ITA
Italy,ITA,PCM-DPC,Deaths,Cori_slidingWindow,2021-08-02,1.2277842040867064,1.5460834610484169,0.909484947124996,ITA
Italy,ITA,PCM-DPC,Deaths,Cori_slidingWindow,2021-08-03,1.19592813139244,1.5184388357339613,0.8734174270509185,ITA
Italy,ITA,PCM-DPC,Deaths,Cori_slidingWindow,2021-08-04,1.1663578977820768,1.5237482219810847,0.8089675735830688,ITA
Italy,ITA,PCM-DPC,Deaths,Cori_slidingWindow,2021-08-05,1.139538926405795,1.5343619835933813,0.7447158692182085,ITA
Italy,ITA,PCM-DPC,Deaths,Cori_slidingWindow,2021-08-06,1.1153504031710064,1.5287003808896409,0.702000425452372,ITA
Italy,ITA,PCM-DPC,Deaths,Cori_slidingWindow,2021-08-07,1.0959193690619276,1.497524544379826,0.6943141937440291,ITA
Italy,ITA,PCM-DPC,Deaths,Cori_slidingWindow,2021-08-08,1.0852911650880708,1.4544273236643221,0.7161550065118194,ITA
Italy,ITA,PCM-DPC,Deaths,Cori_slidingWindow,2021-08-09,1.0850797736051212,1.426759736942207,0.7433998102680355,ITA
Italy,ITA,PCM-DPC,Deaths,Cori_slidingWindow,2021-08-10,1.0899652953023105,1.4258900534289651,0.7540405371756558,ITA
Italy,ITA,PCM-DPC,Deaths,Cori_slidingWindow,2021-08-11,1.093321252595709,1.4333838483026344,0.7532586568887837,ITA
Italy,ITA,PCM-DPC,Deaths,Cori_slidingWindow,2021-08-12,1.091894599342669,1.42710910125227,0.7566800974330679,ITA
Italy,ITA,PCM-DPC,Deaths,Cori_slidingWindow,2021-08-13,1.08801123231033,1.4253031037989259,0.750719360821734,ITA
Italy,ITA,PCM-DPC,Deaths,Cori_slidingWindow,2021-08-14,1.0849332508860148,1.5523182184801,0.6175482832919295,ITA
Italy,ITA,PCM-DPC,Deaths,Cori_slidingWindow,2021-08-15,1.0823150995476543,1.7940401353246633,0.3705900637706451,ITA
Italy,ITA,PCM-DPC,Deaths,Cori_slidingWindow,2021-08-16,1.0770359034235488,1.9148876149183849,0.23918419192871276,ITA
Italy,ITA,PCM-DPC,Deaths,Cori_slidingWindow,2021-08-17,1.0660265108603655,1.8368985325194118,0.29515448920131915,ITA
Italy,ITA,PCM-DPC,Deaths,Cori_slidingWindow,2021-08-18,1.0483041958089192,1.6567924440078792,0.43981594760995935,ITA
Italy,ITA,PCM-DPC,Deaths,Cori_slidingWindow,2021-08-19,1.0256040852971062,1.4849051041346133,0.5663030664595992,ITA
Italy,ITA,PCM-DPC,Deaths,Cori_slidingWindow,2021-08-20,1.00344208242798,1.3832609374584328,0.6236232273975271,ITA
Italy,ITA,PCM-DPC,Deaths,Cori_slidingWindow,2021-08-21,0.9875214071838289,1.3412945855914573,0.6337482287762004,ITA
Italy,ITA,PCM-DPC,Deaths,Cori_slidingWindow,2021-08-22,0.9803690354809167,1.3169365650778968,0.6438015058839366,ITA
Italy,ITA,PCM-DPC,Deaths,Cori_slidingWindow,2021-08-23,0.9796433700425324,1.2973222226869834,0.6619645173980815,ITA
Italy,ITA,PCM-DPC,Deaths,Cori_slidingWindow,2021-08-24,0.9792993134534669,1.288891089116294,0.6697075377906399,ITA
Italy,ITA,PCM-DPC,Deaths,Cori_slidingWindow,2021-08-25,0.9749912908634891,1.289891069141209,0.6600915125857693,ITA
Italy,ITA,PCM-DPC,Deaths,Cori_slidingWindow,2021-08-26,0.9666951822982607,1.2937100416720533,0.639680322924468,ITA
Italy,ITA,PCM-DPC,Deaths,Cori_slidingWindow,2021-08-27,0.9589437191795018,1.2924957643427073,0.6253916740162964,ITA
Italy,ITA,PCM-DPC,Deaths,Cori_slidingWindow,2021-08-28,0.9559712168354242,1.2770428896329182,0.6348995440379301,ITA
Italy,ITA,PCM-DPC,Deaths,Cori_slidingWindow,2021-08-29,0.9586643207322386,1.2474276549381482,0.669900986526329,ITA
Italy,ITA,PCM-DPC,Deaths,Cori_slidingWindow,2021-08-30,0.9647958279492312,1.2188544149028224,0.7107372409956401,ITA
Italy,ITA,PCM-DPC,Deaths,Cori_slidingWindow,2021-08-31,0.971502307245496,1.2085791558836896,0.7344254586073026,ITA
Italy,ITA,PCM-DPC,Deaths,Cori_slidingWindow,2021-09-01,0.9763349592582174,1.2169903489880958,0.7356795695283391,ITA
Italy,ITA,PCM-DPC,Deaths,Cori_slidingWindow,2021-09-02,0.9774662063137225,1.2338319230896468,0.7211004895377982,ITA
Italy,ITA,PCM-DPC,Deaths,Cori_slidingWindow,2021-09-03,0.9746214742060323,1.247573444559484,0.7016695038525806,ITA
Italy,ITA,PCM-DPC,Deaths,Cori_slidingWindow,2021-09-04,0.9693164823609379,1.251409407473958,0.687223557247918,ITA
Italy,ITA,PCM-DPC,Deaths,Cori_slidingWindow,2021-09-05,0.9639384536699622,1.246715533482342,0.6811613738575824,ITA
Italy,ITA,PCM-DPC,Deaths,Cori_slidingWindow,2021-09-06,0.960289555200549,1.2415105602185346,0.6790685501825636,ITA
Italy,ITA,PCM-DPC,Deaths,Cori_slidingWindow,2021-09-07,0.9570803159473861,1.2424724045397157,0.6716882273550565,ITA
Italy,ITA,PCM-DPC,Deaths,Cori_slidingWindow,2021-09-08,0.9508311578005286,1.2491658736473155,0.6524964419537418,ITA
Italy,ITA,PCM-DPC,Deaths,Cori_slidingWindow,2021-09-09,0.9380431472697595,1.2570550636012148,0.619031230938304,ITA
Italy,ITA,PCM-DPC,Deaths,Cori_slidingWindow,2021-09-10,0.9195741189606745,1.2566034812660614,0.5825447566552876,ITA
Italy,ITA,PCM-DPC,Deaths,Cori_slidingWindow,2021-09-11,0.9001330154516697,1.2406547474514247,0.5596112834519147,ITA
Italy,ITA,PCM-DPC,Deaths,Cori_slidingWindow,2021-09-12,0.8835946647426403,1.213689316636697,0.5535000128485834,ITA
Italy,ITA,PCM-DPC,Deaths,Cori_slidingWindow,2021-09-13,0.8701958882953152,1.1839679018241696,0.5564238747664609,ITA
Italy,ITA,PCM-DPC,Deaths,Cori_slidingWindow,2021-09-14,0.8586294209564933,1.1525970102970018,0.5646618316159848,ITA
Italy,ITA,PCM-DPC,Deaths,Cori_slidingWindow,2021-09-15,0.8492914657537267,1.1163286729222914,0.5822542585851621,ITA
Italy,ITA,PCM-DPC,Deaths,Cori_slidingWindow,2021-09-16,0.8433013447293485,1.0745729162342907,0.6120297732244062,ITA
Italy,ITA,PCM-DPC,Deaths,Cori_slidingWindow,2021-09-17,0.8414243080246784,1.032778198531669,0.6500704175176876,ITA
Italy,ITA,PCM-DPC,Deaths,Cori_slidingWindow,2021-09-18,0.8438215753688345,1.0066057022615107,0.682795435523738,ITA
Italy,ITA,PCM-DPC,Deaths,Cori_slidingWindow,2021-09-19,0.8511487886226957,1.0176204387912722,0.6955875622185356,ITA
Italy,ITA,PCM-DPC,Deaths,Cori_slidingWindow,2021-09-20,0.8639206422192739,1.041756786406788,0.6860844980317596,ITA
Italy,ITA,PCM-DPC,Deaths,Cori_slidingWindow,2021-09-21,0.8811923124597496,1.1005485100023806,0.6618361149171186,ITA
Italy,ITA,PCM-DPC,Deaths,Cori_slidingWindow,2021-09-22,0.900743228255227,1.169048458554625,0.632437997955829,ITA
Italy,ITA,PCM-DPC,Deaths,Cori_slidingWindow,2021-09-23,0.9198825577454867,1.2333796934034575,0.6063854220875158,ITA
Italy,ITA,PCM-DPC,Deaths,Cori_slidingWindow,2021-09-24,0.9381620616400139,1.2772278187171036,0.5990963045629243,ITA
Italy,ITA,PCM-DPC,Deaths,Cori_slidingWindow,2021-09-25,0.9573792274597865,1.2889930195968213,0.6257654353227518,ITA
Italy,ITA,PCM-DPC,Deaths,Cori_slidingWindow,2021-09-26,0.9787519111725397,1.2732220495977176,0.6842817727473618,ITA
Italy,ITA,PCM-DPC,Deaths,Cori_slidingWindow,2021-09-27,1.0007760247773272,1.2505520203502074,0.751000029204447,ITA
Italy,ITA,PCM-DPC,Deaths,Cori_slidingWindow,2021-09-28,1.0178897466809054,1.2386655961944144,0.7971138971673962,ITA
Italy,ITA,PCM-DPC,Deaths,Cori_slidingWindow,2021-09-29,1.0258647923993935,1.2369041608607105,0.8148254239380766,ITA
Italy,ITA,PCM-DPC,Deaths,Cori_slidingWindow,2021-09-30,1.0259740657425187,1.2379347063433888,0.81401342514164865,ITA
Italy,ITA,PCM-DPC,Deaths,Cori_slidingWindow,2021-10-01,1.0256504100243657,1.2381010471392522,0.8131997729094793,ITA
Italy,ITA,PCM-DPC,Deaths,Cori_slidingWindow,2021-10-02,1.030819565477717,1.2359686161653471,0.8256705147900869,ITA
Italy,ITA,PCM-DPC,Deaths,Cori_slidingWindow,2021-10-03,1.0409538641415668,1.242682638763292,0.8485048350126562,ITA
Italy,ITA,PCM-DPC,Deaths,Cori_slidingWindow,2021-10-04,1.0500210169287396,1.2519462533835097,0.864506192756453,ITA
Italy,ITA,PCM-DPC,Deaths,Cori_slidingWindow,2021-10-05,1.0508503521417554,1.2520497713238643,0.8594845998679407,ITA
Italy,ITA,PCM-DPC,Deaths,Cori_slidingWindow,2021-10-06,1.0403182085571965,1.242688900119658,0.8379475169947349,ITA
Italy,ITA,PCM-DPC,Deaths,Cori_slidingWindow,2021-10-07,1.021682249177343,1.2309865622966896,0.8123779360579964,ITA
Italy,ITA,PCM-DPC,Deaths,Cori_slidingWindow,2021-10-08,1.004980487970362,1.2137843361792693,0.7961766397614549,ITA
Italy,ITA,PCM-DPC,Deaths,Cori_slidingWindow,2021-10-09,0.9991279502642599,1.2025755237943347,0.7956803767341851,ITA
Italy,ITA,PCM-DPC,Deaths,Cori_slidingWindow,2021-10-10,1.0065775301352733,1.2087566630954918,0.8043983971750548,ITA
Italy,ITA,PCM-DPC,Deaths,Cori_slidingWindow,2021-10-11,1.0221652796758969,1.2419584586313583,0.8023721007204353,ITA
Italy,ITA,PCM-DPC,Deaths,Cori_slidingWindow,2021-10-12,1.037025254825839,1.3015055605572234,0.7725449490944545,ITA
Italy,ITA,PCM-DPC,Deaths,Cori_slidingWindow,2021-10-13,1.0455652592858045,1.3721280031459264,0.7190025154256825,ITA
Italy,ITA,PCM-DPC,Deaths,Cori_slidingWindow,2021-10-14,1.0482085877977112,1.437253850293992,0.6591633253014304,ITA
Italy,ITA,PCM-DPC,Deaths,Cori_slidingWindow,2021-10-15,1.052003748015247,1.4765070124933,0.6275004835371943,ITA
Italy,ITA,PCM-DPC,Deaths,Cori_slidingWindow,2021-10-16,1.0640121574543007,1.474877207924525,0.6531471069840764,ITA
Italy,ITA,PCM-DPC,Deaths,Cori_slidingWindow,2021-10-17,1.08665430874037,1.4404439154966118,0.7328647019841281,ITA
Italy,ITA,PCM-DPC,Deaths,Cori_slidingWindow,2021-10-18,1.1165809120777328,1.4034650808413387,0.8296967433141269,ITA
Italy,ITA,PCM-DPC,Deaths,Cori_slidingWindow,2021-10-19,1.145437613225709,1.3924330790866732,0.8984421473647445,ITA
Italy,ITA,PCM-DPC,Deaths,Cori_slidingWindow,2021-10-20,1.1652430322614284,1.40672834370921,0.9237577208136469,ITA
Italy,ITA,PCM-DPC,Deaths,Cori_slidingWindow,2021-10-21,1.1730083682865844,1.4273347993293681,0.9186819372438007,ITA
Italy,ITA,PCM-DPC,Deaths,Cori_slidingWindow,2021-10-22,1.1719464908823811,1.4373273053101716,0.9065656764545906,ITA
Italy,ITA,PCM-DPC,Deaths,Cori_slidingWindow,2021-10-23,1.1668645867289331,1.4331130288131648,0.9006161446447013,ITA
Italy,ITA,PCM-DPC,Deaths,Cori_slidingWindow,2021-10-24,1.1602517657290297,1.4251433922326542,0.8953601392254051,ITA
Italy,ITA,PCM-DPC,Deaths,Cori_slidingWindow,2021-10-25,1.1527424109473037,1.427569655353421,0.8779151665411865,ITA
Italy,ITA,PCM-DPC,Deaths,Cori_slidingWindow,2021-10-26,1.1450587613939769,1.4418987908473506,0.8482187319406032,ITA
Italy,ITA,PCM-DPC,Deaths,Cori_slidingWindow,2021-10-27,1.1367083258795876,1.4543128596027894,0.8191037921563857,ITA
Italy,ITA,PCM-DPC,Deaths,Cori_slidingWindow,2021-10-28,1.1252456800876245,1.455641674984691,0.794849685190558,ITA
Italy,ITA,PCM-DPC,Deaths,Cori_slidingWindow,2021-10-29,1.1103240459975867,1.4558003450412489,0.7648477469539245,ITA
Italy,ITA,PCM-DPC,Deaths,Cori_slidingWindow,2021-10-30,1.095809750347423,1.4890200109041423,0.7025994897907035,ITA
Italy,ITA,PCM-DPC,Deaths,Cori_slidingWindow,2021-10-31,1.0867754724002647,1.57160657831317,0.6019443664873594,ITA
Italy,ITA,PCM-DPC,Deaths,Cori_slidingWindow,2021-11-01,1.0850598372999647,1.6676613441070613,0.5024583304928681,ITA
Italy,ITA,PCM-DPC,Deaths,Cori_slidingWindow,2021-11-02,1.0866467520182348,1.723984482865101,0.4493090211713685,ITA
Italy,ITA,PCM-DPC,Deaths,Cori_slidingWindow,2021-11-03,1.087154445691011,1.6921364274373725,0.4821724639446494,ITA
Italy,ITA,PCM-DPC,Deaths,Cori_slidingWindow,2021-11-04,1.0849995259716971,1.5585490782367135,0.6114499737066807,ITA
Italy,ITA,PCM-DPC,Deaths,Cori_slidingWindow,2021-11-05,1.0828344541052335,1.379298800468337,0.7863701077421299,ITA
Italy,ITA,PCM-DPC,Deaths,Cori_slidingWindow,2021-11-06,1.0835746721099544,1.2462988203871013,0.9208505238328076,ITA
Italy,ITA,PCM-DPC,Deaths,Cori_slidingWindow,2021-11-07,1.0869562323543123,1.2385447739035256,0.9394223427835529,ITA
Italy,ITA,PCM-DPC,Deaths,Cori_slidingWindow,2021-11-08,1.0898408881283965,1.2797579490129125,0.8999238272438806,ITA
Italy,ITA,PCM-DPC,Deaths,Cori_slidingWindow,2021-11-09,1.0886840545383079,1.3137333231313248,0.8636347859452909,ITA
Italy,ITA,PCM-DPC,Deaths,Cori_slidingWindow,2021-11-10,1.082051200242731,1.3277763757302754,0.8363260247551865,ITA
Italy,ITA,PCM-DPC,Deaths,Cori_slidingWindow,2021-11-11,1.0713391913802552,1.3262327544309072,0.8164456283296032,ITA
Italy,ITA,PCM-DPC,Deaths,Cori_slidingWindow,2021-11-12,1.0613235047209348,1.317622580815996,0.8050244286258736,ITA
Italy,ITA,PCM-DPC,Deaths,Cori_slidingWindow,2021-11-13,1.0566483362405328,1.3098569404357447,0.8034397320453207,ITA
Italy,ITA,PCM-DPC,Deaths,Cori_slidingWindow,2021-11-14,1.0590089325550527,1.3068458246545598,0.8111720404555456,ITA
Italy,ITA,PCM-DPC,Deaths,Cori_slidingWindow,2021-11-15,1.0660794189034957,1.3071705302224452,0.824988307584546,ITA
Italy,ITA,PCM-DPC,Deaths,Cori_slidingWindow,2021-11-16,1.0739264484554363,1.305052121791555,0.8428007751193176,ITA
Italy,ITA,PCM-DPC,Deaths,Cori_slidingWindow,2021-11-17,1.080678992087335,1.2922139798608336,0.8691440043138363,ITA
Italy,ITA,PCM-DPC,Deaths,Cori_slidingWindow,2021-11-18,1.0870029181461804,1.2564840997442155,0.9175217365481454,ITA
Italy,ITA,PCM-DPC,Deaths,Cori_slidingWindow,2021-11-19,1.0952886647834,1.2338036912294885,0.9649148152106052,ITA
Italy,ITA,PCM-DPC,Deaths,Cori_slidingWindow,2021-11-20,1.1074992398504249,1.3509341474014853,0.8640643322993643,ITA
Italy,ITA,PCM-DPC,Deaths,Cori_slidingWindow,2021-11-21,1.1245378618323187,1.6721395776357069,0.5769361460289307,ITA
Italy,ITA,PCM-DPC,Deaths,Cori_slidingWindow,2021-11-22,1.1446140948174794,1.9190775282742987,0.3701506613606602,ITA
Italy,ITA,PCM-DPC,Deaths,Cori_slidingWindow,2021-11-23,1.1638476387419334,1.9543801146554656,0.3733151628284014,ITA
Italy,ITA,PCM-DPC,Deaths,Cori_slidingWindow,2021-11-24,1.1785197245325978,1.834797525246212,0.5222419238189835,ITA
Italy,ITA,PCM-DPC,Deaths,Cori_slidingWindow,2021-11-25,1.1876560720319371,1.6676518192394987,0.7076603248243755,ITA
Italy,ITA,PCM-DPC,Deaths,Cori_slidingWindow,2021-11-26,1.192988600169924,1.5186308783692728,0.867346321970575,ITA
Italy,ITA,PCM-DPC,Deaths,Cori_slidingWindow,2021-11-27,1.1964422644984696,1.413546954751774,0.9793375742451651,ITA
Italy,ITA,PCM-DPC,Deaths,Cori_slidingWindow,2021-11-28,1.1990958267377325,1.3575820310371896,1.0406096224382755,ITA
Italy,ITA,PCM-DPC,Deaths,Cori_slidingWindow,2021-11-29,1.1988646482126355,1.337970974794404,1.059758321630867,ITA
Italy,ITA,PCM-DPC,Deaths,Cori_slidingWindow,2021-11-30,1.1925103350830362,1.3279829060143908,1.0570377641516815,ITA
Italy,ITA,PCM-DPC,Deaths,Cori_slidingWindow,2021-12-01,1.1788364832807239,1.3106296576645335,1.0470433088969142,ITA
Italy,ITA,PCM-DPC,Deaths,Cori_slidingWindow,2021-12-02,1.160374408831778,1.2856446157732864,1.0351042018902696,ITA
Italy,ITA,PCM-DPC,Deaths,Cori_slidingWindow,2021-12-03,1.1408890262735945,1.2587509119119937,1.0230271406351952,ITA
Italy,ITA,PCM-DPC,Deaths,Cori_slidingWindow,2021-12-04,1.122276069480688,1.2344590429187194,1.0100930960426564,ITA
Italy,ITA,PCM-DPC,Deaths,Cori_slidingWindow,2021-12-05,1.1047587759451054,1.217326469742425,0.9921910821477858,ITA
Italy,ITA,PCM-DPC,Deaths,Cori_slidingWindow,2021-12-06,1.0882145276970259,1.2142876949412458,0.962141360452806,ITA
Italy,ITA,PCM-DPC,Deaths,Cori_slidingWindow,2021-12-07,1.0723907429961081,1.2314970775053282,0.9132844084868881,ITA
Italy,ITA,PCM-DPC,Deaths,Cori_slidingWindow,2021-12-08,1.0568110503426427,1.2672709622151543,0.846351138470131,ITA
Italy,ITA,PCM-DPC,Deaths,Cori_slidingWindow,2021-12-09,1.043905899379109,1.3010019538361692,0.7868098449220489,ITA
Italy,ITA,PCM-DPC,Deaths,Cori_slidingWindow,2021-12-10,1.0386103326903302,1.3122182189424412,0.7650024464382192,ITA
Italy,ITA,PCM-DPC,Deaths,Cori_slidingWindow,2021-12-11,1.0449002364498845,1.3062146987102579,0.7835857741895111,ITA
Italy,ITA,PCM-DPC,Deaths,Cori_slidingWindow,2021-12-12,1.0622946973272467,1.3051703220394049,0.8194190726150885,ITA
Italy,ITA,PCM-DPC,Deaths,Cori_slidingWindow,2021-12-13,1.0846050744800497,1.3228297345261029,0.8463804144339965,ITA
Italy,ITA,PCM-DPC,Deaths,Cori_slidingWindow,2021-12-14,1.1059429088309753,1.374076869544135,0.8378089481178157,ITA
Italy,ITA,PCM-DPC,Deaths,Cori_slidingWindow,2021-12-15,1.124298535411792,1.46947683380326,0.7791202370203241,ITA
Italy,ITA,PCM-DPC,Deaths,Cori_slidingWindow,2021-12-16,1.1430737982254005,1.5730370842747257,0.7131105121760752,ITA
Italy,ITA,PCM-DPC,Deaths,Cori_slidingWindow,2021-12-17,1.1664548183205865,1.650358188476415,0.6825514481647581,ITA
Italy,ITA,PCM-DPC,Deaths,Cori_slidingWindow,2021-12-18,1.1953280340488601,1.7331334686514983,0.6575225994462219,ITA
Italy,ITA,PCM-DPC,Deaths,Cori_slidingWindow,2021-12-19,1.2272704447233105,1.8736002957816846,0.5809405936649362,ITA
Italy,ITA,PCM-DPC,Deaths,Cori_slidingWindow,2021-12-20,1.257915593300335,2.0554410565887746,0.4603901300118953,ITA
Italy,ITA,PCM-DPC,Deaths,Cori_slidingWindow,2021-12-21,1.2828351069087816,2.1890380010754917,0.37663221274207126,ITA
Italy,ITA,PCM-DPC,Deaths,Cori_slidingWindow,2021-12-22,1.2993598168136355,2.193286738830963,0.40543289479630784,ITA
Italy,ITA,PCM-DPC,Deaths,Cori_slidingWindow,2021-12-23,1.3069343229774306,2.0757285469135778,0.5381400990412835,ITA
Italy,ITA,PCM-DPC,Deaths,Cori_slidingWindow,2021-12-24,1.306930981259785,1.902081807559747,0.7117801549598228,ITA
Italy,ITA,PCM-DPC,Deaths,Cori_slidingWindow,2021-12-25,1.3018683136549702,1.7345294688737358,0.8692071584362047,ITA
Italy,ITA,PCM-DPC,Deaths,Cori_slidingWindow,2021-12-26,1.2951822118205094,1.6244601939469385,0.9659042296940804,ITA
Italy,ITA,PCM-DPC,Deaths,Cori_slidingWindow,2021-12-27,1.2870783159724026,1.589994394860526,0.9841622370842794,ITA
Italy,ITA,PCM-DPC,Deaths,Cori_slidingWindow,2021-12-28,1.2740089002267145,1.602841114633871,0.945176685819558,ITA
Italy,ITA,PCM-DPC,Deaths,Cori_slidingWindow,2021-12-29,1.252454959628774,1.6253641402178767,0.8795457790396712,ITA
Italy,ITA,PCM-DPC,Deaths,Cori_slidingWindow,2021-12-30,1.223823171635188,1.6289048511568356,0.8187414921135402,ITA
Italy,ITA,PCM-DPC,Deaths,Cori_slidingWindow,2021-12-31,1.1936692396927988,1.5986389480295098,0.7886995313560878,ITA
Italy,ITA,PCM-DPC,Deaths,Cori_step,2020-02-25,2.154756576729598,2.778921454842333,1.530591698616863,ITA
Italy,ITA,PCM-DPC,Deaths,Cori_step,2020-02-26,2.154756576729598,2.778921454842333,1.530591698616863,ITA
Italy,ITA,PCM-DPC,Deaths,Cori_step,2020-02-27,2.154756576729598,2.778921454842333,1.530591698616863,ITA
Italy,ITA,PCM-DPC,Deaths,Cori_step,2020-02-28,2.154756576729598,2.778921454842333,1.530591698616863,ITA
Italy,ITA,PCM-DPC,Deaths,Cori_step,2020-02-29,2.154756576729598,2.778921454842333,1.530591698616863,ITA
Italy,ITA,PCM-DPC,Deaths,Cori_step,2020-03-01,2.154756576729598,2.778921454842333,1.530591698616863,ITA
Italy,ITA,PCM-DPC,Deaths,Cori_step,2020-03-02,1.6644653348701302,2.092464229601916,1.2364664401383443,ITA
Italy,ITA,PCM-DPC,Deaths,Cori_step,2020-03-03,1.6644653348701302,2.092464229601916,1.2364664401383443,ITA
Italy,ITA,PCM-DPC,Deaths,Cori_step,2020-03-04,1.5450697317200526,1.7910045436243003,1.2991349198158049,ITA
Italy,ITA,PCM-DPC,Deaths,Cori_step,2020-03-05,1.3066663858918819,1.9859457591653782,0.6273870126183857,ITA
Italy,ITA,PCM-DPC,Deaths,Cori_step,2020-03-06,1.3066663858918819,1.9859457591653782,0.6273870126183857,ITA
Italy,ITA,PCM-DPC,Deaths,Cori_step,2020-03-07,1.3066663858918819,1.9859457591653782,0.6273870126183857,ITA
Italy,ITA,PCM-DPC,Deaths,Cori_step,2020-03-08,1.3066663858918819,1.9859457591653782,0.6273870126183857,ITA
Italy,ITA,PCM-DPC,Deaths,Cori_step,2020-03-09,1.3066663858918819,1.9859457591653782,0.6273870126183857,ITA
Italy,ITA,PCM-DPC,Deaths,Cori_step,2020-03-10,1.113255887150656,2.0403055826680156,0.18620619163329633,ITA
Italy,ITA,PCM-DPC,Deaths,Cori_step,2020-03-11,0.9073502814631748,1.0627827028552483,0.7519178600711012,ITA
Italy,ITA,PCM-DPC,Deaths,Cori_step,2020-03-12,0.9073502814631748,1.0627827028552483,0.7519178600711012,ITA
Italy,ITA,PCM-DPC,Deaths,Cori_step,2020-03-13,0.9073502814631748,1.0627827028552483,0.7519178600711012,ITA
Italy,ITA,PCM-DPC,Deaths,Cori_step,2020-03-14,0.9073502814631748,1.0627827028552483,0.7519178600711012,ITA
Italy,ITA,PCM-DPC,Deaths,Cori_step,2020-03-15,0.9073502814631748,1.0627827028552483,0.7519178600711012,ITA
Italy,ITA,PCM-DPC,Deaths,Cori_step,2020-03-16,0.9073502814631748,1.0627827028552483,0.7519178600711012,ITA
Italy,ITA,PCM-DPC,Deaths,Cori_step,2020-03-17,0.9073502814631748,1.0627827028552483,0.7519178600711012,ITA
Italy,ITA,PCM-DPC,Deaths,Cori_step,2020-03-18,0.9073502814631748,1.0627827028552483,0.7519178600711012,ITA
Italy,ITA,PCM-DPC,Deaths,Cori_step,2020-03-19,0.9073502814631748,1.0627827028552483,0.7519178600711012,ITA
Italy,ITA,PCM-DPC,Deaths,Cori_step,2020-03-20,0.8575324281895449,1.0260512013865175,0.6890136549925722,ITA
Italy,ITA,PCM-DPC,Deaths,Cori_step,2020-03-21,0.8575324281895449,1.0260512013865175,0.6890136549925722,ITA
Italy,ITA,PCM-DPC,Deaths,Cori_step,2020-03-22,0.8575324281895449,1.0260512013865175,0.6890136549925722,ITA
Italy,ITA,PCM-DPC,Deaths,Cori_step,2020-03-23,0.8575324281895449,1.0260512013865175,0.6890136549925722,ITA
Italy,ITA,PCM-DPC,Deaths,Cori_step,2020-03-24,0.8575324281895449,1.0260512013865175,0.6890136549925722,ITA
Italy,ITA,PCM-DPC,Deaths,Cori_step,2020-03-25,0.8575324281895449,1.0260512013865175,0.6890136549925722,ITA
Italy,ITA,PCM-DPC,Deaths,Cori_step,2020-03-26,0.8575324281895449,1.0260512013865175,0.6890136549925722,ITA
Italy,ITA,PCM-DPC,Deaths,Cori_step,2020-03-27,0.8575324281895449,1.0260512013865175,0.6890136549925722,ITA
Italy,ITA,PCM-DPC,Deaths,Cori_step,2020-03-28,0.8575324281895449,1.0260512013865175,0.6890136549925722,ITA
Italy,ITA,PCM-DPC,Deaths,Cori_step,2020-03-29,0.8575324281895449,1.0260512013865175,0.6890136549925722,ITA
Italy,ITA,PCM-DPC,Deaths,Cori_step,2020-03-30,0.8575324281895449,1.0260512013865175,0.6890136549925722,ITA
Italy,ITA,PCM-DPC,Deaths,Cori_step,2020-03-31,0.8575324281895449,1.0260512013865175,0.6890136549925722,ITA
Italy,ITA,PCM-DPC,Deaths,Cori_step,2020-04-01,0.8575324281895449,1.0260512013865175,0.6890136549925722,ITA
Italy,ITA,PCM-DPC,Deaths,Cori_step,2020-04-02,0.8575324281895449,1.0260512013865175,0.6890136549925722,ITA
Italy,ITA,PCM-DPC,Deaths,Cori_step,2020-04-03,0.8575324281895449,1.0260512013865175,0.6890136549925722,ITA
Italy,ITA,PCM-DPC,Deaths,Cori_step,2020-04-04,0.8575324281895449,1.0260512013865175,0.6890136549925722,ITA
Italy,ITA,PCM-DPC,Deaths,Cori_step,2020-04-05,0.8575324281895449,1.0260512013865175,0.6890136549925722,ITA
Italy,ITA,PCM-DPC,Deaths,Cori_step,2020-04-06,0.8575324281895449,1.0260512013865175,0.6890136549925722,ITA
Italy,ITA,PCM-DPC,Deaths,Cori_step,2020-04-07,0.8069494990242063,1.1118938331076291,0.5020051649407835,ITA
Italy,ITA,PCM-DPC,Deaths,Cori_step,2020-04-08,0.8069494990242063,1.1118938331076291,0.5020051649407835,ITA
Italy,ITA,PCM-DPC,Deaths,Cori_step,2020-04-09,0.8069494990242063,1.1118938331076291,0.5020051649407835,ITA
Italy,ITA,PCM-DPC,Deaths,Cori_step,2020-04-10,0.8069494990242063,1.1118938331076291,0.5020051649407835,ITA
Italy,ITA,PCM-DPC,Deaths,Cori_step,2020-04-11,0.8069494990242063,1.1118938331076291,0.5020051649407835,ITA
Italy,ITA,PCM-DPC,Deaths,Cori_step,2020-04-12,0.8116174788195718,0.9495356180896862,0.6736993395494574,ITA
Italy,ITA,PCM-DPC,Deaths,Cori_step,2020-04-13,0.8116174788195718,0.9495356180896862,0.6736993395494574,ITA
Italy,ITA,PCM-DPC,Deaths,Cori_step,2020-04-14,0.8116174788195718,0.9495356180896862,0.6736993395494574,ITA
Italy,ITA,PCM-DPC,Deaths,Cori_step,2020-04-15,0.8116174788195718,0.9495356180896862,0.6736993395494574,ITA
Italy,ITA,PCM-DPC,Deaths,Cori_step,2020-04-16,0.8116174788195718,0.9495356180896862,0.6736993395494574,ITA
Italy,ITA,PCM-DPC,Deaths,Cori_step,2020-04-17,0.8116174788195718,0.9495356180896862,0.6736993395494574,ITA
Italy,ITA,PCM-DPC,Deaths,Cori_step,2020-04-18,0.8116174788195718,0.9495356180896862,0.6736993395494574,ITA
Italy,ITA,PCM-DPC,Deaths,Cori_step,2020-04-19,0.8116174788195718,0.9495356180896862,0.6736993395494574,ITA
Italy,ITA,PCM-DPC,Deaths,Cori_step,2020-04-20,0.8116174788195718,0.9495356180896862,0.6736993395494574,ITA
Italy,ITA,PCM-DPC,Deaths,Cori_step,2020-04-21,0.8116174788195718,0.9495356180896862,0.6736993395494574,ITA
Italy,ITA,PCM-DPC,Deaths,Cori_step,2020-04-22,0.8116174788195718,0.9495356180896862,0.6736993395494574,ITA
Italy,ITA,PCM-DPC,Deaths,Cori_step,2020-04-23,0.8116174788195718,0.9495356180896862,0.6736993395494574,ITA
Italy,ITA,PCM-DPC,Deaths,Cori_step,2020-04-24,0.8116174788195718,0.9495356180896862,0.6736993395494574,ITA
Italy,ITA,PCM-DPC,Deaths,Cori_step,2020-04-25,0.8116174788195718,0.9495356180896862,0.6736993395494574,ITA
Italy,ITA,PCM-DPC,Deaths,Cori_step,2020-04-26,0.8116174788195718,0.9495356180896862,0.6736993395494574,ITA
Italy,ITA,PCM-DPC,Deaths,Cori_step,2020-04-27,0.8116174788195718,0.9495356180896862,0.6736993395494574,ITA
Italy,ITA,PCM-DPC,Deaths,Cori_step,2020-04-28,0.8116174788195718,0.9495356180896862,0.6736993395494574,ITA
Italy,ITA,PCM-DPC,Deaths,Cori_step,2020-04-29,0.8116174788195718,0.9495356180896862,0.6736993395494574,ITA
Italy,ITA,PCM-DPC,Deaths,Cori_step,2020-04-30,0.8116174788195718,0.9495356180896862,0.6736993395494574,ITA
Italy,ITA,PCM-DPC,Deaths,Cori_step,2020-05-01,0.8116174788195718,0.9495356180896862,0.6736993395494574,ITA
Italy,ITA,PCM-DPC,Deaths,Cori_step,2020-05-02,0.8116174788195718,0.9495356180896862,0.6736993395494574,ITA
Italy,ITA,PCM-DPC,Deaths,Cori_step,2020-05-03,0.8116174788195718,0.9495356180896862,0.6736993395494574,ITA
Italy,ITA,PCM-DPC,Deaths,Cori_step,2020-05-04,0.772902597679008,1.0043084276526315,0.5414967677053846,ITA
Italy,ITA,PCM-DPC,Deaths,Cori_step,2020-05-05,0.772902597679008,1.0043084276526315,0.5414967677053846,ITA
Italy,ITA,PCM-DPC,Deaths,Cori_step,2020-05-06,0.772902597679008,1.0043084276526315,0.5414967677053846,ITA
Italy,ITA,PCM-DPC,Deaths,Cori_step,2020-05-07,0.772902597679008,1.0043084276526315,0.5414967677053846,ITA
Italy,ITA,PCM-DPC,Deaths,Cori_step,2020-05-08,0.772902597679008,1.0043084276526315,0.5414967677053846,ITA
Italy,ITA,PCM-DPC,Deaths,Cori_step,2020-05-09,0.772902597679008,1.0043084276526315,0.5414967677053846,ITA
Italy,ITA,PCM-DPC,Deaths,Cori_step,2020-05-10,0.772902597679008,1.0043084276526315,0.5414967677053846,ITA
Italy,ITA,PCM-DPC,Deaths,Cori_step,2020-05-11,0.772902597679008,1.0043084276526315,0.5414967677053846,ITA
Italy,ITA,PCM-DPC,Deaths,Cori_step,2020-05-12,0.772902597679008,1.0043084276526315,0.5414967677053846,ITA
Italy,ITA,PCM-DPC,Deaths,Cori_step,2020-05-13,0.772902597679008,1.0043084276526315,0.5414967677053846,ITA
Italy,ITA,PCM-DPC,Deaths,Cori_step,2020-05-14,0.772902597679008,1.0043084276526315,0.5414967677053846,ITA
Italy,ITA,PCM-DPC,Deaths,Cori_step,2020-05-15,0.772902597679008,1.0043084276526315,0.5414967677053846,ITA
Italy,ITA,PCM-DPC,Deaths,Cori_step,2020-05-16,0.9141285817198574,1.2080660620412782,0.6201911013984367,ITA
Italy,ITA,PCM-DPC,Deaths,Cori_step,2020-05-17,0.9141285817198574,1.2080660620412782,0.6201911013984367,ITA
Italy,ITA,PCM-DPC,Deaths,Cori_step,2020-05-18,0.8577370569415341,0.9351948569572736,0.7802792569257947,ITA
Italy,ITA,PCM-DPC,Deaths,Cori_step,2020-05-19,0.8577370569415341,0.9351948569572736,0.7802792569257947,ITA
Italy,ITA,PCM-DPC,Deaths,Cori_step,2020-05-20,0.8577370569415341,0.9351948569572736,0.7802792569257947,ITA
Italy,ITA,PCM-DPC,Deaths,Cori_step,2020-05-21,0.8577370569415341,0.9351948569572736,0.7802792569257947,ITA
Italy,ITA,PCM-DPC,Deaths,Cori_step,2020-05-22,0.8577370569415341,0.9351948569572736,0.7802792569257947,ITA
Italy,ITA,PCM-DPC,Deaths,Cori_step,2020-05-23,0.8577370569415341,0.9351948569572736,0.7802792569257947,ITA
Italy,ITA,PCM-DPC,Deaths,Cori_step,2020-05-24,0.8577370569415341,0.9351948569572736,0.7802792569257947,ITA
Italy,ITA,PCM-DPC,Deaths,Cori_step,2020-05-25,0.8577370569415341,0.9351948569572736,0.7802792569257947,ITA
Italy,ITA,PCM-DPC,Deaths,Cori_step,2020-05-26,0.8577370569415341,0.9351948569572736,0.7802792569257947,ITA
Italy,ITA,PCM-DPC,Deaths,Cori_step,2020-05-27,0.8577370569415341,0.9351948569572736,0.7802792569257947,ITA
Italy,ITA,PCM-DPC,Deaths,Cori_step,2020-05-28,0.8577370569415341,0.9351948569572736,0.7802792569257947,ITA
Italy,ITA,PCM-DPC,Deaths,Cori_step,2020-05-29,0.8577370569415341,0.9351948569572736,0.7802792569257947,ITA
Italy,ITA,PCM-DPC,Deaths,Cori_step,2020-05-30,0.8577370569415341,0.9351948569572736,0.7802792569257947,ITA
Italy,ITA,PCM-DPC,Deaths,Cori_step,2020-05-31,0.8577370569415341,0.9351948569572736,0.7802792569257947,ITA
Italy,ITA,PCM-DPC,Deaths,Cori_step,2020-06-01,0.8577370569415341,0.9351948569572736,0.7802792569257947,ITA
Italy,ITA,PCM-DPC,Deaths,Cori_step,2020-06-02,0.8577370569415341,0.9351948569572736,0.7802792569257947,ITA
Italy,ITA,PCM-DPC,Deaths,Cori_step,2020-06-03,0.8577370569415341,0.9351948569572736,0.7802792569257947,ITA
Italy,ITA,PCM-DPC,Deaths,Cori_step,2020-06-04,0.8577370569415341,0.9351948569572736,0.7802792569257947,ITA
Italy,ITA,PCM-DPC,Deaths,Cori_step,2020-06-05,0.8577370569415341,0.9351948569572736,0.7802792569257947,ITA
Italy,ITA,PCM-DPC,Deaths,Cori_step,2020-06-06,0.8577370569415341,0.9351948569572736,0.7802792569257947,ITA
Italy,ITA,PCM-DPC,Deaths,Cori_step,2020-06-07,0.8577370569415341,0.9351948569572736,0.7802792569257947,ITA
Italy,ITA,PCM-DPC,Deaths,Cori_step,2020-06-08,0.8577370569415341,0.9351948569572736,0.7802792569257947,ITA
Italy,ITA,PCM-DPC,Deaths,Cori_step,2020-06-09,0.8577370569415341,0.9351948569572736,0.7802792569257947,ITA
Italy,ITA,PCM-DPC,Deaths,Cori_step,2020-06-10,0.8577370569415341,0.9351948569572736,0.7802792569257947,ITA
Italy,ITA,PCM-DPC,Deaths,Cori_step,2020-06-11,0.8577370569415341,0.9351948569572736,0.7802792569257947,ITA
Italy,ITA,PCM-DPC,Deaths,Cori_step,2020-06-12,0.8577370569415341,0.9351948569572736,0.7802792569257947,ITA
Italy,ITA,PCM-DPC,Deaths,Cori_step,2020-06-13,0.8577370569415341,0.9351948569572736,0.7802792569257947,ITA
Italy,ITA,PCM-DPC,Deaths,Cori_step,2020-06-14,0.8577370569415341,0.9351948569572736,0.7802792569257947,ITA
Italy,ITA,PCM-DPC,Deaths,Cori_step,2020-06-15,0.8577370569415341,0.9351948569572736,0.7802792569257947,ITA
Italy,ITA,PCM-DPC,Deaths,Cori_step,2020-06-16,0.8577370569415341,0.9351948569572736,0.7802792569257947,ITA
Italy,ITA,PCM-DPC,Deaths,Cori_step,2020-06-17,0.8577370569415341,0.9351948569572736,0.7802792569257947,ITA
Italy,ITA,PCM-DPC,Deaths,Cori_step,2020-06-18,0.8577370569415341,0.9351948569572736,0.7802792569257947,ITA
Italy,ITA,PCM-DPC,Deaths,Cori_step,2020-06-19,0.8577370569415341,0.9351948569572736,0.7802792569257947,ITA
Italy,ITA,PCM-DPC,Deaths,Cori_step,2020-06-20,0.8577370569415341,0.9351948569572736,0.7802792569257947,ITA
Italy,ITA,PCM-DPC,Deaths,Cori_step,2020-06-21,0.8577370569415341,0.9351948569572736,0.7802792569257947,ITA
Italy,ITA,PCM-DPC,Deaths,Cori_step,2020-06-22,0.8577370569415341,0.9351948569572736,0.7802792569257947,ITA
Italy,ITA,PCM-DPC,Deaths,Cori_step,2020-06-23,0.8577370569415341,0.9351948569572736,0.7802792569257947,ITA
Italy,ITA,PCM-DPC,Deaths,Cori_step,2020-06-24,0.8577370569415341,0.9351948569572736,0.7802792569257947,ITA
Italy,ITA,PCM-DPC,Deaths,Cori_step,2020-06-25,0.8577370569415341,0.9351948569572736,0.7802792569257947,ITA
Italy,ITA,PCM-DPC,Deaths,Cori_step,2020-06-26,0.8577370569415341,0.9351948569572736,0.7802792569257947,ITA
Italy,ITA,PCM-DPC,Deaths,Cori_step,2020-06-27,0.8577370569415341,0.9351948569572736,0.7802792569257947,ITA
Italy,ITA,PCM-DPC,Deaths,Cori_step,2020-06-28,0.8577370569415341,0.9351948569572736,0.7802792569257947,ITA
Italy,ITA,PCM-DPC,Deaths,Cori_step,2020-06-29,0.8577370569415341,0.9351948569572736,0.7802792569257947,ITA
Italy,ITA,PCM-DPC,Deaths,Cori_step,2020-06-30,0.8577370569415341,0.9351948569572736,0.7802792569257947,ITA
Italy,ITA,PCM-DPC,Deaths,Cori_step,2020-07-01,0.8577370569415341,0.9351948569572736,0.7802792569257947,ITA
Italy,ITA,PCM-DPC,Deaths,Cori_step,2020-07-02,0.8577370569415341,0.9351948569572736,0.7802792569257947,ITA
Italy,ITA,PCM-DPC,Deaths,Cori_step,2020-07-03,0.8577370569415341,0.9351948569572736,0.7802792569257947,ITA
Italy,ITA,PCM-DPC,Deaths,Cori_step,2020-07-04,0.8577370569415341,0.9351948569572736,0.7802792569257947,ITA
Italy,ITA,PCM-DPC,Deaths,Cori_step,2020-07-05,0.8577370569415341,0.9351948569572736,0.7802792569257947,ITA
Italy,ITA,PCM-DPC,Deaths,Cori_step,2020-07-06,0.8577370569415341,0.9351948569572736,0.7802792569257947,ITA
Italy,ITA,PCM-DPC,Deaths,Cori_step,2020-07-07,0.8577370569415341,0.9351948569572736,0.7802792569257947,ITA
Italy,ITA,PCM-DPC,Deaths,Cori_step,2020-07-08,0.8577370569415341,0.9351948569572736,0.7802792569257947,ITA
Italy,ITA,PCM-DPC,Deaths,Cori_step,2020-07-09,0.8577370569415341,0.9351948569572736,0.7802792569257947,ITA
Italy,ITA,PCM-DPC,Deaths,Cori_step,2020-07-10,0.8577370569415341,0.9351948569572736,0.7802792569257947,ITA
Italy,ITA,PCM-DPC,Deaths,Cori_step,2020-07-11,0.8577370569415341,0.9351948569572736,0.7802792569257947,ITA
Italy,ITA,PCM-DPC,Deaths,Cori_step,2020-07-12,0.8577370569415341,0.9351948569572736,0.7802792569257947,ITA
Italy,ITA,PCM-DPC,Deaths,Cori_step,2020-07-13,0.8577370569415341,0.9351948569572736,0.7802792569257947,ITA
Italy,ITA,PCM-DPC,Deaths,Cori_step,2020-07-14,0.8577370569415341,0.9351948569572736,0.7802792569257947,ITA
Italy,ITA,PCM-DPC,Deaths,Cori_step,2020-07-15,0.8577370569415341,0.9351948569572736,0.7802792569257947,ITA
Italy,ITA,PCM-DPC,Deaths,Cori_step,2020-07-16,0.8577370569415341,0.9351948569572736,0.7802792569257947,ITA
Italy,ITA,PCM-DPC,Deaths,Cori_step,2020-07-17,0.8577370569415341,0.9351948569572736,0.7802792569257947,ITA
Italy,ITA,PCM-DPC,Deaths,Cori_step,2020-07-18,0.8577370569415341,0.9351948569572736,0.7802792569257947,ITA
Italy,ITA,PCM-DPC,Deaths,Cori_step,2020-07-19,0.8577370569415341,0.9351948569572736,0.7802792569257947,ITA
Italy,ITA,PCM-DPC,Deaths,Cori_step,2020-07-20,0.8577370569415341,0.9351948569572736,0.7802792569257947,ITA
Italy,ITA,PCM-DPC,Deaths,Cori_step,2020-07-21,0.8577370569415341,0.9351948569572736,0.7802792569257947,ITA
Italy,ITA,PCM-DPC,Deaths,Cori_step,2020-07-22,0.8577370569415341,0.9351948569572736,0.7802792569257947,ITA
Italy,ITA,PCM-DPC,Deaths,Cori_step,2020-07-23,0.8577370569415341,0.9351948569572736,0.7802792569257947,ITA
Italy,ITA,PCM-DPC,Deaths,Cori_step,2020-07-24,0.8577370569415341,0.9351948569572736,0.7802792569257947,ITA
Italy,ITA,PCM-DPC,Deaths,Cori_step,2020-07-25,0.8577370569415341,0.9351948569572736,0.7802792569257947,ITA
Italy,ITA,PCM-DPC,Deaths,Cori_step,2020-07-26,0.8577370569415341,0.9351948569572736,0.7802792569257947,ITA
Italy,ITA,PCM-DPC,Deaths,Cori_step,2020-07-27,1.151303676112142,1.3784087246366667,0.9443887135545667,ITA
Italy,ITA,PCM-DPC,Deaths,Cori_step,2020-07-28,1.151303676112142,1.3784087246366667,0.9443887135545667,ITA
Italy,ITA,PCM-DPC,Deaths,Cori_step,2020-07-29,1.151303676112142,1.3784087246366667,0.9443887135545667,ITA
Italy,ITA,PCM-DPC,Deaths,Cori_step,2020-07-30,1.151303676112142,1.3784087246366667,0.9443887135545667,ITA
Italy,ITA,PCM-DPC,Deaths,Cori_step,2020-07-31,1.151303676112142,1.3784087246366667,0.9443887135545667,ITA
Italy,ITA,PCM-DPC,Deaths,Cori_step,2020-08-01,0.6195136020355128,0.7680181101620995,0.471009093908926,ITA
Italy,ITA,PCM-DPC,Deaths,Cori_step,2020-08-02,0.6195136020355128,0.7680181101620995,0.471009093908926,ITA
Italy,ITA,PCM-DPC,Deaths,Cori_step,2020-08-03,0.6195136020355128,0.7680181101620995,0.471009093908926,ITA
Italy,ITA,PCM-DPC,Deaths,Cori_step,2020-08-04,0.6195136020355128,0.7680181101620995,0.471009093908926,ITA
Italy,ITA,PCM-DPC,Deaths,Cori_step,2020-08-05,0.6195136020355128,0.7680181101620995,0.471009093908926,ITA
Italy,ITA,PCM-DPC,Deaths,Cori_step,2020-08-06,0.6195136020355128,0.7680181101620995,0.471009093908926,ITA
Italy,ITA,PCM-DPC,Deaths,Cori_step,2020-08-07,0.6195136020355128,0.7680181101620995,0.471009093908926,ITA
Italy,ITA,PCM-DPC,Deaths,Cori_step,2020-08-08,0.6195136020355128,0.7680181101620995,0.471009093908926,ITA
Italy,ITA,PCM-DPC,Deaths,Cori_step,2020-08-09,0.6195136020355128,0.7680181101620995,0.471009093908926,ITA
Italy,ITA,PCM-DPC,Deaths,Cori_step,2020-08-10,0.6195136020355128,0.7680181101620995,0.471009093908926,ITA
Italy,ITA,PCM-DPC,Deaths,Cori_step,2020-08-11,0.6195136020355128,0.7680181101620995,0.471009093908926,ITA
Italy,ITA,PCM-DPC,Deaths,Cori_step,2020-08-12,0.6195136020355128,0.7680181101620995,0.471009093908926,ITA
Italy,ITA,PCM-DPC,Deaths,Cori_step,2020-08-13,0.6195136020355128,0.7680181101620995,0.471009093908926,ITA
Italy,ITA,PCM-DPC,Deaths,Cori_step,2020-08-14,0.6195136020355128,0.7680181101620995,0.471009093908926,ITA
Italy,ITA,PCM-DPC,Deaths,Cori_step,2020-08-15,0.6195136020355128,0.7680181101620995,0.471009093908926,ITA
Italy,ITA,PCM-DPC,Deaths,Cori_step,2020-08-16,0.6195136020355128,0.7680181101620995,0.471009093908926,ITA
Italy,ITA,PCM-DPC,Deaths,Cori_step,2020-08-17,1.2431885952527233,1.3942235204683713,1.1007004844366477,ITA
Italy,ITA,PCM-DPC,Deaths,Cori_step,2020-08-18,1.2431885952527233,1.3942235204683713,1.1007004844366477,ITA
Italy,ITA,PCM-DPC,Deaths,Cori_step,2020-08-19,1.2431885952527233,1.3942235204683713,1.1007004844366477,ITA
Italy,ITA,PCM-DPC,Deaths,Cori_step,2020-08-20,1.2431885952527233,1.3942235204683713,1.1007004844366477,ITA
Italy,ITA,PCM-DPC,Deaths,Cori_step,2020-08-21,1.2431885952527233,1.3942235204683713,1.1007004844366477,ITA
Italy,ITA,PCM-DPC,Deaths,Cori_step,2020-08-22,1.2431885952527233,1.3942235204683713,1.1007004844366477,ITA
Italy,ITA,PCM-DPC,Deaths,Cori_step,2020-08-23,1.2431885952527233,1.3942235204683713,1.1007004844366477,ITA
Italy,ITA,PCM-DPC,Deaths,Cori_step,2020-08-24,1.2431885952527233,1.3942235204683713,1.1007004844366477,ITA
Italy,ITA,PCM-DPC,Deaths,Cori_step,2020-08-25,1.2431885952527233,1.3942235204683713,1.1007004844366477,ITA
Italy,ITA,PCM-DPC,Deaths,Cori_step,2020-08-26,1.2431885952527233,1.3942235204683713,1.1007004844366477,ITA
Italy,ITA,PCM-DPC,Deaths,Cori_step,2020-08-27,1.2431885952527233,1.3942235204683713,1.1007004844366477,ITA
Italy,ITA,PCM-DPC,Deaths,Cori_step,2020-08-28,1.2431885952527233,1.3942235204683713,1.1007004844366477,ITA
Italy,ITA,PCM-DPC,Deaths,Cori_step,2020-08-29,1.2431885952527233,1.3942235204683713,1.1007004844366477,ITA
Italy,ITA,PCM-DPC,Deaths,Cori_step,2020-08-30,1.2431885952527233,1.3942235204683713,1.1007004844366477,ITA
Italy,ITA,PCM-DPC,Deaths,Cori_step,2020-08-31,1.2431885952527233,1.3942235204683713,1.1007004844366477,ITA
Italy,ITA,PCM-DPC,Deaths,Cori_step,2020-09-01,1.2431885952527233,1.3942235204683713,1.1007004844366477,ITA
Italy,ITA,PCM-DPC,Deaths,Cori_step,2020-09-02,1.2431885952527233,1.3942235204683713,1.1007004844366477,ITA
Italy,ITA,PCM-DPC,Deaths,Cori_step,2020-09-03,1.2431885952527233,1.3942235204683713,1.1007004844366477,ITA
Italy,ITA,PCM-DPC,Deaths,Cori_step,2020-09-04,1.2431885952527233,1.3942235204683713,1.1007004844366477,ITA
Italy,ITA,PCM-DPC,Deaths,Cori_step,2020-09-05,1.2431885952527233,1.3942235204683713,1.1007004844366477,ITA
Italy,ITA,PCM-DPC,Deaths,Cori_step,2020-09-06,1.2431885952527233,1.3942235204683713,1.1007004844366477,ITA
Italy,ITA,PCM-DPC,Deaths,Cori_step,2020-09-07,1.1057976923541095,1.2336230030675603,0.984873066127817,ITA
Italy,ITA,PCM-DPC,Deaths,Cori_step,2020-09-08,1.1057976923541095,1.2336230030675603,0.984873066127817,ITA
Italy,ITA,PCM-DPC,Deaths,Cori_step,2020-09-09,1.1057976923541095,1.2336230030675603,0.984873066127817,ITA
Italy,ITA,PCM-DPC,Deaths,Cori_step,2020-09-10,1.1057976923541095,1.2336230030675603,0.984873066127817,ITA
Italy,ITA,PCM-DPC,Deaths,Cori_step,2020-09-11,1.1057976923541095,1.2336230030675603,0.984873066127817,ITA
Italy,ITA,PCM-DPC,Deaths,Cori_step,2020-09-12,1.1057976923541095,1.2336230030675603,0.984873066127817,ITA
Italy,ITA,PCM-DPC,Deaths,Cori_step,2020-09-13,1.1057976923541095,1.2336230030675603,0.984873066127817,ITA
Italy,ITA,PCM-DPC,Deaths,Cori_step,2020-09-14,1.1057976923541095,1.2336230030675603,0.984873066127817,ITA
Italy,ITA,PCM-DPC,Deaths,Cori_step,2020-09-15,1.1057976923541095,1.2336230030675603,0.984873066127817,ITA
Italy,ITA,PCM-DPC,Deaths,Cori_step,2020-09-16,1.1057976923541095,1.2336230030675603,0.984873066127817,ITA
Italy,ITA,PCM-DPC,Deaths,Cori_step,2020-09-17,1.1057976923541095,1.2336230030675603,0.984873066127817,ITA
Italy,ITA,PCM-DPC,Deaths,Cori_step,2020-09-18,1.1057976923541095,1.2336230030675603,0.984873066127817,ITA
Italy,ITA,PCM-DPC,Deaths,Cori_step,2020-09-19,1.1057976923541095,1.2336230030675603,0.984873066127817,ITA
Italy,ITA,PCM-DPC,Deaths,Cori_step,2020-09-20,1.1057976923541095,1.2336230030675603,0.984873066127817,ITA
Italy,ITA,PCM-DPC,Deaths,Cori_step,2020-09-21,1.5563137373899674,1.8827485943273554,1.2298788804525793,ITA
Italy,ITA,PCM-DPC,Deaths,Cori_step,2020-09-22,1.5563137373899674,1.8827485943273554,1.2298788804525793,ITA
Italy,ITA,PCM-DPC,Deaths,Cori_step,2020-09-23,1.5563137373899674,1.8827485943273554,1.2298788804525793,ITA
Italy,ITA,PCM-DPC,Deaths,Cori_step,2020-09-24,1.5563137373899674,1.8827485943273554,1.2298788804525793,ITA
Italy,ITA,PCM-DPC,Deaths,Cori_step,2020-09-25,1.5563137373899674,1.8827485943273554,1.2298788804525793,ITA
Italy,ITA,PCM-DPC,Deaths,Cori_step,2020-09-26,1.5563137373899674,1.8827485943273554,1.2298788804525793,ITA
Italy,ITA,PCM-DPC,Deaths,Cori_step,2020-09-27,1.5563137373899674,1.8827485943273554,1.2298788804525793,ITA
Italy,ITA,PCM-DPC,Deaths,Cori_step,2020-09-28,1.5563137373899674,1.8827485943273554,1.2298788804525793,ITA
Italy,ITA,PCM-DPC,Deaths,Cori_step,2020-09-29,1.5563137373899674,1.8827485943273554,1.2298788804525793,ITA
Italy,ITA,PCM-DPC,Deaths,Cori_step,2020-09-30,1.5563137373899674,1.8827485943273554,1.2298788804525793,ITA
Italy,ITA,PCM-DPC,Deaths,Cori_step,2020-10-01,1.6579382176359567,1.8632407964174942,1.4526356388544193,ITA
Italy,ITA,PCM-DPC,Deaths,Cori_step,2020-10-02,1.6579382176359567,1.8632407964174942,1.4526356388544193,ITA
Italy,ITA,PCM-DPC,Deaths,Cori_step,2020-10-03,1.6579382176359567,1.8632407964174942,1.4526356388544193,ITA
Italy,ITA,PCM-DPC,Deaths,Cori_step,2020-10-04,1.6579382176359567,1.8632407964174942,1.4526356388544193,ITA
Italy,ITA,PCM-DPC,Deaths,Cori_step,2020-10-05,1.6579382176359567,1.8632407964174942,1.4526356388544193,ITA
Italy,ITA,PCM-DPC,Deaths,Cori_step,2020-10-06,1.550347178136312,1.891526276790986,1.2091680794816382,ITA
Italy,ITA,PCM-DPC,Deaths,Cori_step,2020-10-07,1.550347178136312,1.891526276790986,1.2091680794816382,ITA
Italy,ITA,PCM-DPC,Deaths,Cori_step,2020-10-08,1.550347178136312,1.891526276790986,1.2091680794816382,ITA
Italy,ITA,PCM-DPC,Deaths,Cori_step,2020-10-09,1.550347178136312,1.891526276790986,1.2091680794816382,ITA
Italy,ITA,PCM-DPC,Deaths,Cori_step,2020-10-10,1.550347178136312,1.891526276790986,1.2091680794816382,ITA
Italy,ITA,PCM-DPC,Deaths,Cori_step,2020-10-11,1.550347178136312,1.891526276790986,1.2091680794816382,ITA
Italy,ITA,PCM-DPC,Deaths,Cori_step,2020-10-12,1.550347178136312,1.891526276790986,1.2091680794816382,ITA
Italy,ITA,PCM-DPC,Deaths,Cori_step,2020-10-13,1.550347178136312,1.891526276790986,1.2091680794816382,ITA
Italy,ITA,PCM-DPC,Deaths,Cori_step,2020-10-14,1.4234851394564296,1.6753077058746713,1.171662573038188,ITA
Italy,ITA,PCM-DPC,Deaths,Cori_step,2020-10-15,1.4234851394564296,1.6753077058746713,1.171662573038188,ITA
Italy,ITA,PCM-DPC,Deaths,Cori_step,2020-10-16,1.4234851394564296,1.6753077058746713,1.171662573038188,ITA
Italy,ITA,PCM-DPC,Deaths,Cori_step,2020-10-17,1.4234851394564296,1.6753077058746713,1.171662573038188,ITA
Italy,ITA,PCM-DPC,Deaths,Cori_step,2020-10-18,1.4234851394564296,1.6753077058746713,1.171662573038188,ITA
Italy,ITA,PCM-DPC,Deaths,Cori_step,2020-10-19,1.4234851394564296,1.6753077058746713,1.171662573038188,ITA
Italy,ITA,PCM-DPC,Deaths,Cori_step,2020-10-20,1.4234851394564296,1.6753077058746713,1.171662573038188,ITA
Italy,ITA,PCM-DPC,Deaths,Cori_step,2020-10-21,1.4234851394564296,1.6753077058746713,1.171662573038188,ITA
Italy,ITA,PCM-DPC,Deaths,Cori_step,2020-10-22,1.4234851394564296,1.6753077058746713,1.171662573038188,ITA
Italy,ITA,PCM-DPC,Deaths,Cori_step,2020-10-23,1.289481450421435,1.663507706056948,0.9154551947859219,ITA
Italy,ITA,PCM-DPC,Deaths,Cori_step,2020-10-24,1.289481450421435,1.663507706056948,0.9154551947859219,ITA
Italy,ITA,PCM-DPC,Deaths,Cori_step,2020-10-25,1.289481450421435,1.663507706056948,0.9154551947859219,ITA
Italy,ITA,PCM-DPC,Deaths,Cori_step,2020-10-26,1.1378495642656317,1.3742365341184433,0.9014625944128201,ITA
Italy,ITA,PCM-DPC,Deaths,Cori_step,2020-10-27,1.1378495642656317,1.3742365341184433,0.9014625944128201,ITA
Italy,ITA,PCM-DPC,Deaths,Cori_step,2020-10-28,1.1378495642656317,1.3742365341184433,0.9014625944128201,ITA
Italy,ITA,PCM-DPC,Deaths,Cori_step,2020-10-29,1.1378495642656317,1.3742365341184433,0.9014625944128201,ITA
Italy,ITA,PCM-DPC,Deaths,Cori_step,2020-10-30,1.1378495642656317,1.3742365341184433,0.9014625944128201,ITA
Italy,ITA,PCM-DPC,Deaths,Cori_step,2020-10-31,1.1378495642656317,1.3742365341184433,0.9014625944128201,ITA
Italy,ITA,PCM-DPC,Deaths,Cori_step,2020-11-01,1.1378495642656317,1.3742365341184433,0.9014625944128201,ITA
Italy,ITA,PCM-DPC,Deaths,Cori_step,2020-11-02,1.1378495642656317,1.3742365341184433,0.9014625944128201,ITA
Italy,ITA,PCM-DPC,Deaths,Cori_step,2020-11-03,1.1378495642656317,1.3742365341184433,0.9014625944128201,ITA
Italy,ITA,PCM-DPC,Deaths,Cori_step,2020-11-04,1.1378495642656317,1.3742365341184433,0.9014625944128201,ITA
Italy,ITA,PCM-DPC,Deaths,Cori_step,2020-11-05,1.1378495642656317,1.3742365341184433,0.9014625944128201,ITA
Italy,ITA,PCM-DPC,Deaths,Cori_step,2020-11-06,0.9496460821188041,1.0128425311352878,0.8864496331023204,ITA
Italy,ITA,PCM-DPC,Deaths,Cori_step,2020-11-07,0.9496460821188041,1.0128425311352878,0.8864496331023204,ITA
Italy,ITA,PCM-DPC,Deaths,Cori_step,2020-11-08,0.9496460821188041,1.0128425311352878,0.8864496331023204,ITA
Italy,ITA,PCM-DPC,Deaths,Cori_step,2020-11-09,0.9496460821188041,1.0128425311352878,0.8864496331023204,ITA
Italy,ITA,PCM-DPC,Deaths,Cori_step,2020-11-10,0.9496460821188041,1.0128425311352878,0.8864496331023204,ITA
Italy,ITA,PCM-DPC,Deaths,Cori_step,2020-11-11,0.9496460821188041,1.0128425311352878,0.8864496331023204,ITA
Italy,ITA,PCM-DPC,Deaths,Cori_step,2020-11-12,0.9496460821188041,1.0128425311352878,0.8864496331023204,ITA
Italy,ITA,PCM-DPC,Deaths,Cori_step,2020-11-13,0.9496460821188041,1.0128425311352878,0.8864496331023204,ITA
Italy,ITA,PCM-DPC,Deaths,Cori_step,2020-11-14,0.9496460821188041,1.0128425311352878,0.8864496331023204,ITA
Italy,ITA,PCM-DPC,Deaths,Cori_step,2020-11-15,0.9496460821188041,1.0128425311352878,0.8864496331023204,ITA
Italy,ITA,PCM-DPC,Deaths,Cori_step,2020-11-16,0.9496460821188041,1.0128425311352878,0.8864496331023204,ITA
Italy,ITA,PCM-DPC,Deaths,Cori_step,2020-11-17,0.9496460821188041,1.0128425311352878,0.8864496331023204,ITA
Italy,ITA,PCM-DPC,Deaths,Cori_step,2020-11-18,0.9496460821188041,1.0128425311352878,0.8864496331023204,ITA
Italy,ITA,PCM-DPC,Deaths,Cori_step,2020-11-19,0.9496460821188041,1.0128425311352878,0.8864496331023204,ITA
Italy,ITA,PCM-DPC,Deaths,Cori_step,2020-11-20,0.9496460821188041,1.0128425311352878,0.8864496331023204,ITA
Italy,ITA,PCM-DPC,Deaths,Cori_step,2020-11-21,0.9496460821188041,1.0128425311352878,0.8864496331023204,ITA
Italy,ITA,PCM-DPC,Deaths,Cori_step,2020-11-22,0.9496460821188041,1.0128425311352878,0.8864496331023204,ITA
Italy,ITA,PCM-DPC,Deaths,Cori_step,2020-11-23,0.9496460821188041,1.0128425311352878,0.8864496331023204,ITA
Italy,ITA,PCM-DPC,Deaths,Cori_step,2020-11-24,0.9496460821188041,1.0128425311352878,0.8864496331023204,ITA
Italy,ITA,PCM-DPC,Deaths,Cori_step,2020-11-25,0.9496460821188041,1.0128425311352878,0.8864496331023204,ITA
Italy,ITA,PCM-DPC,Deaths,Cori_step,2020-11-26,0.9496460821188041,1.0128425311352878,0.8864496331023204,ITA
Italy,ITA,PCM-DPC,Deaths,Cori_step,2020-11-27,0.9496460821188041,1.0128425311352878,0.8864496331023204,ITA
Italy,ITA,PCM-DPC,Deaths,Cori_step,2020-11-28,0.9496460821188041,1.0128425311352878,0.8864496331023204,ITA
Italy,ITA,PCM-DPC,Deaths,Cori_step,2020-11-29,0.9496460821188041,1.0128425311352878,0.8864496331023204,ITA
Italy,ITA,PCM-DPC,Deaths,Cori_step,2020-11-30,0.9496460821188041,1.0128425311352878,0.8864496331023204,ITA
Italy,ITA,PCM-DPC,Deaths,Cori_step,2020-12-01,0.9496460821188041,1.0128425311352878,0.8864496331023204,ITA
Italy,ITA,PCM-DPC,Deaths,Cori_step,2020-12-02,0.9496460821188041,1.0128425311352878,0.8864496331023204,ITA
Italy,ITA,PCM-DPC,Deaths,Cori_step,2020-12-03,0.9496460821188041,1.0128425311352878,0.8864496331023204,ITA
Italy,ITA,PCM-DPC,Deaths,Cori_step,2020-12-04,0.9766539200153235,1.141803704894822,0.811504135135825,ITA
Italy,ITA,PCM-DPC,Deaths,Cori_step,2020-12-05,0.9766539200153235,1.141803704894822,0.811504135135825,ITA
Italy,ITA,PCM-DPC,Deaths,Cori_step,2020-12-06,0.9766539200153235,1.141803704894822,0.811504135135825,ITA
Italy,ITA,PCM-DPC,Deaths,Cori_step,2020-12-07,0.9766539200153235,1.141803704894822,0.811504135135825,ITA
Italy,ITA,PCM-DPC,Deaths,Cori_step,2020-12-08,0.9766539200153235,1.141803704894822,0.811504135135825,ITA
Italy,ITA,PCM-DPC,Deaths,Cori_step,2020-12-09,0.9766539200153235,1.141803704894822,0.811504135135825,ITA
Italy,ITA,PCM-DPC,Deaths,Cori_step,2020-12-10,0.9766539200153235,1.141803704894822,0.811504135135825,ITA
Italy,ITA,PCM-DPC,Deaths,Cori_step,2020-12-11,0.9766539200153235,1.141803704894822,0.811504135135825,ITA
Italy,ITA,PCM-DPC,Deaths,Cori_step,2020-12-12,0.9766539200153235,1.141803704894822,0.811504135135825,ITA
Italy,ITA,PCM-DPC,Deaths,Cori_step,2020-12-13,0.9766539200153235,1.141803704894822,0.811504135135825,ITA
Italy,ITA,PCM-DPC,Deaths,Cori_step,2020-12-14,0.9766539200153235,1.141803704894822,0.811504135135825,ITA
Italy,ITA,PCM-DPC,Deaths,Cori_step,2020-12-15,0.9766539200153235,1.141803704894822,0.811504135135825,ITA
Italy,ITA,PCM-DPC,Deaths,Cori_step,2020-12-16,0.9766539200153235,1.141803704894822,0.811504135135825,ITA
Italy,ITA,PCM-DPC,Deaths,Cori_step,2020-12-17,0.9766539200153235,1.141803704894822,0.811504135135825,ITA
Italy,ITA,PCM-DPC,Deaths,Cori_step,2020-12-18,0.9766539200153235,1.141803704894822,0.811504135135825,ITA
Italy,ITA,PCM-DPC,Deaths,Cori_step,2020-12-19,0.9766539200153235,1.141803704894822,0.811504135135825,ITA
Italy,ITA,PCM-DPC,Deaths,Cori_step,2020-12-20,0.9766539200153235,1.141803704894822,0.811504135135825,ITA
Italy,ITA,PCM-DPC,Deaths,Cori_step,2020-12-21,0.9766539200153235,1.141803704894822,0.811504135135825,ITA
Italy,ITA,PCM-DPC,Deaths,Cori_step,2020-12-22,0.9766539200153235,1.141803704894822,0.811504135135825,ITA
Italy,ITA,PCM-DPC,Deaths,Cori_step,2020-12-23,0.9766539200153235,1.141803704894822,0.811504135135825,ITA
Italy,ITA,PCM-DPC,Deaths,Cori_step,2020-12-24,1.0169918005162006,1.35983711037513,0.6741464906572712,ITA
Italy,ITA,PCM-DPC,Deaths,Cori_step,2020-12-25,1.0169918005162006,1.35983711037513,0.6741464906572712,ITA
Italy,ITA,PCM-DPC,Deaths,Cori_step,2020-12-26,1.0169918005162006,1.35983711037513,0.6741464906572712,ITA
Italy,ITA,PCM-DPC,Deaths,Cori_step,2020-12-27,1.0169918005162006,1.35983711037513,0.6741464906572712,ITA
Italy,ITA,PCM-DPC,Deaths,Cori_step,2020-12-28,0.9953948349348948,1.3413532762799352,0.6494363935898543,ITA
Italy,ITA,PCM-DPC,Deaths,Cori_step,2020-12-29,0.9953948349348948,1.3413532762799352,0.6494363935898543,ITA
Italy,ITA,PCM-DPC,Deaths,Cori_step,2020-12-30,0.9953948349348948,1.3413532762799352,0.6494363935898543,ITA
Italy,ITA,PCM-DPC,Deaths,Cori_step,2020-12-31,0.9686474413550028,1.8678597586111167,0.06943512409888886,ITA
Italy,ITA,PCM-DPC,Deaths,Cori_step,2021-01-01,0.9686474413550028,1.8678597586111167,0.06943512409888886,ITA
Italy,ITA,PCM-DPC,Deaths,Cori_step,2021-01-02,0.9686474413550028,1.8678597586111167,0.06943512409888886,ITA
Italy,ITA,PCM-DPC,Deaths,Cori_step,2021-01-03,0.9686474413550028,1.8678597586111167,0.06943512409888886,ITA
Italy,ITA,PCM-DPC,Deaths,Cori_step,2021-01-04,0.9686474413550028,1.8678597586111167,0.06943512409888886,ITA
Italy,ITA,PCM-DPC,Deaths,Cori_step,2021-01-05,0.9686474413550028,1.8678597586111167,0.06943512409888886,ITA
Italy,ITA,PCM-DPC,Deaths,Cori_step,2021-01-06,0.9686474413550028,1.8678597586111167,0.06943512409888886,ITA
Italy,ITA,PCM-DPC,Deaths,Cori_step,2021-01-07,0.9337860216958167,1.1643577358292025,0.7032143075624309,ITA
Italy,ITA,PCM-DPC,Deaths,Cori_step,2021-01-08,0.9337860216958167,1.1643577358292025,0.7032143075624309,ITA
Italy,ITA,PCM-DPC,Deaths,Cori_step,2021-01-09,0.9337860216958167,1.1643577358292025,0.7032143075624309,ITA
Italy,ITA,PCM-DPC,Deaths,Cori_step,2021-01-10,0.9337860216958167,1.1643577358292025,0.7032143075624309,ITA
Italy,ITA,PCM-DPC,Deaths,Cori_step,2021-01-11,0.9262345514385476,1.1913067266550006,0.6611623762220946,ITA
Italy,ITA,PCM-DPC,Deaths,Cori_step,2021-01-12,0.9262345514385476,1.1913067266550006,0.6611623762220946,ITA
Italy,ITA,PCM-DPC,Deaths,Cori_step,2021-01-13,0.9262345514385476,1.1913067266550006,0.6611623762220946,ITA
Italy,ITA,PCM-DPC,Deaths,Cori_step,2021-01-14,0.9370002241926192,0.9934515377275015,0.8805489106577369,ITA
Italy,ITA,PCM-DPC,Deaths,Cori_step,2021-01-15,0.9370002241926192,0.9934515377275015,0.8805489106577369,ITA
Italy,ITA,PCM-DPC,Deaths,Cori_step,2021-01-16,0.9370002241926192,0.9934515377275015,0.8805489106577369,ITA
Italy,ITA,PCM-DPC,Deaths,Cori_step,2021-01-17,0.9370002241926192,0.9934515377275015,0.8805489106577369,ITA
Italy,ITA,PCM-DPC,Deaths,Cori_step,2021-01-18,0.9370002241926192,0.9934515377275015,0.8805489106577369,ITA
Italy,ITA,PCM-DPC,Deaths,Cori_step,2021-01-19,0.9370002241926192,0.9934515377275015,0.8805489106577369,ITA
Italy,ITA,PCM-DPC,Deaths,Cori_step,2021-01-20,0.9370002241926192,0.9934515377275015,0.8805489106577369,ITA
Italy,ITA,PCM-DPC,Deaths,Cori_step,2021-01-21,0.9370002241926192,0.9934515377275015,0.8805489106577369,ITA
Italy,ITA,PCM-DPC,Deaths,Cori_step,2021-01-22,0.9370002241926192,0.9934515377275015,0.8805489106577369,ITA
Italy,ITA,PCM-DPC,Deaths,Cori_step,2021-01-23,0.9370002241926192,0.9934515377275015,0.8805489106577369,ITA
Italy,ITA,PCM-DPC,Deaths,Cori_step,2021-01-24,0.9370002241926192,0.9934515377275015,0.8805489106577369,ITA
Italy,ITA,PCM-DPC,Deaths,Cori_step,2021-01-25,0.9370002241926192,0.9934515377275015,0.8805489106577369,ITA
Italy,ITA,PCM-DPC,Deaths,Cori_step,2021-01-26,0.9370002241926192,0.9934515377275015,0.8805489106577369,ITA
Italy,ITA,PCM-DPC,Deaths,Cori_step,2021-01-27,0.9370002241926192,0.9934515377275015,0.8805489106577369,ITA
Italy,ITA,PCM-DPC,Deaths,Cori_step,2021-01-28,0.9370002241926192,0.9934515377275015,0.8805489106577369,ITA
Italy,ITA,PCM-DPC,Deaths,Cori_step,2021-01-29,0.9370002241926192,0.9934515377275015,0.8805489106577369,ITA
Italy,ITA,PCM-DPC,Deaths,Cori_step,2021-01-30,0.9370002241926192,0.9934515377275015,0.8805489106577369,ITA
Italy,ITA,PCM-DPC,Deaths,Cori_step,2021-01-31,0.9370002241926192,0.9934515377275015,0.8805489106577369,ITA
Italy,ITA,PCM-DPC,Deaths,Cori_step,2021-02-01,0.9370002241926192,0.9934515377275015,0.8805489106577369,ITA
Italy,ITA,PCM-DPC,Deaths,Cori_step,2021-02-02,0.9370002241926192,0.9934515377275015,0.8805489106577369,ITA
Italy,ITA,PCM-DPC,Deaths,Cori_step,2021-02-03,0.9370002241926192,0.9934515377275015,0.8805489106577369,ITA
Italy,ITA,PCM-DPC,Deaths,Cori_step,2021-02-04,0.9370002241926192,0.9934515377275015,0.8805489106577369,ITA
Italy,ITA,PCM-DPC,Deaths,Cori_step,2021-02-05,0.9370002241926192,0.9934515377275015,0.8805489106577369,ITA
Italy,ITA,PCM-DPC,Deaths,Cori_step,2021-02-06,0.9370002241926192,0.9934515377275015,0.8805489106577369,ITA
Italy,ITA,PCM-DPC,Deaths,Cori_step,2021-02-07,0.9370002241926192,0.9934515377275015,0.8805489106577369,ITA
Italy,ITA,PCM-DPC,Deaths,Cori_step,2021-02-08,0.9370002241926192,0.9934515377275015,0.8805489106577369,ITA
Italy,ITA,PCM-DPC,Deaths,Cori_step,2021-02-09,0.9370002241926192,0.9934515377275015,0.8805489106577369,ITA
Italy,ITA,PCM-DPC,Deaths,Cori_step,2021-02-10,0.9370002241926192,0.9934515377275015,0.8805489106577369,ITA
Italy,ITA,PCM-DPC,Deaths,Cori_step,2021-02-11,0.9370002241926192,0.9934515377275015,0.8805489106577369,ITA
Italy,ITA,PCM-DPC,Deaths,Cori_step,2021-02-12,0.9370002241926192,0.9934515377275015,0.8805489106577369,ITA
Italy,ITA,PCM-DPC,Deaths,Cori_step,2021-02-13,0.9370002241926192,0.9934515377275015,0.8805489106577369,ITA
Italy,ITA,PCM-DPC,Deaths,Cori_step,2021-02-14,0.9370002241926192,0.9934515377275015,0.8805489106577369,ITA
Italy,ITA,PCM-DPC,Deaths,Cori_step,2021-02-15,1.1067555864149876,1.2787418364475385,0.9347693363824368,ITA
Italy,ITA,PCM-DPC,Deaths,Cori_step,2021-02-16,1.1067555864149876,1.2787418364475385,0.9347693363824368,ITA
Italy,ITA,PCM-DPC,Deaths,Cori_step,2021-02-17,1.1067555864149876,1.2787418364475385,0.9347693363824368,ITA
Italy,ITA,PCM-DPC,Deaths,Cori_step,2021-02-18,1.1067555864149876,1.2787418364475385,0.9347693363824368,ITA
Italy,ITA,PCM-DPC,Deaths,Cori_step,2021-02-19,1.1067555864149876,1.2787418364475385,0.9347693363824368,ITA
Italy,ITA,PCM-DPC,Deaths,Cori_step,2021-02-20,1.1067555864149876,1.2787418364475385,0.9347693363824368,ITA
Italy,ITA,PCM-DPC,Deaths,Cori_step,2021-02-21,1.1067555864149876,1.2787418364475385,0.9347693363824368,ITA
Italy,ITA,PCM-DPC,Deaths,Cori_step,2021-02-22,1.1067555864149876,1.2787418364475385,0.9347693363824368,ITA
Italy,ITA,PCM-DPC,Deaths,Cori_step,2021-02-23,1.1067555864149876,1.2787418364475385,0.9347693363824368,ITA
Italy,ITA,PCM-DPC,Deaths,Cori_step,2021-02-24,1.1067555864149876,1.2787418364475385,0.9347693363824368,ITA
Italy,ITA,PCM-DPC,Deaths,Cori_step,2021-02-25,1.1067555864149876,1.2787418364475385,0.9347693363824368,ITA
Italy,ITA,PCM-DPC,Deaths,Cori_step,2021-02-26,1.1067555864149876,1.2787418364475385,0.9347693363824368,ITA
Italy,ITA,PCM-DPC,Deaths,Cori_step,2021-02-27,1.1067555864149876,1.2787418364475385,0.9347693363824368,ITA
Italy,ITA,PCM-DPC,Deaths,Cori_step,2021-02-28,1.1067555864149876,1.2787418364475385,0.9347693363824368,ITA
Italy,ITA,PCM-DPC,Deaths,Cori_step,2021-03-01,1.1067555864149876,1.2787418364475385,0.9347693363824368,ITA
Italy,ITA,PCM-DPC,Deaths,Cori_step,2021-03-02,1.1067555864149876,1.2787418364475385,0.9347693363824368,ITA
Italy,ITA,PCM-DPC,Deaths,Cori_step,2021-03-03,1.1067555864149876,1.2787418364475385,0.9347693363824368,ITA
Italy,ITA,PCM-DPC,Deaths,Cori_step,2021-03-04,1.1067555864149876,1.2787418364475385,0.9347693363824368,ITA
Italy,ITA,PCM-DPC,Deaths,Cori_step,2021-03-05,1.1067555864149876,1.2787418364475385,0.9347693363824368,ITA
Italy,ITA,PCM-DPC,Deaths,Cori_step,2021-03-06,0.9697836065390868,1.0494528339736258,0.8901143791045477,ITA
Italy,ITA,PCM-DPC,Deaths,Cori_step,2021-03-07,0.9697836065390868,1.0494528339736258,0.8901143791045477,ITA
Italy,ITA,PCM-DPC,Deaths,Cori_step,2021-03-08,0.9697836065390868,1.0494528339736258,0.8901143791045477,ITA
Italy,ITA,PCM-DPC,Deaths,Cori_step,2021-03-09,0.9697836065390868,1.0494528339736258,0.8901143791045477,ITA
Italy,ITA,PCM-DPC,Deaths,Cori_step,2021-03-10,0.9697836065390868,1.0494528339736258,0.8901143791045477,ITA
Italy,ITA,PCM-DPC,Deaths,Cori_step,2021-03-11,0.9697836065390868,1.0494528339736258,0.8901143791045477,ITA
Italy,ITA,PCM-DPC,Deaths,Cori_step,2021-03-12,0.9697836065390868,1.0494528339736258,0.8901143791045477,ITA
Italy,ITA,PCM-DPC,Deaths,Cori_step,2021-03-13,0.9697836065390868,1.0494528339736258,0.8901143791045477,ITA
Italy,ITA,PCM-DPC,Deaths,Cori_step,2021-03-14,0.9697836065390868,1.0494528339736258,0.8901143791045477,ITA
Italy,ITA,PCM-DPC,Deaths,Cori_step,2021-03-15,0.9697836065390868,1.0494528339736258,0.8901143791045477,ITA
Italy,ITA,PCM-DPC,Deaths,Cori_step,2021-03-16,0.9697836065390868,1.0494528339736258,0.8901143791045477,ITA
Italy,ITA,PCM-DPC,Deaths,Cori_step,2021-03-17,0.9697836065390868,1.0494528339736258,0.8901143791045477,ITA
Italy,ITA,PCM-DPC,Deaths,Cori_step,2021-03-18,0.9697836065390868,1.0494528339736258,0.8901143791045477,ITA
Italy,ITA,PCM-DPC,Deaths,Cori_step,2021-03-19,0.9697836065390868,1.0494528339736258,0.8901143791045477,ITA
Italy,ITA,PCM-DPC,Deaths,Cori_step,2021-03-20,0.9697836065390868,1.0494528339736258,0.8901143791045477,ITA
Italy,ITA,PCM-DPC,Deaths,Cori_step,2021-03-21,0.9697836065390868,1.0494528339736258,0.8901143791045477,ITA
Italy,ITA,PCM-DPC,Deaths,Cori_step,2021-03-22,0.9697836065390868,1.0494528339736258,0.8901143791045477,ITA
Italy,ITA,PCM-DPC,Deaths,Cori_step,2021-03-23,0.9697836065390868,1.0494528339736258,0.8901143791045477,ITA
Italy,ITA,PCM-DPC,Deaths,Cori_step,2021-03-24,0.9697836065390868,1.0494528339736258,0.8901143791045477,ITA
Italy,ITA,PCM-DPC,Deaths,Cori_step,2021-03-25,0.9697836065390868,1.0494528339736258,0.8901143791045477,ITA
Italy,ITA,PCM-DPC,Deaths,Cori_step,2021-03-26,0.9697836065390868,1.0494528339736258,0.8901143791045477,ITA
Italy,ITA,PCM-DPC,Deaths,Cori_step,2021-03-27,0.9697836065390868,1.0494528339736258,0.8901143791045477,ITA
Italy,ITA,PCM-DPC,Deaths,Cori_step,2021-03-28,0.9697836065390868,1.0494528339736258,0.8901143791045477,ITA
Italy,ITA,PCM-DPC,Deaths,Cori_step,2021-03-29,0.9697836065390868,1.0494528339736258,0.8901143791045477,ITA
Italy,ITA,PCM-DPC,Deaths,Cori_step,2021-03-30,0.9697836065390868,1.0494528339736258,0.8901143791045477,ITA
Italy,ITA,PCM-DPC,Deaths,Cori_step,2021-03-31,0.9697836065390868,1.0494528339736258,0.8901143791045477,ITA
Italy,ITA,PCM-DPC,Deaths,Cori_step,2021-04-01,0.9697836065390868,1.0494528339736258,0.8901143791045477,ITA
Italy,ITA,PCM-DPC,Deaths,Cori_step,2021-04-02,0.9697836065390868,1.0494528339736258,0.8901143791045477,ITA
Italy,ITA,PCM-DPC,Deaths,Cori_step,2021-04-03,0.8784206182760043,1.0785859657432095,0.678255270808799,ITA
Italy,ITA,PCM-DPC,Deaths,Cori_step,2021-04-04,0.8784206182760043,1.0785859657432095,0.678255270808799,ITA
Italy,ITA,PCM-DPC,Deaths,Cori_step,2021-04-05,0.8784206182760043,1.0785859657432095,0.678255270808799,ITA
Italy,ITA,PCM-DPC,Deaths,Cori_step,2021-04-06,0.8872037930228772,1.1364293353277408,0.6379782507180136,ITA
Italy,ITA,PCM-DPC,Deaths,Cori_step,2021-04-07,0.8742933168522885,0.9708971661712612,0.7776894675333158,ITA
Italy,ITA,PCM-DPC,Deaths,Cori_step,2021-04-08,0.8742933168522885,0.9708971661712612,0.7776894675333158,ITA
Italy,ITA,PCM-DPC,Deaths,Cori_step,2021-04-09,0.8742933168522885,0.9708971661712612,0.7776894675333158,ITA
Italy,ITA,PCM-DPC,Deaths,Cori_step,2021-04-10,0.8742933168522885,0.9708971661712612,0.7776894675333158,ITA
Italy,ITA,PCM-DPC,Deaths,Cori_step,2021-04-11,0.8742933168522885,0.9708971661712612,0.7776894675333158,ITA
Italy,ITA,PCM-DPC,Deaths,Cori_step,2021-04-12,0.8742933168522885,0.9708971661712612,0.7776894675333158,ITA
Italy,ITA,PCM-DPC,Deaths,Cori_step,2021-04-13,0.8742933168522885,0.9708971661712612,0.7776894675333158,ITA
Italy,ITA,PCM-DPC,Deaths,Cori_step,2021-04-14,0.8742933168522885,0.9708971661712612,0.7776894675333158,ITA
Italy,ITA,PCM-DPC,Deaths,Cori_step,2021-04-15,0.8742933168522885,0.9708971661712612,0.7776894675333158,ITA
Italy,ITA,PCM-DPC,Deaths,Cori_step,2021-04-16,0.8742933168522885,0.9708971661712612,0.7776894675333158,ITA
Italy,ITA,PCM-DPC,Deaths,Cori_step,2021-04-17,0.8742933168522885,0.9708971661712612,0.7776894675333158,ITA
Italy,ITA,PCM-DPC,Deaths,Cori_step,2021-04-18,0.8742933168522885,0.9708971661712612,0.7776894675333158,ITA
Italy,ITA,PCM-DPC,Deaths,Cori_step,2021-04-19,0.8742933168522885,0.9708971661712612,0.7776894675333158,ITA
Italy,ITA,PCM-DPC,Deaths,Cori_step,2021-04-20,0.8742933168522885,0.9708971661712612,0.7776894675333158,ITA
Italy,ITA,PCM-DPC,Deaths,Cori_step,2021-04-21,0.8742933168522885,0.9708971661712612,0.7776894675333158,ITA
Italy,ITA,PCM-DPC,Deaths,Cori_step,2021-04-22,0.8742933168522885,0.9708971661712612,0.7776894675333158,ITA
Italy,ITA,PCM-DPC,Deaths,Cori_step,2021-04-23,0.8742933168522885,0.9708971661712612,0.7776894675333158,ITA
Italy,ITA,PCM-DPC,Deaths,Cori_step,2021-04-24,0.8742933168522885,0.9708971661712612,0.7776894675333158,ITA
Italy,ITA,PCM-DPC,Deaths,Cori_step,2021-04-25,0.8742933168522885,0.9708971661712612,0.7776894675333158,ITA
Italy,ITA,PCM-DPC,Deaths,Cori_step,2021-04-26,0.8481319881418993,1.0155082126260886,0.68075576365771,ITA
Italy,ITA,PCM-DPC,Deaths,Cori_step,2021-04-27,0.8481319881418993,1.0155082126260886,0.68075576365771,ITA
Italy,ITA,PCM-DPC,Deaths,Cori_step,2021-04-28,0.8481319881418993,1.0155082126260886,0.68075576365771,ITA
Italy,ITA,PCM-DPC,Deaths,Cori_step,2021-04-29,0.8481319881418993,1.0155082126260886,0.68075576365771,ITA
Italy,ITA,PCM-DPC,Deaths,Cori_step,2021-04-30,0.8481319881418993,1.0155082126260886,0.68075576365771,ITA
Italy,ITA,PCM-DPC,Deaths,Cori_step,2021-05-01,0.8322351057120494,0.9445125659273931,0.7199576454967057,ITA
Italy,ITA,PCM-DPC,Deaths,Cori_step,2021-05-02,0.8322351057120494,0.9445125659273931,0.7199576454967057,ITA
Italy,ITA,PCM-DPC,Deaths,Cori_step,2021-05-03,0.8322351057120494,0.9445125659273931,0.7199576454967057,ITA
Italy,ITA,PCM-DPC,Deaths,Cori_step,2021-05-04,0.8322351057120494,0.9445125659273931,0.7199576454967057,ITA
Italy,ITA,PCM-DPC,Deaths,Cori_step,2021-05-05,0.8322351057120494,0.9445125659273931,0.7199576454967057,ITA
Italy,ITA,PCM-DPC,Deaths,Cori_step,2021-05-06,0.8322351057120494,0.9445125659273931,0.7199576454967057,ITA
Italy,ITA,PCM-DPC,Deaths,Cori_step,2021-05-07,0.8322351057120494,0.9445125659273931,0.7199576454967057,ITA
Italy,ITA,PCM-DPC,Deaths,Cori_step,2021-05-08,0.8322351057120494,0.9445125659273931,0.7199576454967057,ITA
Italy,ITA,PCM-DPC,Deaths,Cori_step,2021-05-09,0.8322351057120494,0.9445125659273931,0.7199576454967057,ITA
Italy,ITA,PCM-DPC,Deaths,Cori_step,2021-05-10,0.7780907612304542,0.8787197480530453,0.677461774407863,ITA
Italy,ITA,PCM-DPC,Deaths,Cori_step,2021-05-11,0.7780907612304542,0.8787197480530453,0.677461774407863,ITA
Italy,ITA,PCM-DPC,Deaths,Cori_step,2021-05-12,0.7780907612304542,0.8787197480530453,0.677461774407863,ITA
Italy,ITA,PCM-DPC,Deaths,Cori_step,2021-05-13,0.7780907612304542,0.8787197480530453,0.677461774407863,ITA
Italy,ITA,PCM-DPC,Deaths,Cori_step,2021-05-14,0.7780907612304542,0.8787197480530453,0.677461774407863,ITA
Italy,ITA,PCM-DPC,Deaths,Cori_step,2021-05-15,0.7780907612304542,0.8787197480530453,0.677461774407863,ITA
Italy,ITA,PCM-DPC,Deaths,Cori_step,2021-05-16,0.7780907612304542,0.8787197480530453,0.677461774407863,ITA
Italy,ITA,PCM-DPC,Deaths,Cori_step,2021-05-17,0.7780907612304542,0.8787197480530453,0.677461774407863,ITA
Italy,ITA,PCM-DPC,Deaths,Cori_step,2021-05-18,0.7780907612304542,0.8787197480530453,0.677461774407863,ITA
Italy,ITA,PCM-DPC,Deaths,Cori_step,2021-05-19,0.7780907612304542,0.8787197480530453,0.677461774407863,ITA
Italy,ITA,PCM-DPC,Deaths,Cori_step,2021-05-20,0.7780907612304542,0.8787197480530453,0.677461774407863,ITA
Italy,ITA,PCM-DPC,Deaths,Cori_step,2021-05-21,0.7780907612304542,0.8787197480530453,0.677461774407863,ITA
Italy,ITA,PCM-DPC,Deaths,Cori_step,2021-05-22,0.7780907612304542,0.8787197480530453,0.677461774407863,ITA
Italy,ITA,PCM-DPC,Deaths,Cori_step,2021-05-23,0.7780907612304542,0.8787197480530453,0.677461774407863,ITA
Italy,ITA,PCM-DPC,Deaths,Cori_step,2021-05-24,0.8273959499485452,0.9772395560461141,0.6775523438509762,ITA
Italy,ITA,PCM-DPC,Deaths,Cori_step,2021-05-25,0.8273959499485452,0.9772395560461141,0.6775523438509762,ITA
Italy,ITA,PCM-DPC,Deaths,Cori_step,2021-05-26,0.8273959499485452,0.9772395560461141,0.6775523438509762,ITA
Italy,ITA,PCM-DPC,Deaths,Cori_step,2021-05-27,0.7975045109675211,0.8672183551915856,0.7277906667434565,ITA
Italy,ITA,PCM-DPC,Deaths,Cori_step,2021-05-28,0.7975045109675211,0.8672183551915856,0.7277906667434565,ITA
Italy,ITA,PCM-DPC,Deaths,Cori_step,2021-05-29,0.7975045109675211,0.8672183551915856,0.7277906667434565,ITA
Italy,ITA,PCM-DPC,Deaths,Cori_step,2021-05-30,0.7975045109675211,0.8672183551915856,0.7277906667434565,ITA
Italy,ITA,PCM-DPC,Deaths,Cori_step,2021-05-31,0.7975045109675211,0.8672183551915856,0.7277906667434565,ITA
Italy,ITA,PCM-DPC,Deaths,Cori_step,2021-06-01,0.7975045109675211,0.8672183551915856,0.7277906667434565,ITA
Italy,ITA,PCM-DPC,Deaths,Cori_step,2021-06-02,0.7975045109675211,0.8672183551915856,0.7277906667434565,ITA
Italy,ITA,PCM-DPC,Deaths,Cori_step,2021-06-03,0.7975045109675211,0.8672183551915856,0.7277906667434565,ITA
Italy,ITA,PCM-DPC,Deaths,Cori_step,2021-06-04,0.7975045109675211,0.8672183551915856,0.7277906667434565,ITA
Italy,ITA,PCM-DPC,Deaths,Cori_step,2021-06-05,0.7975045109675211,0.8672183551915856,0.7277906667434565,ITA
Italy,ITA,PCM-DPC,Deaths,Cori_step,2021-06-06,0.7975045109675211,0.8672183551915856,0.7277906667434565,ITA
Italy,ITA,PCM-DPC,Deaths,Cori_step,2021-06-07,0.7975045109675211,0.8672183551915856,0.7277906667434565,ITA
Italy,ITA,PCM-DPC,Deaths,Cori_step,2021-06-08,0.7975045109675211,0.8672183551915856,0.7277906667434565,ITA
Italy,ITA,PCM-DPC,Deaths,Cori_step,2021-06-09,0.7975045109675211,0.8672183551915856,0.7277906667434565,ITA
Italy,ITA,PCM-DPC,Deaths,Cori_step,2021-06-10,0.7975045109675211,0.8672183551915856,0.7277906667434565,ITA
Italy,ITA,PCM-DPC,Deaths,Cori_step,2021-06-11,0.7975045109675211,0.8672183551915856,0.7277906667434565,ITA
Italy,ITA,PCM-DPC,Deaths,Cori_step,2021-06-12,0.7975045109675211,0.8672183551915856,0.7277906667434565,ITA
Italy,ITA,PCM-DPC,Deaths,Cori_step,2021-06-13,0.7975045109675211,0.8672183551915856,0.7277906667434565,ITA
Italy,ITA,PCM-DPC,Deaths,Cori_step,2021-06-14,0.7975045109675211,0.8672183551915856,0.7277906667434565,ITA
Italy,ITA,PCM-DPC,Deaths,Cori_step,2021-06-15,0.7975045109675211,0.8672183551915856,0.7277906667434565,ITA
Italy,ITA,PCM-DPC,Deaths,Cori_step,2021-06-16,0.7975045109675211,0.8672183551915856,0.7277906667434565,ITA
Italy,ITA,PCM-DPC,Deaths,Cori_step,2021-06-17,0.7975045109675211,0.8672183551915856,0.7277906667434565,ITA
Italy,ITA,PCM-DPC,Deaths,Cori_step,2021-06-18,0.7975045109675211,0.8672183551915856,0.7277906667434565,ITA
Italy,ITA,PCM-DPC,Deaths,Cori_step,2021-06-19,0.7975045109675211,0.8672183551915856,0.7277906667434565,ITA
Italy,ITA,PCM-DPC,Deaths,Cori_step,2021-06-20,0.7975045109675211,0.8672183551915856,0.7277906667434565,ITA
Italy,ITA,PCM-DPC,Deaths,Cori_step,2021-06-21,0.7826669051694365,0.9303669902103869,0.6475744606549416,ITA
Italy,ITA,PCM-DPC,Deaths,Cori_step,2021-06-22,0.7826669051694365,0.9303669902103869,0.6475744606549416,ITA
Italy,ITA,PCM-DPC,Deaths,Cori_step,2021-06-23,0.7826669051694365,0.9303669902103869,0.6475744606549416,ITA
Italy,ITA,PCM-DPC,Deaths,Cori_step,2021-06-24,0.7826669051694365,0.9303669902103869,0.6475744606549416,ITA
Italy,ITA,PCM-DPC,Deaths,Cori_step,2021-06-25,0.7826669051694365,0.9303669902103869,0.6475744606549416,ITA
Italy,ITA,PCM-DPC,Deaths,Cori_step,2021-06-26,0.7826669051694365,0.9303669902103869,0.6475744606549416,ITA
Italy,ITA,PCM-DPC,Deaths,Cori_step,2021-06-27,0.7826669051694365,0.9303669902103869,0.6475744606549416,ITA
Italy,ITA,PCM-DPC,Deaths,Cori_step,2021-06-28,0.7826669051694365,0.9303669902103869,0.6475744606549416,ITA
Italy,ITA,PCM-DPC,Deaths,Cori_step,2021-06-29,0.7826669051694365,0.9303669902103869,0.6475744606549416,ITA
Italy,ITA,PCM-DPC,Deaths,Cori_step,2021-06-30,0.7826669051694365,0.9303669902103869,0.6475744606549416,ITA
Italy,ITA,PCM-DPC,Deaths,Cori_step,2021-07-01,1.1669917534690588,1.3422719375608017,1.0038194285841133,ITA
Italy,ITA,PCM-DPC,Deaths,Cori_step,2021-07-02,1.1669917534690588,1.3422719375608017,1.0038194285841133,ITA
Italy,ITA,PCM-DPC,Deaths,Cori_step,2021-07-03,1.1669917534690588,1.3422719375608017,1.0038194285841133,ITA
Italy,ITA,PCM-DPC,Deaths,Cori_step,2021-07-04,1.1669917534690588,1.3422719375608017,1.0038194285841133,ITA
Italy,ITA,PCM-DPC,Deaths,Cori_step,2021-07-05,1.1669917534690588,1.3422719375608017,1.0038194285841133,ITA
Italy,ITA,PCM-DPC,Deaths,Cori_step,2021-07-06,1.1669917534690588,1.3422719375608017,1.0038194285841133,ITA
Italy,ITA,PCM-DPC,Deaths,Cori_step,2021-07-07,1.1669917534690588,1.3422719375608017,1.0038194285841133,ITA
Italy,ITA,PCM-DPC,Deaths,Cori_step,2021-07-08,1.1669917534690588,1.3422719375608017,1.0038194285841133,ITA
Italy,ITA,PCM-DPC,Deaths,Cori_step,2021-07-09,1.1669917534690588,1.3422719375608017,1.0038194285841133,ITA
Italy,ITA,PCM-DPC,Deaths,Cori_step,2021-07-10,1.1669917534690588,1.3422719375608017,1.0038194285841133,ITA
Italy,ITA,PCM-DPC,Deaths,Cori_step,2021-07-11,1.1669917534690588,1.3422719375608017,1.0038194285841133,ITA
Italy,ITA,PCM-DPC,Deaths,Cori_step,2021-07-12,1.1669917534690588,1.3422719375608017,1.0038194285841133,ITA
Italy,ITA,PCM-DPC,Deaths,Cori_step,2021-07-13,1.1669917534690588,1.3422719375608017,1.0038194285841133,ITA
Italy,ITA,PCM-DPC,Deaths,Cori_step,2021-07-14,1.2928414032625928,1.646485195983465,0.9391976105417206,ITA
Italy,ITA,PCM-DPC,Deaths,Cori_step,2021-07-15,1.2928414032625928,1.646485195983465,0.9391976105417206,ITA
Italy,ITA,PCM-DPC,Deaths,Cori_step,2021-07-16,1.2928414032625928,1.646485195983465,0.9391976105417206,ITA
Italy,ITA,PCM-DPC,Deaths,Cori_step,2021-07-17,1.2928414032625928,1.646485195983465,0.9391976105417206,ITA
Italy,ITA,PCM-DPC,Deaths,Cori_step,2021-07-18,1.2928414032625928,1.646485195983465,0.9391976105417206,ITA
Italy,ITA,PCM-DPC,Deaths,Cori_step,2021-07-19,1.2928414032625928,1.646485195983465,0.9391976105417206,ITA
Italy,ITA,PCM-DPC,Deaths,Cori_step,2021-07-20,1.2928414032625928,1.646485195983465,0.9391976105417206,ITA
Italy,ITA,PCM-DPC,Deaths,Cori_step,2021-07-21,1.2928414032625928,1.646485195983465,0.9391976105417206,ITA
Italy,ITA,PCM-DPC,Deaths,Cori_step,2021-07-22,1.2928414032625928,1.646485195983465,0.9391976105417206,ITA
Italy,ITA,PCM-DPC,Deaths,Cori_step,2021-07-23,1.2928414032625928,1.646485195983465,0.9391976105417206,ITA
Italy,ITA,PCM-DPC,Deaths,Cori_step,2021-07-24,1.2928414032625928,1.646485195983465,0.9391976105417206,ITA
Italy,ITA,PCM-DPC,Deaths,Cori_step,2021-07-25,1.2928414032625928,1.646485195983465,0.9391976105417206,ITA
Italy,ITA,PCM-DPC,Deaths,Cori_step,2021-07-26,1.2928414032625928,1.646485195983465,0.9391976105417206,ITA
Italy,ITA,PCM-DPC,Deaths,Cori_step,2021-07-27,1.2928414032625928,1.646485195983465,0.9391976105417206,ITA
Italy,ITA,PCM-DPC,Deaths,Cori_step,2021-07-28,1.2928414032625928,1.646485195983465,0.9391976105417206,ITA
Italy,ITA,PCM-DPC,Deaths,Cori_step,2021-07-29,1.2928414032625928,1.646485195983465,0.9391976105417206,ITA
Italy,ITA,PCM-DPC,Deaths,Cori_step,2021-07-30,1.1939929006736705,1.4952669687057287,0.8927188326416122,ITA
Italy,ITA,PCM-DPC,Deaths,Cori_step,2021-07-31,1.1939929006736705,1.4952669687057287,0.8927188326416122,ITA
Italy,ITA,PCM-DPC,Deaths,Cori_step,2021-08-01,1.1939929006736705,1.4952669687057287,0.8927188326416122,ITA
Italy,ITA,PCM-DPC,Deaths,Cori_step,2021-08-02,1.1939929006736705,1.4952669687057287,0.8927188326416122,ITA
Italy,ITA,PCM-DPC,Deaths,Cori_step,2021-08-03,1.1939929006736705,1.4952669687057287,0.8927188326416122,ITA
Italy,ITA,PCM-DPC,Deaths,Cori_step,2021-08-04,1.1939929006736705,1.4952669687057287,0.8927188326416122,ITA
Italy,ITA,PCM-DPC,Deaths,Cori_step,2021-08-05,1.1939929006736705,1.4952669687057287,0.8927188326416122,ITA
Italy,ITA,PCM-DPC,Deaths,Cori_step,2021-08-06,1.026605444720922,1.1602267443791605,0.8929841450626836,ITA
Italy,ITA,PCM-DPC,Deaths,Cori_step,2021-08-07,1.026605444720922,1.1602267443791605,0.8929841450626836,ITA
Italy,ITA,PCM-DPC,Deaths,Cori_step,2021-08-08,1.026605444720922,1.1602267443791605,0.8929841450626836,ITA
Italy,ITA,PCM-DPC,Deaths,Cori_step,2021-08-09,1.026605444720922,1.1602267443791605,0.8929841450626836,ITA
Italy,ITA,PCM-DPC,Deaths,Cori_step,2021-08-10,1.026605444720922,1.1602267443791605,0.8929841450626836,ITA
Italy,ITA,PCM-DPC,Deaths,Cori_step,2021-08-11,1.026605444720922,1.1602267443791605,0.8929841450626836,ITA
Italy,ITA,PCM-DPC,Deaths,Cori_step,2021-08-12,1.026605444720922,1.1602267443791605,0.8929841450626836,ITA
Italy,ITA,PCM-DPC,Deaths,Cori_step,2021-08-13,1.026605444720922,1.1602267443791605,0.8929841450626836,ITA
Italy,ITA,PCM-DPC,Deaths,Cori_step,2021-08-14,1.026605444720922,1.1602267443791605,0.8929841450626836,ITA
Italy,ITA,PCM-DPC,Deaths,Cori_step,2021-08-15,1.026605444720922,1.1602267443791605,0.8929841450626836,ITA
Italy,ITA,PCM-DPC,Deaths,Cori_step,2021-08-16,1.026605444720922,1.1602267443791605,0.8929841450626836,ITA
Italy,ITA,PCM-DPC,Deaths,Cori_step,2021-08-17,1.026605444720922,1.1602267443791605,0.8929841450626836,ITA
Italy,ITA,PCM-DPC,Deaths,Cori_step,2021-08-18,1.026605444720922,1.1602267443791605,0.8929841450626836,ITA
Italy,ITA,PCM-DPC,Deaths,Cori_step,2021-08-19,1.026605444720922,1.1602267443791605,0.8929841450626836,ITA
Italy,ITA,PCM-DPC,Deaths,Cori_step,2021-08-20,1.026605444720922,1.1602267443791605,0.8929841450626836,ITA
Italy,ITA,PCM-DPC,Deaths,Cori_step,2021-08-21,1.026605444720922,1.1602267443791605,0.8929841450626836,ITA
Italy,ITA,PCM-DPC,Deaths,Cori_step,2021-08-22,1.026605444720922,1.1602267443791605,0.8929841450626836,ITA
Italy,ITA,PCM-DPC,Deaths,Cori_step,2021-08-23,1.026605444720922,1.1602267443791605,0.8929841450626836,ITA
Italy,ITA,PCM-DPC,Deaths,Cori_step,2021-08-24,1.026605444720922,1.1602267443791605,0.8929841450626836,ITA
Italy,ITA,PCM-DPC,Deaths,Cori_step,2021-08-25,1.026605444720922,1.1602267443791605,0.8929841450626836,ITA
Italy,ITA,PCM-DPC,Deaths,Cori_step,2021-08-26,1.026605444720922,1.1602267443791605,0.8929841450626836,ITA
Italy,ITA,PCM-DPC,Deaths,Cori_step,2021-08-27,1.026605444720922,1.1602267443791605,0.8929841450626836,ITA
Italy,ITA,PCM-DPC,Deaths,Cori_step,2021-08-28,1.026605444720922,1.1602267443791605,0.8929841450626836,ITA
Italy,ITA,PCM-DPC,Deaths,Cori_step,2021-08-29,1.026605444720922,1.1602267443791605,0.8929841450626836,ITA
Italy,ITA,PCM-DPC,Deaths,Cori_step,2021-08-30,0.9749167929026564,1.2128626600691803,0.7369709257361327,ITA
Italy,ITA,PCM-DPC,Deaths,Cori_step,2021-08-31,0.9749167929026564,1.2128626600691803,0.7369709257361327,ITA
Italy,ITA,PCM-DPC,Deaths,Cori_step,2021-09-01,0.9449130834381637,1.020093621666857,0.8697325452094704,ITA
Italy,ITA,PCM-DPC,Deaths,Cori_step,2021-09-02,0.9449130834381637,1.020093621666857,0.8697325452094704,ITA
Italy,ITA,PCM-DPC,Deaths,Cori_step,2021-09-03,0.9449130834381637,1.020093621666857,0.8697325452094704,ITA
Italy,ITA,PCM-DPC,Deaths,Cori_step,2021-09-04,0.9449130834381637,1.020093621666857,0.8697325452094704,ITA
Italy,ITA,PCM-DPC,Deaths,Cori_step,2021-09-05,0.9449130834381637,1.020093621666857,0.8697325452094704,ITA
Italy,ITA,PCM-DPC,Deaths,Cori_step,2021-09-06,0.9449130834381637,1.020093621666857,0.8697325452094704,ITA
Italy,ITA,PCM-DPC,Deaths,Cori_step,2021-09-07,0.9449130834381637,1.020093621666857,0.8697325452094704,ITA
Italy,ITA,PCM-DPC,Deaths,Cori_step,2021-09-08,0.9449130834381637,1.020093621666857,0.8697325452094704,ITA
Italy,ITA,PCM-DPC,Deaths,Cori_step,2021-09-09,0.9449130834381637,1.020093621666857,0.8697325452094704,ITA
Italy,ITA,PCM-DPC,Deaths,Cori_step,2021-09-10,0.9449130834381637,1.020093621666857,0.8697325452094704,ITA
Italy,ITA,PCM-DPC,Deaths,Cori_step,2021-09-11,0.9449130834381637,1.020093621666857,0.8697325452094704,ITA
Italy,ITA,PCM-DPC,Deaths,Cori_step,2021-09-12,0.9449130834381637,1.020093621666857,0.8697325452094704,ITA
Italy,ITA,PCM-DPC,Deaths,Cori_step,2021-09-13,0.9449130834381637,1.020093621666857,0.8697325452094704,ITA
Italy,ITA,PCM-DPC,Deaths,Cori_step,2021-09-14,0.9449130834381637,1.020093621666857,0.8697325452094704,ITA
Italy,ITA,PCM-DPC,Deaths,Cori_step,2021-09-15,0.9449130834381637,1.020093621666857,0.8697325452094704,ITA
Italy,ITA,PCM-DPC,Deaths,Cori_step,2021-09-16,0.9449130834381637,1.020093621666857,0.8697325452094704,ITA
Italy,ITA,PCM-DPC,Deaths,Cori_step,2021-09-17,0.9449130834381637,1.020093621666857,0.8697325452094704,ITA
Italy,ITA,PCM-DPC,Deaths,Cori_step,2021-09-18,0.9449130834381637,1.020093621666857,0.8697325452094704,ITA
Italy,ITA,PCM-DPC,Deaths,Cori_step,2021-09-19,0.9449130834381637,1.020093621666857,0.8697325452094704,ITA
Italy,ITA,PCM-DPC,Deaths,Cori_step,2021-09-20,0.9449130834381637,1.020093621666857,0.8697325452094704,ITA
Italy,ITA,PCM-DPC,Deaths,Cori_step,2021-09-21,0.9449130834381637,1.020093621666857,0.8697325452094704,ITA
Italy,ITA,PCM-DPC,Deaths,Cori_step,2021-09-22,0.9449130834381637,1.020093621666857,0.8697325452094704,ITA
Italy,ITA,PCM-DPC,Deaths,Cori_step,2021-09-23,0.9449130834381637,1.020093621666857,0.8697325452094704,ITA
Italy,ITA,PCM-DPC,Deaths,Cori_step,2021-09-24,0.9449130834381637,1.020093621666857,0.8697325452094704,ITA
Italy,ITA,PCM-DPC,Deaths,Cori_step,2021-09-25,0.9449130834381637,1.020093621666857,0.8697325452094704,ITA
Italy,ITA,PCM-DPC,Deaths,Cori_step,2021-09-26,0.9449130834381637,1.020093621666857,0.8697325452094704,ITA
Italy,ITA,PCM-DPC,Deaths,Cori_step,2021-09-27,0.9449130834381637,1.020093621666857,0.8697325452094704,ITA
Italy,ITA,PCM-DPC,Deaths,Cori_step,2021-09-28,0.9449130834381637,1.020093621666857,0.8697325452094704,ITA
Italy,ITA,PCM-DPC,Deaths,Cori_step,2021-09-29,0.9449130834381637,1.020093621666857,0.8697325452094704,ITA
Italy,ITA,PCM-DPC,Deaths,Cori_step,2021-09-30,0.9449130834381637,1.020093621666857,0.8697325452094704,ITA
Italy,ITA,PCM-DPC,Deaths,Cori_step,2021-10-01,0.9449130834381637,1.020093621666857,0.8697325452094704,ITA
Italy,ITA,PCM-DPC,Deaths,Cori_step,2021-10-02,0.9449130834381637,1.020093621666857,0.8697325452094704,ITA
Italy,ITA,PCM-DPC,Deaths,Cori_step,2021-10-03,0.9449130834381637,1.020093621666857,0.8697325452094704,ITA
Italy,ITA,PCM-DPC,Deaths,Cori_step,2021-10-04,0.9449130834381637,1.020093621666857,0.8697325452094704,ITA
Italy,ITA,PCM-DPC,Deaths,Cori_step,2021-10-05,0.9449130834381637,1.020093621666857,0.8697325452094704,ITA
Italy,ITA,PCM-DPC,Deaths,Cori_step,2021-10-06,0.9449130834381637,1.020093621666857,0.8697325452094704,ITA
Italy,ITA,PCM-DPC,Deaths,Cori_step,2021-10-07,0.9449130834381637,1.020093621666857,0.8697325452094704,ITA
Italy,ITA,PCM-DPC,Deaths,Cori_step,2021-10-08,0.9449130834381637,1.020093621666857,0.8697325452094704,ITA
Italy,ITA,PCM-DPC,Deaths,Cori_step,2021-10-09,1.0628580220252717,1.360072477178302,0.7656435668722416,ITA
Italy,ITA,PCM-DPC,Deaths,Cori_step,2021-10-10,1.0628580220252717,1.360072477178302,0.7656435668722416,ITA
Italy,ITA,PCM-DPC,Deaths,Cori_step,2021-10-11,1.0628580220252717,1.360072477178302,0.7656435668722416,ITA
Italy,ITA,PCM-DPC,Deaths,Cori_step,2021-10-12,1.0628580220252717,1.360072477178302,0.7656435668722416,ITA
Italy,ITA,PCM-DPC,Deaths,Cori_step,2021-10-13,1.0628580220252717,1.360072477178302,0.7656435668722416,ITA
Italy,ITA,PCM-DPC,Deaths,Cori_step,2021-10-14,1.0628580220252717,1.360072477178302,0.7656435668722416,ITA
Italy,ITA,PCM-DPC,Deaths,Cori_step,2021-10-15,1.0628580220252717,1.360072477178302,0.7656435668722416,ITA
Italy,ITA,PCM-DPC,Deaths,Cori_step,2021-10-16,1.0628580220252717,1.360072477178302,0.7656435668722416,ITA
Italy,ITA,PCM-DPC,Deaths,Cori_step,2021-10-17,1.0628580220252717,1.360072477178302,0.7656435668722416,ITA
Italy,ITA,PCM-DPC,Deaths,Cori_step,2021-10-18,1.0628580220252717,1.360072477178302,0.7656435668722416,ITA
Italy,ITA,PCM-DPC,Deaths,Cori_step,2021-10-19,1.1663403578905154,1.3950740282837133,0.9376066874973173,ITA
Italy,ITA,PCM-DPC,Deaths,Cori_step,2021-10-20,1.1663403578905154,1.3950740282837133,0.9376066874973173,ITA
Italy,ITA,PCM-DPC,Deaths,Cori_step,2021-10-21,1.1663403578905154,1.3950740282837133,0.9376066874973173,ITA
Italy,ITA,PCM-DPC,Deaths,Cori_step,2021-10-22,1.1663403578905154,1.3950740282837133,0.9376066874973173,ITA
Italy,ITA,PCM-DPC,Deaths,Cori_step,2021-10-23,1.1663403578905154,1.3950740282837133,0.9376066874973173,ITA
Italy,ITA,PCM-DPC,Deaths,Cori_step,2021-10-24,1.1663403578905154,1.3950740282837133,0.9376066874973173,ITA
Italy,ITA,PCM-DPC,Deaths,Cori_step,2021-10-25,1.0897118721824866,1.1499395589723274,1.0294841853926457,ITA
Italy,ITA,PCM-DPC,Deaths,Cori_step,2021-10-26,1.0897118721824866,1.1499395589723274,1.0294841853926457,ITA
Italy,ITA,PCM-DPC,Deaths,Cori_step,2021-10-27,1.0897118721824866,1.1499395589723274,1.0294841853926457,ITA
Italy,ITA,PCM-DPC,Deaths,Cori_step,2021-10-28,1.0897118721824866,1.1499395589723274,1.0294841853926457,ITA
Italy,ITA,PCM-DPC,Deaths,Cori_step,2021-10-29,1.0897118721824866,1.1499395589723274,1.0294841853926457,ITA
Italy,ITA,PCM-DPC,Deaths,Cori_step,2021-10-30,1.0897118721824866,1.1499395589723274,1.0294841853926457,ITA
Italy,ITA,PCM-DPC,Deaths,Cori_step,2021-10-31,1.0897118721824866,1.1499395589723274,1.0294841853926457,ITA
Italy,ITA,PCM-DPC,Deaths,Cori_step,2021-11-01,1.0897118721824866,1.1499395589723274,1.0294841853926457,ITA
Italy,ITA,PCM-DPC,Deaths,Cori_step,2021-11-02,1.0897118721824866,1.1499395589723274,1.0294841853926457,ITA
Italy,ITA,PCM-DPC,Deaths,Cori_step,2021-11-03,1.0897118721824866,1.1499395589723274,1.0294841853926457,ITA
Italy,ITA,PCM-DPC,Deaths,Cori_step,2021-11-04,1.0897118721824866,1.1499395589723274,1.0294841853926457,ITA
Italy,ITA,PCM-DPC,Deaths,Cori_step,2021-11-05,1.0897118721824866,1.1499395589723274,1.0294841853926457,ITA
Italy,ITA,PCM-DPC,Deaths,Cori_step,2021-11-06,1.0897118721824866,1.1499395589723274,1.0294841853926457,ITA
Italy,ITA,PCM-DPC,Deaths,Cori_step,2021-11-07,1.0897118721824866,1.1499395589723274,1.0294841853926457,ITA
Italy,ITA,PCM-DPC,Deaths,Cori_step,2021-11-08,1.0897118721824866,1.1499395589723274,1.0294841853926457,ITA
Italy,ITA,PCM-DPC,Deaths,Cori_step,2021-11-09,1.0897118721824866,1.1499395589723274,1.0294841853926457,ITA
Italy,ITA,PCM-DPC,Deaths,Cori_step,2021-11-10,1.0897118721824866,1.1499395589723274,1.0294841853926457,ITA
Italy,ITA,PCM-DPC,Deaths,Cori_step,2021-11-11,1.0897118721824866,1.1499395589723274,1.0294841853926457,ITA
Italy,ITA,PCM-DPC,Deaths,Cori_step,2021-11-12,1.0897118721824866,1.1499395589723274,1.0294841853926457,ITA
Italy,ITA,PCM-DPC,Deaths,Cori_step,2021-11-13,1.0897118721824866,1.1499395589723274,1.0294841853926457,ITA
Italy,ITA,PCM-DPC,Deaths,Cori_step,2021-11-14,1.0897118721824866,1.1499395589723274,1.0294841853926457,ITA
Italy,ITA,PCM-DPC,Deaths,Cori_step,2021-11-15,1.0897118721824866,1.1499395589723274,1.0294841853926457,ITA
Italy,ITA,PCM-DPC,Deaths,Cori_step,2021-11-16,1.0897118721824866,1.1499395589723274,1.0294841853926457,ITA
Italy,ITA,PCM-DPC,Deaths,Cori_step,2021-11-17,1.0897118721824866,1.1499395589723274,1.0294841853926457,ITA
Italy,ITA,PCM-DPC,Deaths,Cori_step,2021-11-18,1.0897118721824866,1.1499395589723274,1.0294841853926457,ITA
Italy,ITA,PCM-DPC,Deaths,Cori_step,2021-11-19,1.0897118721824866,1.1499395589723274,1.0294841853926457,ITA
Italy,ITA,PCM-DPC,Deaths,Cori_step,2021-11-20,1.0897118721824866,1.1499395589723274,1.0294841853926457,ITA
Italy,ITA,PCM-DPC,Deaths,Cori_step,2021-11-21,1.0897118721824866,1.1499395589723274,1.0294841853926457,ITA
Italy,ITA,PCM-DPC,Deaths,Cori_step,2021-11-22,1.0897118721824866,1.1499395589723274,1.0294841853926457,ITA
Italy,ITA,PCM-DPC,Deaths,Cori_step,2021-11-23,1.0897118721824866,1.1499395589723274,1.0294841853926457,ITA
Italy,ITA,PCM-DPC,Deaths,Cori_step,2021-11-24,1.0897118721824866,1.1499395589723274,1.0294841853926457,ITA
Italy,ITA,PCM-DPC,Deaths,Cori_step,2021-11-25,1.0897118721824866,1.1499395589723274,1.0294841853926457,ITA
Italy,ITA,PCM-DPC,Deaths,Cori_step,2021-11-26,1.0897118721824866,1.1499395589723274,1.0294841853926457,ITA
Italy,ITA,PCM-DPC,Deaths,Cori_step,2021-11-27,1.0897118721824866,1.1499395589723274,1.0294841853926457,ITA
Italy,ITA,PCM-DPC,Deaths,Cori_step,2021-11-28,1.0897118721824866,1.1499395589723274,1.0294841853926457,ITA
Italy,ITA,PCM-DPC,Deaths,Cori_step,2021-11-29,1.0897118721824866,1.1499395589723274,1.0294841853926457,ITA
Italy,ITA,PCM-DPC,Deaths,Cori_step,2021-11-30,1.0897118721824866,1.1499395589723274,1.0294841853926457,ITA
Italy,ITA,PCM-DPC,Deaths,Cori_step,2021-12-01,1.0897118721824866,1.1499395589723274,1.0294841853926457,ITA
Italy,ITA,PCM-DPC,Deaths,Cori_step,2021-12-02,1.0897118721824866,1.1499395589723274,1.0294841853926457,ITA
Italy,ITA,PCM-DPC,Deaths,Cori_step,2021-12-03,1.0897118721824866,1.1499395589723274,1.0294841853926457,ITA
Italy,ITA,PCM-DPC,Deaths,Cori_step,2021-12-04,1.0897118721824866,1.1499395589723274,1.0294841853926457,ITA
Italy,ITA,PCM-DPC,Deaths,Cori_step,2021-12-05,1.0897118721824866,1.1499395589723274,1.0294841853926457,ITA
Italy,ITA,PCM-DPC,Deaths,Cori_step,2021-12-06,1.0897118721824866,1.1499395589723274,1.0294841853926457,ITA
Italy,ITA,PCM-DPC,Deaths,Cori_step,2021-12-07,1.0897118721824866,1.1499395589723274,1.0294841853926457,ITA
Italy,ITA,PCM-DPC,Deaths,Cori_step,2021-12-08,1.0897118721824866,1.1499395589723274,1.0294841853926457,ITA
Italy,ITA,PCM-DPC,Deaths,Cori_step,2021-12-09,1.0897118721824866,1.1499395589723274,1.0294841853926457,ITA
Italy,ITA,PCM-DPC,Deaths,Cori_step,2021-12-10,1.0897118721824866,1.1499395589723274,1.0294841853926457,ITA
Italy,ITA,PCM-DPC,Deaths,Cori_step,2021-12-11,1.0897118721824866,1.1499395589723274,1.0294841853926457,ITA
Italy,ITA,PCM-DPC,Deaths,Cori_step,2021-12-12,1.0897118721824866,1.1499395589723274,1.0294841853926457,ITA
Italy,ITA,PCM-DPC,Deaths,Cori_step,2021-12-13,1.0897118721824866,1.1499395589723274,1.0294841853926457,ITA
Italy,ITA,PCM-DPC,Deaths,Cori_step,2021-12-14,1.0897118721824866,1.1499395589723274,1.0294841853926457,ITA
Italy,ITA,PCM-DPC,Deaths,Cori_step,2021-12-15,1.0897118721824866,1.1499395589723274,1.0294841853926457,ITA
Italy,ITA,PCM-DPC,Deaths,Cori_step,2021-12-16,1.0897118721824866,1.1499395589723274,1.0294841853926457,ITA
Italy,ITA,PCM-DPC,Deaths,Cori_step,2021-12-17,1.0897118721824866,1.1499395589723274,1.0294841853926457,ITA
Italy,ITA,PCM-DPC,Deaths,Cori_step,2021-12-18,1.0897118721824866,1.1499395589723274,1.0294841853926457,ITA
Italy,ITA,PCM-DPC,Deaths,Cori_step,2021-12-19,1.0897118721824866,1.1499395589723274,1.0294841853926457,ITA
Italy,ITA,PCM-DPC,Deaths,Cori_step,2021-12-20,1.0897118721824866,1.1499395589723274,1.0294841853926457,ITA
Italy,ITA,PCM-DPC,Deaths,Cori_step,2021-12-21,1.0897118721824866,1.1499395589723274,1.0294841853926457,ITA
Italy,ITA,PCM-DPC,Deaths,Cori_step,2021-12-22,1.0897118721824866,1.1499395589723274,1.0294841853926457,ITA
Italy,ITA,PCM-DPC,Deaths,Cori_step,2021-12-23,1.0897118721824866,1.1499395589723274,1.0294841853926457,ITA
Italy,ITA,PCM-DPC,Deaths,Cori_step,2021-12-24,1.0897118721824866,1.1499395589723274,1.0294841853926457,ITA
Italy,ITA,PCM-DPC,Deaths,Cori_step,2021-12-25,1.0897118721824866,1.1499395589723274,1.0294841853926457,ITA
Italy,ITA,PCM-DPC,Deaths,Cori_step,2021-12-26,1.0897118721824866,1.1499395589723274,1.0294841853926457,ITA
Italy,ITA,PCM-DPC,Deaths,Cori_step,2021-12-27,1.0897118721824866,1.1499395589723274,1.0294841853926457,ITA
Italy,ITA,PCM-DPC,Deaths,Cori_step,2021-12-28,1.0897118721824866,1.1499395589723274,1.0294841853926457,ITA
Italy,ITA,PCM-DPC,Deaths,Cori_step,2021-12-29,1.0897118721824866,1.1499395589723274,1.0294841853926457,ITA
Italy,ITA,PCM-DPC,Deaths,Cori_step,2021-12-30,1.0897118721824866,1.1499395589723274,1.0294841853926457,ITA
Italy,ITA,PCM-DPC,Deaths,Cori_step,2021-12-31,1.0897118721824866,1.1499395589723274,1.0294841853926457,ITA
Italy,ITA,PCM-DPC,Confirmed cases,Cori_slidingWindow,2022-01-01,1.0980639471751494,1.4486109749028988,0.7475169194474,ITA
Italy,ITA,PCM-DPC,Confirmed cases,Cori_slidingWindow,2022-01-02,1.0838005639161965,1.6460033248760113,0.5215978029563817,ITA
Italy,ITA,PCM-DPC,Confirmed cases,Cori_slidingWindow,2022-01-03,1.0686127038785873,1.5045541135458333,0.6326712942113412,ITA
Italy,ITA,PCM-DPC,Confirmed cases,Cori_slidingWindow,2022-01-04,1.0493065248190125,1.2846675749739822,0.8139454746640429,ITA
Italy,ITA,PCM-DPC,Confirmed cases,Cori_slidingWindow,2022-01-05,1.0282190321497122,1.1251141599292775,0.9313239043701468,ITA
Italy,ITA,PCM-DPC,Confirmed cases,Cori_slidingWindow,2022-01-06,1.0101481294564945,1.059325559873426,0.960970699039563,ITA
Italy,ITA,PCM-DPC,Confirmed cases,Cori_slidingWindow,2022-01-07,0.9990838446259366,1.0584099748607663,0.9397577143911069,ITA
Italy,ITA,PCM-DPC,Confirmed cases,Cori_slidingWindow,2022-01-08,0.9948731522653824,1.0772271543960819,0.912519150134683,ITA
Italy,ITA,PCM-DPC,Confirmed cases,Cori_slidingWindow,2022-01-09,0.9931354375532182,1.09525457589302,0.8910162992134164,ITA
Italy,ITA,PCM-DPC,Confirmed cases,Cori_slidingWindow,2022-01-10,0.9893782957177597,1.0894863811980617,0.8892702102374577,ITA
Italy,ITA,PCM-DPC,Confirmed cases,Cori_slidingWindow,2022-01-11,0.9814597154247501,1.08828510074546,0.8746343301040401,ITA
Italy,ITA,PCM-DPC,Confirmed cases,Cori_slidingWindow,2022-01-12,0.971320576587111,1.1104820066603052,0.8321591465139169,ITA
Italy,ITA,PCM-DPC,Confirmed cases,Cori_slidingWindow,2022-01-13,0.9625035547615155,1.135423313056606,0.7895837964664251,ITA
Italy,ITA,PCM-DPC,Confirmed cases,Cori_slidingWindow,2022-01-14,0.9577546061895575,1.1487505593160097,0.7667586530631054,ITA
Italy,ITA,PCM-DPC,Confirmed cases,Cori_slidingWindow,2022-01-15,0.9567484623177154,1.1531332195942612,0.7603637050411696,ITA
Italy,ITA,PCM-DPC,Confirmed cases,Cori_slidingWindow,2022-01-16,0.9556953652067902,1.1530769750272627,0.7583137553863177,ITA
Italy,ITA,PCM-DPC,Confirmed cases,Cori_slidingWindow,2022-01-17,0.949616944253586,1.1458431048601216,0.7533907836470504,ITA
Italy,ITA,PCM-DPC,Confirmed cases,Cori_slidingWindow,2022-01-18,0.9358813855270504,1.1284934508525262,0.7432693202015745,ITA
Italy,ITA,PCM-DPC,Confirmed cases,Cori_slidingWindow,2022-01-19,0.9165607844351131,1.1003551550909096,0.7327664137793166,ITA
Italy,ITA,PCM-DPC,Confirmed cases,Cori_slidingWindow,2022-01-20,0.8973383585147624,1.0248036857635061,0.7698730312660186,ITA
Italy,ITA,PCM-DPC,Confirmed cases,Cori_slidingWindow,2022-01-21,0.883551117922074,1.024756427049017,0.742345808795131,ITA
Italy,ITA,PCM-DPC,Confirmed cases,Cori_slidingWindow,2022-01-22,0.8772450018933055,1.2178900314842582,0.5365999723023527,ITA
Italy,ITA,PCM-DPC,Confirmed cases,Cori_slidingWindow,2022-01-23,0.87545806357826,1.1445948676688,0.60632125948772,ITA
Italy,ITA,PCM-DPC,Confirmed cases,Cori_slidingWindow,2022-01-24,0.8729461891204287,1.0082659084401233,0.737626469800734,ITA
Italy,ITA,PCM-DPC,Confirmed cases,Cori_slidingWindow,2022-01-25,0.8664772504021974,0.9364250117734757,0.796529489030919,ITA
Italy,ITA,PCM-DPC,Confirmed cases,Cori_slidingWindow,2022-01-26,0.8567509215530844,0.9205922357165983,0.7929096073895705,ITA
Italy,ITA,PCM-DPC,Confirmed cases,Cori_slidingWindow,2022-01-27,0.8477086225728693,0.9130191391178911,0.7823981060278474,ITA
Italy,ITA,PCM-DPC,Confirmed cases,Cori_slidingWindow,2022-01-28,0.8428933297144449,0.9079844289841618,0.777802230444728,ITA
Italy,ITA,PCM-DPC,Confirmed cases,Cori_slidingWindow,2022-01-29,0.8438859456246712,0.9068894091865088,0.7808824820628336,ITA
Italy,ITA,PCM-DPC,Confirmed cases,Cori_slidingWindow,2022-01-30,0.8485623152873203,0.9354173987643228,0.7617072318103177,ITA
Italy,ITA,PCM-DPC,Confirmed cases,Cori_slidingWindow,2022-01-31,0.8527779244426962,1.011508566022132,0.6940472828632605,ITA
Italy,ITA,PCM-DPC,Confirmed cases,Cori_slidingWindow,2022-02-01,0.8530656280103205,1.0685814287196131,0.6375498273010279,ITA
Italy,ITA,PCM-DPC,Confirmed cases,Cori_slidingWindow,2022-02-02,0.8491616450505535,1.0485147658428906,0.6498085242582163,ITA
Italy,ITA,PCM-DPC,Confirmed cases,Cori_slidingWindow,2022-02-03,0.8444304163634851,0.9809007997111251,0.7079600330158452,ITA
Italy,ITA,PCM-DPC,Confirmed cases,Cori_slidingWindow,2022-02-04,0.8430102417447513,0.9228999183899937,0.7631205650995088,ITA
Italy,ITA,PCM-DPC,Confirmed cases,Cori_slidingWindow,2022-02-05,0.8474261810447722,0.9044725845438102,0.7903797775457342,ITA
Italy,ITA,PCM-DPC,Confirmed cases,Cori_slidingWindow,2022-02-06,0.8571112028851138,0.9087898441225608,0.8054325616476667,ITA
Italy,ITA,PCM-DPC,Confirmed cases,Cori_slidingWindow,2022-02-07,0.8687881342312772,0.9215869019423666,0.8159893665201878,ITA
Italy,ITA,PCM-DPC,Confirmed cases,Cori_slidingWindow,2022-02-08,0.878602644526516,0.9388298723395341,0.818375416713498,ITA
Italy,ITA,PCM-DPC,Confirmed cases,Cori_slidingWindow,2022-02-09,0.8848477145104002,0.9427306381531421,0.8269647908676584,ITA
Italy,ITA,PCM-DPC,Confirmed cases,Cori_slidingWindow,2022-02-10,0.8898798597628707,0.9625702703934169,0.8171894491323244,ITA
Italy,ITA,PCM-DPC,Confirmed cases,Cori_slidingWindow,2022-02-11,0.8971103356464634,1.008678585995182,0.7855420852977448,ITA
Italy,ITA,PCM-DPC,Confirmed cases,Cori_slidingWindow,2022-02-12,0.9067445566604387,1.053017781510504,0.7604713318103734,ITA
Italy,ITA,PCM-DPC,Confirmed cases,Cori_slidingWindow,2022-02-13,0.9156370929009142,1.0817535102707192,0.7495206755311092,ITA
Italy,ITA,PCM-DPC,Confirmed cases,Cori_slidingWindow,2022-02-14,0.9193327814791544,1.0937782172993091,0.7448873456589997,ITA
Italy,ITA,PCM-DPC,Confirmed cases,Cori_slidingWindow,2022-02-15,0.9164069724542262,1.0897750061988496,0.7430389387096029,ITA
Italy,ITA,PCM-DPC,Confirmed cases,Cori_slidingWindow,2022-02-16,0.9084723690579145,1.0618411159000178,0.7551036222158112,ITA
Italy,ITA,PCM-DPC,Confirmed cases,Cori_slidingWindow,2022-02-17,0.8999494425652351,0.9907096890573324,0.8091891960731379,ITA
Italy,ITA,PCM-DPC,Confirmed cases,Cori_slidingWindow,2022-02-18,0.8954541982733821,0.9887803438177241,0.8021280527290402,ITA
Italy,ITA,PCM-DPC,Confirmed cases,Cori_slidingWindow,2022-02-19,0.8974943343036526,1.1043463001404568,0.6906423684668483,ITA
Italy,ITA,PCM-DPC,Confirmed cases,Cori_slidingWindow,2022-02-20,0.9068220376456434,1.0955781743932038,0.718065900898083,ITA
Italy,ITA,PCM-DPC,Confirmed cases,Cori_slidingWindow,2022-02-21,0.9220702359804144,1.0357615008066896,0.8083789711541391,ITA
Italy,ITA,PCM-DPC,Confirmed cases,Cori_slidingWindow,2022-02-22,0.9412595341885713,1.0304696772427833,0.8520493911343594,ITA
Italy,ITA,PCM-DPC,Confirmed cases,Cori_slidingWindow,2022-02-23,0.963827701877617,1.0723822314937839,0.8552731722614503,ITA
Italy,ITA,PCM-DPC,Confirmed cases,Cori_slidingWindow,2022-02-24,0.9910920131080774,1.099471294952613,0.8827127312635417,ITA
Italy,ITA,PCM-DPC,Confirmed cases,Cori_slidingWindow,2022-02-25,1.024434821165849,1.1090212925661955,0.9398483497655025,ITA
Italy,ITA,PCM-DPC,Confirmed cases,Cori_slidingWindow,2022-02-26,1.0607745399284734,1.121303131298955,1.0002459485579918,ITA
Italy,ITA,PCM-DPC,Confirmed cases,Cori_slidingWindow,2022-02-27,1.093361521879967,1.1540900467679824,1.0326329969919517,ITA
Italy,ITA,PCM-DPC,Confirmed cases,Cori_slidingWindow,2022-02-28,1.1165572937532338,1.1841556722411786,1.048958915265289,ITA
Italy,ITA,PCM-DPC,Confirmed cases,Cori_slidingWindow,2022-03-01,1.129646348749374,1.1935796548116313,1.0657130426871166,ITA
Italy,ITA,PCM-DPC,Confirmed cases,Cori_slidingWindow,2022-03-02,1.1368930645344533,1.1963792284876114,1.0774069005812952,ITA
Italy,ITA,PCM-DPC,Confirmed cases,Cori_slidingWindow,2022-03-03,1.1431630056153699,1.209128738739404,1.0771972724913357,ITA
Italy,ITA,PCM-DPC,Confirmed cases,Cori_slidingWindow,2022-03-04,1.1520447083623164,1.2303358577486896,1.0737535589759433,ITA
Italy,ITA,PCM-DPC,Confirmed cases,Cori_slidingWindow,2022-03-05,1.1631893135268179,1.2548125743436334,1.0715660527100024,ITA
Italy,ITA,PCM-DPC,Confirmed cases,Cori_slidingWindow,2022-03-06,1.1703036928349757,1.2738070788218248,1.0668003068481267,ITA
Italy,ITA,PCM-DPC,Confirmed cases,Cori_slidingWindow,2022-03-07,1.1661870104434073,1.2710270594492565,1.0613469614375581,ITA
Italy,ITA,PCM-DPC,Confirmed cases,Cori_slidingWindow,2022-03-08,1.1488920960690872,1.2381173927650362,1.0596667993731381,ITA
Italy,ITA,PCM-DPC,Confirmed cases,Cori_slidingWindow,2022-03-09,1.1243495958788123,1.1927188724340902,1.0559803193235344,ITA
Italy,ITA,PCM-DPC,Confirmed cases,Cori_slidingWindow,2022-03-10,1.1015098189322612,1.1636857904354279,1.0393338474290945,ITA
Italy,ITA,PCM-DPC,Confirmed cases,Cori_slidingWindow,2022-03-11,1.08524109228264,1.1483492322817301,1.02213295228355,ITA
Italy,ITA,PCM-DPC,Confirmed cases,Cori_slidingWindow,2022-03-12,1.0747663575466682,1.1335390597537647,1.0159936553395716,ITA
Italy,ITA,PCM-DPC,Confirmed cases,Cori_slidingWindow,2022-03-13,1.0650832763112117,1.1216503904873822,1.0085161621350411,ITA
Italy,ITA,PCM-DPC,Confirmed cases,Cori_slidingWindow,2022-03-14,1.051893968917864,1.1120758290423354,0.9917121087933926,ITA
Italy,ITA,PCM-DPC,Confirmed cases,Cori_slidingWindow,2022-03-15,1.0336824968418203,1.0927207739988525,0.9746442196847882,ITA
Italy,ITA,PCM-DPC,Confirmed cases,Cori_slidingWindow,2022-03-16,1.0132848034792974,1.0651116882475813,0.9614579187110135,ITA
Italy,ITA,PCM-DPC,Confirmed cases,Cori_slidingWindow,2022-03-17,0.9961160120476441,1.0446863786431213,0.9475456454521669,ITA
Italy,ITA,PCM-DPC,Confirmed cases,Cori_slidingWindow,2022-03-18,0.9869427993725075,1.0371398350248442,0.9367457637201708,ITA
Italy,ITA,PCM-DPC,Confirmed cases,Cori_slidingWindow,2022-03-19,0.9863607391260696,1.0374226856490605,0.9352987926030787,ITA
Italy,ITA,PCM-DPC,Confirmed cases,Cori_slidingWindow,2022-03-20,0.9898089529959724,1.0426002241674759,0.9370176818244688,ITA
Italy,ITA,PCM-DPC,Confirmed cases,Cori_slidingWindow,2022-03-21,0.9913261943090695,1.0481125387198917,0.9345398498982473,ITA
Italy,ITA,PCM-DPC,Confirmed cases,Cori_slidingWindow,2022-03-22,0.9876016992207967,1.044969803570047,0.9302335948715464,ITA
Italy,ITA,PCM-DPC,Confirmed cases,Cori_slidingWindow,2022-03-23,0.9794203878145873,1.032999896578044,0.9258408790511305,ITA
Italy,ITA,PCM-DPC,Confirmed cases,Cori_slidingWindow,2022-03-24,0.9709111268134408,1.0233929432012487,0.9184293104256329,ITA
Italy,ITA,PCM-DPC,Confirmed cases,Cori_slidingWindow,2022-03-25,0.9663151435474662,1.0232521312929812,0.9093781558019511,ITA
Italy,ITA,PCM-DPC,Confirmed cases,Cori_slidingWindow,2022-03-26,0.9670974025091652,1.035951744348158,0.8982430606701722,ITA
Italy,ITA,PCM-DPC,Confirmed cases,Cori_slidingWindow,2022-03-27,0.9704476171171622,1.0750998182705247,0.8657954159637997,ITA
Italy,ITA,PCM-DPC,Confirmed cases,Cori_slidingWindow,2022-03-28,0.9716802478452489,1.1298091487117587,0.813551346978739,ITA
Italy,ITA,PCM-DPC,Confirmed cases,Cori_slidingWindow,2022-03-29,0.9686457875504395,1.1597896830726033,0.7775018920282756,ITA
Italy,ITA,PCM-DPC,Confirmed cases,Cori_slidingWindow,2022-03-30,0.9626729048752657,1.1379755716730273,0.7873702380775042,ITA
Italy,ITA,PCM-DPC,Confirmed cases,Cori_slidingWindow,2022-03-31,0.9579379261299721,1.0819290898116856,0.8339467624482585,ITA
Italy,ITA,PCM-DPC,Confirmed cases,Cori_slidingWindow,2022-04-01,0.9574815315845828,1.0332607022980562,0.8817023608711095,ITA
Italy,ITA,PCM-DPC,Confirmed cases,Cori_slidingWindow,2022-04-02,0.96124867017115,1.0196994593895126,0.9027978809527875,ITA
Italy,ITA,PCM-DPC,Confirmed cases,Cori_slidingWindow,2022-04-03,0.9656042701298518,1.0200138927968598,0.9111946474628438,ITA
Italy,ITA,PCM-DPC,Confirmed cases,Cori_slidingWindow,2022-04-04,0.9653586692767618,1.0131776216688777,0.917539716884646,ITA
Italy,ITA,PCM-DPC,Confirmed cases,Cori_slidingWindow,2022-04-05,0.9600728084556716,1.009540585213157,0.9106050316981863,ITA
Italy,ITA,PCM-DPC,Confirmed cases,Cori_slidingWindow,2022-04-06,0.9543608025178358,1.0097862649961893,0.8989353400394824,ITA
Italy,ITA,PCM-DPC,Confirmed cases,Cori_slidingWindow,2022-04-07,0.9549379909253422,1.0376035334355063,0.8722724484151781,ITA
Italy,ITA,PCM-DPC,Confirmed cases,Cori_slidingWindow,2022-04-08,0.9658134400714934,1.089405984651285,0.8422208954917018,ITA
Italy,ITA,PCM-DPC,Confirmed cases,Cori_slidingWindow,2022-04-09,0.9842786908736295,1.153287905017587,0.815269476729672,ITA
Italy,ITA,PCM-DPC,Confirmed cases,Cori_slidingWindow,2022-04-10,1.0038890400639644,1.2246441603437124,0.7831339197842164,ITA
Italy,ITA,PCM-DPC,Confirmed cases,Cori_slidingWindow,2022-04-11,1.0175362198303843,1.273495625873759,0.7615768137870096,ITA
Italy,ITA,PCM-DPC,Confirmed cases,Cori_slidingWindow,2022-04-12,1.0211410243655077,1.2652624752122617,0.7770195735187537,ITA
Italy,ITA,PCM-DPC,Confirmed cases,Cori_slidingWindow,2022-04-13,1.0153710107033782,1.2026131093816985,0.8281289120250579,ITA
Italy,ITA,PCM-DPC,Confirmed cases,Cori_slidingWindow,2022-04-14,1.005160881463438,1.1187865469010327,0.8915352160258434,ITA
Italy,ITA,PCM-DPC,Confirmed cases,Cori_slidingWindow,2022-04-15,0.9979263313219521,1.1159523401516083,0.8799003224922958,ITA
Italy,ITA,PCM-DPC,Confirmed cases,Cori_slidingWindow,2022-04-16,0.9978281633669732,1.1453903095297666,0.8502660172041797,ITA
Italy,ITA,PCM-DPC,Confirmed cases,Cori_slidingWindow,2022-04-17,1.0018282280052546,1.1243276992523354,0.8793287567581738,ITA
Italy,ITA,PCM-DPC,Confirmed cases,Cori_slidingWindow,2022-04-18,1.0026475642522397,1.0818541232081267,0.9234410052963526,ITA
Italy,ITA,PCM-DPC,Confirmed cases,Cori_slidingWindow,2022-04-19,0.9930675572565872,1.0489376870874738,0.9371974274257007,ITA
Italy,ITA,PCM-DPC,Confirmed cases,Cori_slidingWindow,2022-04-20,0.971849773464902,1.0312556554345222,0.9124438914952816,ITA
Italy,ITA,PCM-DPC,Confirmed cases,Cori_slidingWindow,2022-04-21,0.9435752374955926,1.0202473508501324,0.8669031241410526,ITA
Italy,ITA,PCM-DPC,Confirmed cases,Cori_slidingWindow,2022-04-22,0.916078315891468,1.02494551761622,0.807211114166716,ITA
Italy,ITA,PCM-DPC,Confirmed cases,Cori_slidingWindow,2022-04-23,0.8963118827270502,1.0405184555236302,0.7521053099304703,ITA
Italy,ITA,PCM-DPC,Confirmed cases,Cori_slidingWindow,2022-04-24,0.8877621983462546,1.0559230169174016,0.7196013797751075,ITA
Italy,ITA,PCM-DPC,Confirmed cases,Cori_slidingWindow,2022-04-25,0.8899189878973629,1.0646362547222843,0.7152017210724415,ITA
Italy,ITA,PCM-DPC,Confirmed cases,Cori_slidingWindow,2022-04-26,0.8967840559195804,1.0569584744255427,0.7366096374136183,ITA
Italy,ITA,PCM-DPC,Confirmed cases,Cori_slidingWindow,2022-04-27,0.9018097543753486,1.011929089328368,0.7916904194223294,ITA
Italy,ITA,PCM-DPC,Confirmed cases,Cori_slidingWindow,2022-04-28,0.903309620551376,0.9565828780638137,0.8500363630389383,ITA
Italy,ITA,PCM-DPC,Confirmed cases,Cori_slidingWindow,2022-04-29,0.9042003609923424,1.0386989835915281,0.7697017383931566,ITA
Italy,ITA,PCM-DPC,Confirmed cases,Cori_slidingWindow,2022-04-30,0.9080433381022199,1.0594639745344456,0.7566227016699941,ITA
Italy,ITA,PCM-DPC,Confirmed cases,Cori_slidingWindow,2022-05-01,0.9145523814661434,1.0216829036599995,0.8074218592722874,ITA
Italy,ITA,PCM-DPC,Confirmed cases,Cori_slidingWindow,2022-05-02,0.9216220942358876,0.9916725144671561,0.8515716740046191,ITA
Italy,ITA,PCM-DPC,Confirmed cases,Cori_slidingWindow,2022-05-03,0.9262308082777431,0.990495314587566,0.8619663019679201,ITA
Italy,ITA,PCM-DPC,Confirmed cases,Cori_slidingWindow,2022-05-04,0.9273799863130334,0.9942595467207,0.8605004259053668,ITA
Italy,ITA,PCM-DPC,Confirmed cases,Cori_slidingWindow,2022-05-05,0.9265698541758138,0.9940846622686935,0.8590550460829341,ITA
Italy,ITA,PCM-DPC,Confirmed cases,Cori_slidingWindow,2022-05-06,0.9251154473008172,0.9902008804491053,0.8600300141525291,ITA
Italy,ITA,PCM-DPC,Confirmed cases,Cori_slidingWindow,2022-05-07,0.9231137460762698,0.9823632892968652,0.8638642028556744,ITA
Italy,ITA,PCM-DPC,Confirmed cases,Cori_slidingWindow,2022-05-08,0.9178836482351856,0.973634905468224,0.8621323910021473,ITA
Italy,ITA,PCM-DPC,Confirmed cases,Cori_slidingWindow,2022-05-09,0.9066492980033903,0.9655241406515392,0.8477744553552414,ITA
Italy,ITA,PCM-DPC,Confirmed cases,Cori_slidingWindow,2022-05-10,0.8891027985673842,0.9482336676183212,0.8299719295164472,ITA
Italy,ITA,PCM-DPC,Confirmed cases,Cori_slidingWindow,2022-05-11,0.8686687544240826,0.9215547923609535,0.8157827164872118,ITA
Italy,ITA,PCM-DPC,Confirmed cases,Cori_slidingWindow,2022-05-12,0.8515252789573514,0.9017618871263379,0.801288670788365,ITA
Italy,ITA,PCM-DPC,Confirmed cases,Cori_slidingWindow,2022-05-13,0.8426533121474596,0.8975540320265337,0.7877525922683856,ITA
Italy,ITA,PCM-DPC,Confirmed cases,Cori_slidingWindow,2022-05-14,0.8440494585103006,0.9019942865212774,0.7861046304993237,ITA
Italy,ITA,PCM-DPC,Confirmed cases,Cori_slidingWindow,2022-05-15,0.8523958944114801,0.910170608373902,0.7946211804490583,ITA
Italy,ITA,PCM-DPC,Confirmed cases,Cori_slidingWindow,2022-05-16,0.8612866232745241,0.9216332692595232,0.800939977289525,ITA
Italy,ITA,PCM-DPC,Confirmed cases,Cori_slidingWindow,2022-05-17,0.8658324617447314,0.9289894305306349,0.8026754929588279,ITA
Italy,ITA,PCM-DPC,Confirmed cases,Cori_slidingWindow,2022-05-18,0.865440386957638,0.9278824379326727,0.8029983359826034,ITA
Italy,ITA,PCM-DPC,Confirmed cases,Cori_slidingWindow,2022-05-19,0.8642267433864564,0.927950861052302,0.8005026257206109,ITA
Italy,ITA,PCM-DPC,Confirmed cases,Cori_slidingWindow,2022-05-20,0.8676029964475344,0.9361969100130139,0.7990090828820549,ITA
Italy,ITA,PCM-DPC,Confirmed cases,Cori_slidingWindow,2022-05-21,0.878985405700158,0.9484710808738253,0.8094997305264908,ITA
Italy,ITA,PCM-DPC,Confirmed cases,Cori_slidingWindow,2022-05-22,0.8975458449178334,0.9624984411833674,0.8325932486522994,ITA
Italy,ITA,PCM-DPC,Confirmed cases,Cori_slidingWindow,2022-05-23,0.9182260744223607,0.9813956502579468,0.8550564985867746,ITA
Italy,ITA,PCM-DPC,Confirmed cases,Cori_slidingWindow,2022-05-24,0.9373118504303443,1.0035684018482194,0.8710552990124693,ITA
Italy,ITA,PCM-DPC,Confirmed cases,Cori_slidingWindow,2022-05-25,0.9553562861603762,1.021355319068924,0.8893572532518284,ITA
Italy,ITA,PCM-DPC,Confirmed cases,Cori_slidingWindow,2022-05-26,0.9763464451232233,1.0400741742766637,0.912618715969783,ITA
Italy,ITA,PCM-DPC,Confirmed cases,Cori_slidingWindow,2022-05-27,1.0017411226297464,1.0681315661086574,0.9353506791508351,ITA
Italy,ITA,PCM-DPC,Confirmed cases,Cori_slidingWindow,2022-05-28,1.0285068725239197,1.097541587821407,0.9594721572264325,ITA
Italy,ITA,PCM-DPC,Confirmed cases,Cori_slidingWindow,2022-05-29,1.0527331577484205,1.1170696393996291,0.9883966760972118,ITA
Italy,ITA,PCM-DPC,Confirmed cases,Cori_slidingWindow,2022-05-30,1.071795204165612,1.131275076604292,1.012315331726932,ITA
Italy,ITA,PCM-DPC,Confirmed cases,Cori_slidingWindow,2022-05-31,1.087714641321015,1.1541652987680509,1.0212639838739792,ITA
Italy,ITA,PCM-DPC,Confirmed cases,Cori_slidingWindow,2022-06-01,1.1047739798878287,1.180599466026564,1.0289484937490934,ITA
Italy,ITA,PCM-DPC,Confirmed cases,Cori_slidingWindow,2022-06-02,1.1269766345560925,1.2027865265394742,1.051166742572711,ITA
Italy,ITA,PCM-DPC,Confirmed cases,Cori_slidingWindow,2022-06-03,1.153275712008167,1.2214984051432911,1.0850530188730427,ITA
Italy,ITA,PCM-DPC,Confirmed cases,Cori_slidingWindow,2022-06-04,1.17630639167198,1.2384479934131252,1.114164789930835,ITA
Italy,ITA,PCM-DPC,Confirmed cases,Cori_slidingWindow,2022-06-05,1.1884647117362575,1.2495033121625174,1.1274261113099975,ITA
Italy,ITA,PCM-DPC,Confirmed cases,Cori_slidingWindow,2022-06-06,1.1871329210000126,1.2452576914219482,1.129008150578077,ITA
Italy,ITA,PCM-DPC,Confirmed cases,Cori_slidingWindow,2022-06-07,1.177957426440269,1.2299299243636188,1.1259849285169192,ITA
Italy,ITA,PCM-DPC,Confirmed cases,Cori_slidingWindow,2022-06-08,1.1720516697100907,1.2240598647404504,1.120043474679731,ITA
Italy,ITA,PCM-DPC,Confirmed cases,Cori_slidingWindow,2022-06-09,1.1779914674510967,1.2361757270536018,1.1198072078485917,ITA
Italy,ITA,PCM-DPC,Confirmed cases,Cori_slidingWindow,2022-06-10,1.1966803255898961,1.2586055457876137,1.1347551053921785,ITA
Italy,ITA,PCM-DPC,Confirmed cases,Cori_slidingWindow,2022-06-11,1.2181849155058242,1.2830393298451446,1.1533305011665038,ITA
Italy,ITA,PCM-DPC,Confirmed cases,Cori_slidingWindow,2022-06-12,1.2299414221246054,1.3025721569515831,1.1573106872976278,ITA
Italy,ITA,PCM-DPC,Confirmed cases,Cori_slidingWindow,2022-06-13,1.2252375390242183,1.3013047016423596,1.149170376406077,ITA
Italy,ITA,PCM-DPC,Confirmed cases,Cori_slidingWindow,2022-06-14,1.2074638576911392,1.2736622084302538,1.1412655069520246,ITA
Italy,ITA,PCM-DPC,Confirmed cases,Cori_slidingWindow,2022-06-15,1.187945127457916,1.241868298272748,1.134021956643084,ITA
Italy,ITA,PCM-DPC,Confirmed cases,Cori_slidingWindow,2022-06-16,1.177555669702525,1.2300951980409374,1.1250161413641124,ITA
Italy,ITA,PCM-DPC,Confirmed cases,Cori_slidingWindow,2022-06-17,1.1811948573695104,1.234020848397325,1.1283688663416958,ITA
Italy,ITA,PCM-DPC,Confirmed cases,Cori_slidingWindow,2022-06-18,1.1943974006368372,1.2463850580345857,1.1424097432390887,ITA
Italy,ITA,PCM-DPC,Confirmed cases,Cori_slidingWindow,2022-06-19,1.2059258112705065,1.267048914138841,1.144802708402172,ITA
Italy,ITA,PCM-DPC,Confirmed cases,Cori_slidingWindow,2022-06-20,1.2062244390737862,1.2758560120231768,1.1365928661243956,ITA
Italy,ITA,PCM-DPC,Confirmed cases,Cori_slidingWindow,2022-06-21,1.1933490269920024,1.255976242794763,1.1307218111892419,ITA
Italy,ITA,PCM-DPC,Confirmed cases,Cori_slidingWindow,2022-06-22,1.1744095713524711,1.223218216225656,1.1256009264792863,ITA
Italy,ITA,PCM-DPC,Confirmed cases,Cori_slidingWindow,2022-06-23,1.158152147345008,1.2073622428530297,1.1089420518369864,ITA
Italy,ITA,PCM-DPC,Confirmed cases,Cori_slidingWindow,2022-06-24,1.1487421576793242,1.204301773335212,1.0931825420234365,ITA
Italy,ITA,PCM-DPC,Confirmed cases,Cori_slidingWindow,2022-06-25,1.144694131020439,1.1982355936062192,1.0911526684346589,ITA
Italy,ITA,PCM-DPC,Confirmed cases,Cori_slidingWindow,2022-06-26,1.139611892993368,1.1897610547616466,1.0894627312250895,ITA
Italy,ITA,PCM-DPC,Confirmed cases,Cori_slidingWindow,2022-06-27,1.1275696625245712,1.1802217446697207,1.0749175803794218,ITA
Italy,ITA,PCM-DPC,Confirmed cases,Cori_slidingWindow,2022-06-28,1.1066614320230925,1.1589172748417156,1.0544055892044695,ITA
Italy,ITA,PCM-DPC,Confirmed cases,Cori_slidingWindow,2022-06-29,1.0814899207923883,1.131526689240543,1.0314531523442336,ITA
Italy,ITA,PCM-DPC,Confirmed cases,Cori_slidingWindow,2022-06-30,1.0594428495934536,1.1132836879493848,1.0056020112375224,ITA
Italy,ITA,PCM-DPC,Confirmed cases,Cori_slidingWindow,2022-07-01,1.0448423126765265,1.0982825295818035,0.9914020957712495,ITA
Italy,ITA,PCM-DPC,Confirmed cases,Cori_slidingWindow,2022-07-02,1.0367132649480915,1.0860383806606664,0.9873881492355167,ITA
Italy,ITA,PCM-DPC,Confirmed cases,Cori_slidingWindow,2022-07-03,1.0292155332766344,1.128839249583195,0.9295918169700739,ITA
Italy,ITA,PCM-DPC,Confirmed cases,Cori_slidingWindow,2022-07-04,1.0167626905571436,1.2012000682533905,0.8323253128608967,ITA
Italy,ITA,PCM-DPC,Confirmed cases,Cori_slidingWindow,2022-07-05,0.9973201438716429,1.213580088280602,0.7810601994626838,ITA
Italy,ITA,PCM-DPC,Confirmed cases,Cori_slidingWindow,2022-07-06,0.9742113380509522,1.1463799358506215,0.802042740251283,ITA
Italy,ITA,PCM-DPC,Confirmed cases,Cori_slidingWindow,2022-07-07,0.9538412449321508,1.0672776040508918,0.8404048858134099,ITA
Italy,ITA,PCM-DPC,Confirmed cases,Cori_slidingWindow,2022-07-08,0.9406997179606449,1.0606910543222776,0.820708381599012,ITA
Italy,ITA,PCM-DPC,Confirmed cases,Cori_slidingWindow,2022-07-09,0.9340288187549756,1.1277560304189858,0.7403016070909653,ITA
Italy,ITA,PCM-DPC,Confirmed cases,Cori_slidingWindow,2022-07-10,0.9283144462293598,1.1936090402123423,0.6630198522463773,ITA
Italy,ITA,PCM-DPC,Confirmed cases,Cori_slidingWindow,2022-07-11,0.9186502601374179,1.2006059576883175,0.6366945625865184,ITA
Italy,ITA,PCM-DPC,Confirmed cases,Cori_slidingWindow,2022-07-12,0.903601753714873,1.1346388231666171,0.6725646842631288,ITA
Italy,ITA,PCM-DPC,Confirmed cases,Cori_slidingWindow,2022-07-13,0.8862488865287068,1.037138292780738,0.7353594802766756,ITA
Italy,ITA,PCM-DPC,Confirmed cases,Cori_slidingWindow,2022-07-14,0.8720801884839916,0.97178304939470594,0.7723773275732773,ITA
Italy,ITA,PCM-DPC,Confirmed cases,Cori_slidingWindow,2022-07-15,0.8661254913458865,0.9761166265843242,0.7561343561074487,ITA
Italy,ITA,PCM-DPC,Confirmed cases,Cori_slidingWindow,2022-07-16,0.8693109483706101,1.0100795384706738,0.7285423582705464,ITA
Italy,ITA,PCM-DPC,Confirmed cases,Cori_slidingWindow,2022-07-17,0.8767893592619481,1.042729698566181,0.7108490199577152,ITA
Italy,ITA,PCM-DPC,Confirmed cases,Cori_slidingWindow,2022-07-18,0.8816820528193287,1.05924078820893,0.7041233174297273,ITA
Italy,ITA,PCM-DPC,Confirmed cases,Cori_slidingWindow,2022-07-19,0.8798271304335522,1.0654732507018527,0.6941810101652517,ITA
Italy,ITA,PCM-DPC,Confirmed cases,Cori_slidingWindow,2022-07-20,0.8721039039798639,1.0676390076170763,0.6765688003426515,ITA
Italy,ITA,PCM-DPC,Confirmed cases,Cori_slidingWindow,2022-07-21,0.8639527516697764,1.042738587993079,0.6851669153464738,ITA
Italy,ITA,PCM-DPC,Confirmed cases,Cori_slidingWindow,2022-07-22,0.8608442679953727,1.0537597904654938,0.6679287455252517,ITA
Italy,ITA,PCM-DPC,Confirmed cases,Cori_slidingWindow,2022-07-23,0.8646477755043444,1.1389093548860456,0.5903861961226431,ITA
Italy,ITA,PCM-DPC,Confirmed cases,Cori_slidingWindow,2022-07-24,0.871698237140047,1.1229613538035663,0.6204351204765277,ITA
Italy,ITA,PCM-DPC,Confirmed cases,Cori_slidingWindow,2022-07-25,0.8754120124176281,1.0789760138042837,0.6718480110309725,ITA
Italy,ITA,PCM-DPC,Confirmed cases,Cori_slidingWindow,2022-07-26,0.8718606274787302,1.0662139760390732,0.677507278918387,ITA
Italy,ITA,PCM-DPC,Confirmed cases,Cori_slidingWindow,2022-07-27,0.8615143375432773,1.057106374779444,0.6659223003071107,ITA
Italy,ITA,PCM-DPC,Confirmed cases,Cori_slidingWindow,2022-07-28,0.8494940504528786,1.0285138389639894,0.6704742619417678,ITA
Italy,ITA,PCM-DPC,Confirmed cases,Cori_slidingWindow,2022-07-29,0.8413790333572567,0.9271312009807553,0.7556268657337581,ITA
Italy,ITA,PCM-DPC,Confirmed cases,Cori_slidingWindow,2022-07-30,0.8398887002488707,1.1036085512085059,0.5761688492892356,ITA
Italy,ITA,PCM-DPC,Confirmed cases,Cori_slidingWindow,2022-07-31,0.8428438256339695,1.2005641080172293,0.48512354325070983,ITA
Italy,ITA,PCM-DPC,Confirmed cases,Cori_slidingWindow,2022-08-01,0.8441849322614191,1.060627798190953,0.6277420663318851,ITA
Italy,ITA,PCM-DPC,Confirmed cases,Cori_slidingWindow,2022-08-02,0.8403891530198999,0.924696887148316,0.7560814188914838,ITA
Italy,ITA,PCM-DPC,Confirmed cases,Cori_slidingWindow,2022-08-03,0.8330854370907773,0.8924760583427811,0.7736948158387735,ITA
Italy,ITA,PCM-DPC,Confirmed cases,Cori_slidingWindow,2022-08-04,0.8281058440163788,0.9024964463623433,0.7537152416704143,ITA
Italy,ITA,PCM-DPC,Confirmed cases,Cori_slidingWindow,2022-08-05,0.8315286834270194,0.9149758186719503,0.7480815481820884,ITA
Italy,ITA,PCM-DPC,Confirmed cases,Cori_slidingWindow,2022-08-06,0.8463565381778186,0.9359231765558592,0.7567898997997781,ITA
Italy,ITA,PCM-DPC,Confirmed cases,Cori_slidingWindow,2022-08-07,0.8724406987493103,0.9677120882923135,0.7771693092063071,ITA
Italy,ITA,PCM-DPC,Confirmed cases,Cori_slidingWindow,2022-08-08,0.904881951941157,1.0072857310484344,0.8024781728338795,ITA
Italy,ITA,PCM-DPC,Confirmed cases,Cori_slidingWindow,2022-08-09,0.9355790476658192,1.041016277345593,0.8301418179860454,ITA
Italy,ITA,PCM-DPC,Confirmed cases,Cori_slidingWindow,2022-08-10,0.9587300675551708,1.0537617145672227,0.863698420543119,ITA
Italy,ITA,PCM-DPC,Confirmed cases,Cori_slidingWindow,2022-08-11,0.974643260385437,1.0437984989035631,0.9054880218673109,ITA
Italy,ITA,PCM-DPC,Confirmed cases,Cori_slidingWindow,2022-08-12,0.9893970150795661,1.0448081608548327,0.9339858693042996,ITA
Italy,ITA,PCM-DPC,Confirmed cases,Cori_slidingWindow,2022-08-13,1.0067128304176685,1.0883274701612211,0.9250981906741158,ITA
Italy,ITA,PCM-DPC,Confirmed cases,Cori_slidingWindow,2022-08-14,1.023854530328767,1.1162484879067014,0.9314605727508325,ITA
Italy,ITA,PCM-DPC,Confirmed cases,Cori_slidingWindow,2022-08-15,1.034350832229743,1.111546153222795,0.957155511236691,ITA
Italy,ITA,PCM-DPC,Confirmed cases,Cori_slidingWindow,2022-08-16,1.032347916126079,1.0939729160381133,0.9707229162140445,ITA
Italy,ITA,PCM-DPC,Confirmed cases,Cori_slidingWindow,2022-08-17,1.0178959405623977,1.0746343086778698,0.9611575724469258,ITA
Italy,ITA,PCM-DPC,Confirmed cases,Cori_slidingWindow,2022-08-18,0.9952474888353384,1.0483938845309753,0.9421010931397015,ITA
Italy,ITA,PCM-DPC,Confirmed cases,Cori_slidingWindow,2022-08-19,0.971348403803097,1.0189529715820125,0.9237438360241815,ITA
Italy,ITA,PCM-DPC,Confirmed cases,Cori_slidingWindow,2022-08-20,0.9514748903661994,0.9946638211135168,0.9082859596188819,ITA
Italy,ITA,PCM-DPC,Confirmed cases,Cori_slidingWindow,2022-08-21,0.9365117438619782,0.9798920760186461,0.8931314117053103,ITA
Italy,ITA,PCM-DPC,Confirmed cases,Cori_slidingWindow,2022-08-22,0.9251219581695603,0.9719712150402782,0.8782727012988425,ITA
Italy,ITA,PCM-DPC,Confirmed cases,Cori_slidingWindow,2022-08-23,0.9154097236107901,0.9672859176122623,0.8635335296093178,ITA
Italy,ITA,PCM-DPC,Confirmed cases,Cori_slidingWindow,2022-08-24,0.9081164403829538,0.9661922150768723,0.8500406656890354,ITA
Italy,ITA,PCM-DPC,Confirmed cases,Cori_slidingWindow,2022-08-25,0.905486853062823,0.9680479097245576,0.8429257964010883,ITA
Italy,ITA,PCM-DPC,Confirmed cases,Cori_slidingWindow,2022-08-26,0.90901372063607,0.9706068196514314,0.8474206216207086,ITA
Italy,ITA,PCM-DPC,Confirmed cases,Cori_slidingWindow,2022-08-27,0.916586205271219,0.972746477931008,0.8604259326114301,ITA
Italy,ITA,PCM-DPC,Confirmed cases,Cori_slidingWindow,2022-08-28,0.923609848960931,0.9762230896206898,0.8709966083011722,ITA
Italy,ITA,PCM-DPC,Confirmed cases,Cori_slidingWindow,2022-08-29,0.9266718560820475,0.9794531229582858,0.8738905892058092,ITA
Italy,ITA,PCM-DPC,Confirmed cases,Cori_slidingWindow,2022-08-30,0.9256484370743516,0.9779373208663693,0.873359553282334,ITA
Italy,ITA,PCM-DPC,Confirmed cases,Cori_slidingWindow,2022-08-31,0.9247903867335254,0.9761893874849011,0.8733913859821497,ITA
Italy,ITA,PCM-DPC,Confirmed cases,Cori_slidingWindow,2022-09-01,0.9296835103115774,0.9828354219785096,0.8765315986446451,ITA
Italy,ITA,PCM-DPC,Confirmed cases,Cori_slidingWindow,2022-09-02,0.9438017804139719,0.9980430224603898,0.889560538367554,ITA
Italy,ITA,PCM-DPC,Confirmed cases,Cori_slidingWindow,2022-09-03,0.9658803769146098,1.017798358333864,0.9139623954953557,ITA
Italy,ITA,PCM-DPC,Confirmed cases,Cori_slidingWindow,2022-09-04,0.9897340628210294,1.0411213031433793,0.9383468224986795,ITA
Italy,ITA,PCM-DPC,Confirmed cases,Cori_slidingWindow,2022-09-05,1.0087925558309487,1.063708929361612,0.9538761823002855,ITA
Italy,ITA,PCM-DPC,Confirmed cases,Cori_slidingWindow,2022-09-06,1.0203209624574954,1.0746284535714754,0.9660134713435155,ITA
Italy,ITA,PCM-DPC,Confirmed cases,Cori_slidingWindow,2022-09-07,1.0270550237935305,1.0775145119869214,0.9765955356001397,ITA
Italy,ITA,PCM-DPC,Confirmed cases,Cori_slidingWindow,2022-09-08,1.034534125823967,1.0876655058003795,0.9814027458475547,ITA
Italy,ITA,PCM-DPC,Confirmed cases,Cori_slidingWindow,2022-09-09,1.0460223517338665,1.1045017309120413,0.9875429725556916,ITA
Italy,ITA,PCM-DPC,Confirmed cases,Cori_slidingWindow,2022-09-10,1.0610018228427842,1.1186603065322314,1.003343339153337,ITA
Italy,ITA,PCM-DPC,Confirmed cases,Cori_slidingWindow,2022-09-11,1.075041175306017,1.1304704124539835,1.0196119381580504,ITA
Italy,ITA,PCM-DPC,Confirmed cases,Cori_slidingWindow,2022-09-12,1.0863898590952168,1.1464728576900454,1.0263068605003882,ITA
Italy,ITA,PCM-DPC,Confirmed cases,Cori_slidingWindow,2022-09-13,1.0979502496756726,1.162154583567321,1.033745915784024,ITA
Italy,ITA,PCM-DPC,Confirmed cases,Cori_slidingWindow,2022-09-14,1.1147648569835995,1.1748263240310477,1.0547033899361513,ITA
Italy,ITA,PCM-DPC,Confirmed cases,Cori_slidingWindow,2022-09-15,1.1400356748445515,1.1936707483945581,1.0864006012945449,ITA
Italy,ITA,PCM-DPC,Confirmed cases,Cori_slidingWindow,2022-09-16,1.169178380582764,1.2234506628534707,1.1149060983120573,ITA
Italy,ITA,PCM-DPC,Confirmed cases,Cori_slidingWindow,2022-09-17,1.1932277632754904,1.2513904908707993,1.1350650356801815,ITA
Italy,ITA,PCM-DPC,Confirmed cases,Cori_slidingWindow,2022-09-18,1.2037154747602694,1.2618378441084372,1.1455931054121016,ITA
Italy,ITA,PCM-DPC,Confirmed cases,Cori_slidingWindow,2022-09-19,1.1990685677236708,1.254317317400205,1.1438198180471366,ITA
Italy,ITA,PCM-DPC,Confirmed cases,Cori_slidingWindow,2022-09-20,1.1854935950882393,1.238118732603212,1.1328684575732666,ITA
Italy,ITA,PCM-DPC,Confirmed cases,Cori_slidingWindow,2022-09-21,1.1712706171586371,1.2209172136362,1.1216240206810741,ITA
Italy,ITA,PCM-DPC,Confirmed cases,Cori_slidingWindow,2022-09-22,1.16327386023976,1.2118283126391487,1.1147194078403715,ITA
Italy,ITA,PCM-DPC,Confirmed cases,Cori_slidingWindow,2022-09-23,1.1616429224177807,1.2137424976525255,1.1095433471830358,ITA
Italy,ITA,PCM-DPC,Confirmed cases,Cori_slidingWindow,2022-09-24,1.160669010185767,1.2164688488948683,1.1048691714766659,ITA
Italy,ITA,PCM-DPC,Confirmed cases,Cori_slidingWindow,2022-09-25,1.1531583825352503,1.207749738480238,1.0985670265902625,ITA
Italy,ITA,PCM-DPC,Confirmed cases,Cori_slidingWindow,2022-09-26,1.135668625861028,1.184517232619645,1.086820019102411,ITA
Italy,ITA,PCM-DPC,Confirmed cases,Cori_slidingWindow,2022-09-27,1.1112443057325272,1.1540972550112998,1.0683913564537546,ITA
Italy,ITA,PCM-DPC,Confirmed cases,Cori_slidingWindow,2022-09-28,1.0864018012998646,1.1270759096183047,1.0457276929814245,ITA
Italy,ITA,PCM-DPC,Confirmed cases,Cori_slidingWindow,2022-09-29,1.0672714599134392,1.110351102696791,1.0241918171300874,ITA
Italy,ITA,PCM-DPC,Confirmed cases,Cori_slidingWindow,2022-09-30,1.056142891742978,1.1035730129041843,1.0087127705817718,ITA
Italy,ITA,PCM-DPC,Confirmed cases,Cori_slidingWindow,2022-10-01,1.049610024632273,1.1005889228131007,0.9986311264514454,ITA
Italy,ITA,PCM-DPC,Confirmed cases,Cori_slidingWindow,2022-10-02,1.0416468428165009,1.0940251457253634,0.9892685399076384,ITA
Italy,ITA,PCM-DPC,Confirmed cases,Cori_slidingWindow,2022-10-03,1.0274195046067636,1.0797381473527092,0.9751008618608179,ITA
Italy,ITA,PCM-DPC,Confirmed cases,Cori_slidingWindow,2022-10-04,1.0066325560446134,1.0617100152959065,0.9515550967933204,ITA
Italy,ITA,PCM-DPC,Confirmed cases,Cori_slidingWindow,2022-10-05,0.9844725967223235,1.0467350360854224,0.9222101573592245,ITA
Italy,ITA,PCM-DPC,Confirmed cases,Cori_slidingWindow,2022-10-06,0.9671177355593299,1.0334153734629852,0.9008200976556745,ITA
Italy,ITA,PCM-DPC,Confirmed cases,Cori_slidingWindow,2022-10-07,0.9580173241215701,1.0200929420402787,0.8959417062028616,ITA
Italy,ITA,PCM-DPC,Confirmed cases,Cori_slidingWindow,2022-10-08,0.954991254928905,1.0081848948115995,0.9017976150462105,ITA
Italy,ITA,PCM-DPC,Confirmed cases,Cori_slidingWindow,2022-10-09,0.9529686508410175,1.0006361869629359,0.9053011147190991,ITA
Italy,ITA,PCM-DPC,Confirmed cases,Cori_slidingWindow,2022-10-10,0.9477540966135862,0.9952000131474333,0.9003081800797391,ITA
Italy,ITA,PCM-DPC,Confirmed cases,Cori_slidingWindow,2022-10-11,0.9384716451921361,0.9869966056567118,0.8899466847275604,ITA
Italy,ITA,PCM-DPC,Confirmed cases,Cori_slidingWindow,2022-10-12,0.9283675367146145,0.9785364160376696,0.8781986573915593,ITA
Italy,ITA,PCM-DPC,Confirmed cases,Cori_slidingWindow,2022-10-13,0.9224187506895438,0.973391295719659,0.8714462056594287,ITA
Italy,ITA,PCM-DPC,Confirmed cases,Cori_slidingWindow,2022-10-14,0.9236787142962122,0.9739742428086922,0.8733831857837322,ITA
Italy,ITA,PCM-DPC,Confirmed cases,Cori_slidingWindow,2022-10-15,0.9297804828860082,0.9810383547155324,0.8785226110564841,ITA
Italy,ITA,PCM-DPC,Confirmed cases,Cori_slidingWindow,2022-10-16,0.9334347387542804,0.9891175768303411,0.8777519006782197,ITA
Italy,ITA,PCM-DPC,Confirmed cases,Cori_slidingWindow,2022-10-17,0.9276505180775845,0.9878084192669665,0.8674926168882025,ITA
Italy,ITA,PCM-DPC,Confirmed cases,Cori_slidingWindow,2022-10-18,0.9104210432768725,0.9718411222549612,0.8490009642987837,ITA
Italy,ITA,PCM-DPC,Confirmed cases,Cori_slidingWindow,2022-10-19,0.887157117955057,0.948107537371317,0.826206698538797,ITA
Italy,ITA,PCM-DPC,Confirmed cases,Cori_slidingWindow,2022-10-20,0.8692586720506336,0.9400295017182461,0.7984878423830211,ITA
Italy,ITA,PCM-DPC,Confirmed cases,Cori_slidingWindow,2022-10-21,0.8663980187026504,0.9805219601751756,0.7522740772301253,ITA
Italy,ITA,PCM-DPC,Confirmed cases,Cori_slidingWindow,2022-10-22,0.8800274695110599,1.0759515940370386,0.6841033449850813,ITA
Italy,ITA,PCM-DPC,Confirmed cases,Cori_slidingWindow,2022-10-23,0.9019238971305078,1.178077362732798,0.6257704315282175,ITA
Italy,ITA,PCM-DPC,Confirmed cases,Cori_slidingWindow,2022-10-24,0.922727406281586,1.2202314985998686,0.6252233139633033,ITA
Italy,ITA,PCM-DPC,Confirmed cases,Cori_slidingWindow,2022-10-25,0.9380632367680196,1.1804337915068495,0.6956926820291898,ITA
Italy,ITA,PCM-DPC,Confirmed cases,Cori_slidingWindow,2022-10-26,0.950531801196208,1.1038153321270916,0.7972482702653244,ITA
Italy,ITA,PCM-DPC,Confirmed cases,Cori_slidingWindow,2022-10-27,0.9647973026682104,1.0515745054912715,0.8780200998451494,ITA
Italy,ITA,PCM-DPC,Confirmed cases,Cori_slidingWindow,2022-10-28,0.9848003437902828,1.056189867317617,0.9134108202629485,ITA
Italy,ITA,PCM-DPC,Confirmed cases,Cori_slidingWindow,2022-10-29,1.0100462425043857,1.077038721032607,0.9430537639761645,ITA
Italy,ITA,PCM-DPC,Confirmed cases,Cori_slidingWindow,2022-10-30,1.0344673436894085,1.0868452701997708,0.9820894171790462,ITA
Italy,ITA,PCM-DPC,Confirmed cases,Cori_slidingWindow,2022-10-31,1.0519456709431283,1.0997329425251496,1.004158399361107,ITA
Italy,ITA,PCM-DPC,Confirmed cases,Cori_slidingWindow,2022-11-01,1.0598752899050115,1.128485490339957,0.9912650894700658,ITA
Italy,ITA,PCM-DPC,Confirmed cases,Cori_slidingWindow,2022-11-02,1.0614189464285912,1.1799377763860275,0.9429001164711549,ITA
Italy,ITA,PCM-DPC,Confirmed cases,Cori_slidingWindow,2022-11-03,1.0625244696957055,1.2295344005897177,0.8955145388016933,ITA
Italy,ITA,PCM-DPC,Confirmed cases,Cori_slidingWindow,2022-11-04,1.0656579740818155,1.2618728564889767,0.8694430916746544,ITA
Italy,ITA,PCM-DPC,Confirmed cases,Cori_slidingWindow,2022-11-05,1.0697631534670324,1.2785201507203627,0.861006156213702,ITA
Italy,ITA,PCM-DPC,Confirmed cases,Cori_slidingWindow,2022-11-06,1.0723729915297324,1.2862271881498941,0.8585187949095707,ITA
Italy,ITA,PCM-DPC,Confirmed cases,Cori_slidingWindow,2022-11-07,1.0716915678177514,1.2848731599141905,0.8585099757213124,ITA
Italy,ITA,PCM-DPC,Confirmed cases,Cori_slidingWindow,2022-11-08,1.067477769525576,1.2635120463530514,0.8714434926981005,ITA
Italy,ITA,PCM-DPC,Confirmed cases,Cori_slidingWindow,2022-11-09,1.061285944224241,1.188175245881113,0.9343966425673691,ITA
Italy,ITA,PCM-DPC,Confirmed cases,Cori_slidingWindow,2022-11-10,1.0565506370827067,1.1443198625224056,0.9687814116430079,ITA
Italy,ITA,PCM-DPC,Confirmed cases,Cori_slidingWindow,2022-11-11,1.0547987233160037,1.3112494802606443,0.798347966371363,ITA
Italy,ITA,PCM-DPC,Confirmed cases,Cori_slidingWindow,2022-11-12,1.0531658131007378,1.2824467334661591,0.8238848927353164,ITA
Italy,ITA,PCM-DPC,Confirmed cases,Cori_slidingWindow,2022-11-13,1.0472177886726597,1.1700936586351967,0.9243419187101228,ITA
Italy,ITA,PCM-DPC,Confirmed cases,Cori_slidingWindow,2022-11-14,1.0341069133509728,1.0909535246603053,0.9772603020416404,ITA
Italy,ITA,PCM-DPC,Confirmed cases,Cori_slidingWindow,2022-11-15,1.0161822434453753,1.0764614633768357,0.9559030235139149,ITA
Italy,ITA,PCM-DPC,Confirmed cases,Cori_slidingWindow,2022-11-16,0.9990310496055241,1.062321606243573,0.9357404929674753,ITA
Italy,ITA,PCM-DPC,Confirmed cases,Cori_slidingWindow,2022-11-17,0.9886153122245753,1.044248180363076,0.9329824440860746,ITA
Italy,ITA,PCM-DPC,Confirmed cases,Cori_slidingWindow,2022-11-18,0.987914108519796,1.0410111240971072,0.9348170929424849,ITA
Italy,ITA,PCM-DPC,Confirmed cases,Cori_slidingWindow,2022-11-19,0.9945532830805441,1.053659579973153,0.9354469861879353,ITA
Italy,ITA,PCM-DPC,Confirmed cases,Cori_slidingWindow,2022-11-20,1.0032576791481493,1.064337702509276,0.9421776557870227,ITA
Italy,ITA,PCM-DPC,Confirmed cases,Cori_slidingWindow,2022-11-21,1.0081368343864991,1.0637053789155417,0.9525682898574566,ITA
Italy,ITA,PCM-DPC,Confirmed cases,Cori_slidingWindow,2022-11-22,1.0062449877489328,1.058240009726348,0.9542499657715175,ITA
Italy,ITA,PCM-DPC,Confirmed cases,Cori_slidingWindow,2022-11-23,0.9984123611943329,1.0515521471426754,0.9452725752459903,ITA
Italy,ITA,PCM-DPC,Confirmed cases,Cori_slidingWindow,2022-11-24,0.9878355884844005,1.0385018671905193,0.9371693097782816,ITA
Italy,ITA,PCM-DPC,Confirmed cases,Cori_slidingWindow,2022-11-25,0.9781369880492141,1.0282184169666413,0.9280555591317868,ITA
Italy,ITA,PCM-DPC,Confirmed cases,Cori_slidingWindow,2022-11-26,0.9709076610645497,1.0589298522444284,0.8828854698846712,ITA
Italy,ITA,PCM-DPC,Confirmed cases,Cori_slidingWindow,2022-11-27,0.9649192634862025,1.1174061266492128,0.8124324003231922,ITA
Italy,ITA,PCM-DPC,Confirmed cases,Cori_slidingWindow,2022-11-28,0.9577021284397995,1.1425268555161665,0.7728774013634324,ITA
Italy,ITA,PCM-DPC,Confirmed cases,Cori_slidingWindow,2022-11-29,0.9477639307946046,1.1154956415473294,0.7800322200418799,ITA
Italy,ITA,PCM-DPC,Confirmed cases,Cori_slidingWindow,2022-11-30,0.9366812980545121,1.0671181808722081,0.806244415236816,ITA
Italy,ITA,PCM-DPC,Confirmed cases,Cori_slidingWindow,2022-12-01,0.9277400258351387,1.0269312695525863,0.8285487821176911,ITA
Italy,ITA,PCM-DPC,Confirmed cases,Cori_slidingWindow,2022-12-02,0.923593806472095,1.0020251798507498,0.8451624330934401,ITA
Italy,ITA,PCM-DPC,Confirmed cases,Cori_slidingWindow,2022-12-03,0.9240011465290315,0.9865574414615219,0.8614448515965412,ITA
Italy,ITA,PCM-DPC,Confirmed cases,Cori_slidingWindow,2022-12-04,0.9248217999702089,0.97614613741229594,0.8734974625281218,ITA
Italy,ITA,PCM-DPC,Confirmed cases,Cori_slidingWindow,2022-12-05,0.9219748681263257,0.9682436271931449,0.8757061090595064,ITA
Italy,ITA,PCM-DPC,Confirmed cases,Cori_slidingWindow,2022-12-06,0.9146663198382329,0.9636609621456925,0.8656716775307732,ITA
Italy,ITA,PCM-DPC,Confirmed cases,Cori_slidingWindow,2022-12-07,0.9074519696233742,0.9709850482521646,0.8439188909945837,ITA
Italy,ITA,PCM-DPC,Confirmed cases,Cori_slidingWindow,2022-12-08,0.9055108784304972,0.9952263233962395,0.8157954334647548,ITA
Italy,ITA,PCM-DPC,Confirmed cases,Cori_slidingWindow,2022-12-09,0.9102533999373876,1.030654574209143,0.7898522256656323,ITA
Italy,ITA,PCM-DPC,Confirmed cases,Cori_slidingWindow,2022-12-10,0.9169963115920923,1.0647893065013014,0.7692033166828831,ITA
Italy,ITA,PCM-DPC,Confirmed cases,Cori_slidingWindow,2022-12-11,0.9179889284128684,1.0848617268281526,0.7511161299975841,ITA
Italy,ITA,PCM-DPC,Confirmed cases,Cori_slidingWindow,2022-12-12,0.9079539611443991,1.0814204726324388,0.7344874496563594,ITA
Italy,ITA,PCM-DPC,Confirmed cases,Cori_slidingWindow,2022-12-13,0.8880674399066919,1.051652462109129,0.7244824177042548,ITA
Italy,ITA,PCM-DPC,Confirmed cases,Cori_slidingWindow,2022-12-14,0.8675151602966218,0.98918245570589,0.7458478648873536,ITA
Italy,ITA,PCM-DPC,Confirmed cases,Cori_slidingWindow,2022-12-15,0.8594203633627997,0.9193095013619501,0.7995312253636493,ITA
Italy,ITA,PCM-DPC,Confirmed cases,Cori_slidingWindow,2022-12-16,0.8746920260822815,1.0171798709096884,0.7322041812548745,ITA
Italy,ITA,PCM-DPC,Confirmed cases,Cori_slidingWindow,2022-12-17,0.9160517517674097,1.0805600603257828,0.7515434432090367,ITA
Italy,ITA,PCM-DPC,Confirmed cases,Cori_slidingWindow,2022-12-18,0.9740613502656144,1.0880856176457334,0.8600370828854954,ITA
Italy,ITA,PCM-DPC,Confirmed cases,Cori_slidingWindow,2022-12-19,1.0277271136747343,1.096459949727246,0.9589942776222227,ITA
Italy,ITA,PCM-DPC,Confirmed cases,Cori_slidingWindow,2022-12-20,1.0584009074506353,1.1150987960983112,1.0017030188029594,ITA
Italy,ITA,PCM-DPC,Confirmed cases,Cori_slidingWindow,2022-12-21,1.0642951275282726,1.1191086298022666,1.0094816252542786,ITA
Italy,ITA,PCM-DPC,Confirmed cases,Cori_slidingWindow,2022-12-22,1.0560246530048538,1.1112054157349747,1.000843890274733,ITA
Italy,ITA,PCM-DPC,Confirmed cases,Cori_slidingWindow,2022-12-23,1.0421925538209424,1.0989993443387192,0.9853857633031656,ITA
Italy,ITA,PCM-DPC,Confirmed cases,Cori_slidingWindow,2022-12-24,1.0252558153092903,1.0780793311800354,0.9724322994385451,ITA
Italy,ITA,PCM-DPC,Confirmed cases,Cori_slidingWindow,2022-12-25,1.0036663879064578,1.0496107998591244,0.9577219759537912,ITA
Italy,ITA,PCM-DPC,Confirmed cases,Cori_slidingWindow,2022-12-26,0.9769980360459658,1.0253468940780734,0.928649178013858,ITA
Italy,ITA,PCM-DPC,Confirmed cases,Cori_slidingWindow,2022-12-27,0.9441872742209315,0.9988813292471989,0.8894932191946642,ITA
Italy,ITA,PCM-DPC,Confirmed cases,Cori_slidingWindow,2022-12-28,0.9076124788806942,0.9622534824109211,0.8529714753504672,ITA
Italy,ITA,PCM-DPC,Confirmed cases,Cori_slidingWindow,2022-12-29,0.8722348587063438,0.923696944995919,0.8207727724167685,ITA
Italy,ITA,PCM-DPC,Confirmed cases,Cori_slidingWindow,2022-12-30,0.8422058658872849,0.8929335605668114,0.7914781712077583,ITA
Italy,ITA,PCM-DPC,Confirmed cases,Cori_slidingWindow,2022-12-31,0.8198752844461887,0.8694737659880257,0.7702768029043517,ITA
Italy,ITA,PCM-DPC,Confirmed cases,Cori_slidingWindow,2023-01-01,0.8045096712749872,0.8512503592736098,0.7577689832763645,ITA
Italy,ITA,PCM-DPC,Confirmed cases,Cori_slidingWindow,2023-01-02,0.793856490986632,0.8422954034537442,0.7454175785195198,ITA
Italy,ITA,PCM-DPC,Confirmed cases,Cori_slidingWindow,2023-01-03,0.7865086311605325,0.8404865275809338,0.7325307347401312,ITA
Italy,ITA,PCM-DPC,Confirmed cases,Cori_slidingWindow,2023-01-04,0.7833744921910767,0.8365707364565363,0.730178247925617,ITA
Italy,ITA,PCM-DPC,Confirmed cases,Cori_slidingWindow,2023-01-05,0.7863797710296947,0.8349992291836783,0.7377603128757111,ITA
Italy,ITA,PCM-DPC,Confirmed cases,Cori_slidingWindow,2023-01-06,0.7958839720798245,0.8487696812265254,0.7429982629331237,ITA
Italy,ITA,PCM-DPC,Confirmed cases,Cori_slidingWindow,2023-01-07,0.8093373127371485,0.8704434835404413,0.7482311419338556,ITA
Italy,ITA,PCM-DPC,Confirmed cases,Cori_slidingWindow,2023-01-08,0.8221421758488096,0.8830411192820607,0.7612432324155584,ITA
Italy,ITA,PCM-DPC,Confirmed cases,Cori_slidingWindow,2023-01-09,0.8292339521822936,0.8857048640052574,0.7727630403593297,ITA
Italy,ITA,PCM-DPC,Confirmed cases,Cori_slidingWindow,2023-01-10,0.8289845728973685,0.8907190368898047,0.7672501089049323,ITA
Italy,ITA,PCM-DPC,Confirmed cases,Cori_slidingWindow,2023-01-11,0.8242777214084883,0.8928489460628544,0.7557064967541223,ITA
Italy,ITA,PCM-DPC,Confirmed cases,Cori_slidingWindow,2023-01-12,0.8212790699417195,0.8881753902033114,0.7543827496801276,ITA
Italy,ITA,PCM-DPC,Confirmed cases,Cori_slidingWindow,2023-01-13,0.8261698124788298,0.8884843840218268,0.7638552409358328,ITA
Italy,ITA,PCM-DPC,Confirmed cases,Cori_slidingWindow,2023-01-14,0.8403519188204418,0.8992380525087909,0.7814657851320927,ITA
Italy,ITA,PCM-DPC,Confirmed cases,Cori_slidingWindow,2023-01-15,0.8605007015524329,0.9134188020876564,0.8075826010172094,ITA
Italy,ITA,PCM-DPC,Confirmed cases,Cori_slidingWindow,2023-01-16,0.880300186413326,0.9289729008239743,0.8316274720026776,ITA
Italy,ITA,PCM-DPC,Confirmed cases,Cori_slidingWindow,2023-01-17,0.8950070018647529,0.9495987885323223,0.8404152151971835,ITA
Italy,ITA,PCM-DPC,Confirmed cases,Cori_slidingWindow,2023-01-18,0.9049307979840978,0.9671001661489049,0.8427614298192907,ITA
Italy,ITA,PCM-DPC,Confirmed cases,Cori_slidingWindow,2023-01-19,0.9136713655493766,0.9760073462674397,0.8513353848313134,ITA
Italy,ITA,PCM-DPC,Confirmed cases,Cori_slidingWindow,2023-01-20,0.9260304638033738,0.9860527648977208,0.8660081627090269,ITA
Italy,ITA,PCM-DPC,Confirmed cases,Cori_slidingWindow,2023-01-21,0.9425507191013581,1.00534779087519,0.8797536473275263,ITA
Italy,ITA,PCM-DPC,Confirmed cases,Cori_slidingWindow,2023-01-22,0.9591622320637153,1.0277647443867446,0.8905597197406859,ITA
Italy,ITA,PCM-DPC,Confirmed cases,Cori_slidingWindow,2023-01-23,0.9706907254707307,1.0419022035201273,0.8994792474213341,ITA
Italy,ITA,PCM-DPC,Confirmed cases,Cori_slidingWindow,2023-01-24,0.9754369019756649,1.0445369868680088,0.906336817083321,ITA
Italy,ITA,PCM-DPC,Confirmed cases,Cori_slidingWindow,2023-01-25,0.97581668906771,1.040235831085686,0.9113975470497341,ITA
Italy,ITA,PCM-DPC,Confirmed cases,Cori_slidingWindow,2023-01-26,0.9750192608670766,1.0326903928102003,0.9173481289239528,ITA
Italy,ITA,PCM-DPC,Confirmed cases,Cori_slidingWindow,2023-01-27,0.9753323649907378,1.0255517140663417,0.9251130159151338,ITA
Italy,ITA,PCM-DPC,Confirmed cases,Cori_slidingWindow,2023-01-28,0.9758500058654559,1.0237482639152646,0.9279517478156472,ITA
Italy,ITA,PCM-DPC,Confirmed cases,Cori_slidingWindow,2023-01-29,0.973749696326774,1.0258284565291003,0.9216709361244478,ITA
Italy,ITA,PCM-DPC,Confirmed cases,Cori_slidingWindow,2023-01-30,0.9669282061852802,1.0210078470003476,0.91284856537021275,ITA
Italy,ITA,PCM-DPC,Confirmed cases,Cori_slidingWindow,2023-01-31,0.956366779828384,1.0071653547769044,0.9055682048798637,ITA
Italy,ITA,PCM-DPC,Confirmed cases,Cori_slidingWindow,2023-02-01,0.9464860737700905,0.9957983620831223,0.8971737854570587,ITA
Italy,ITA,PCM-DPC,Confirmed cases,Cori_slidingWindow,2023-02-02,0.9428333446311488,0.9953142353889849,0.8903524538733126,ITA
Italy,ITA,PCM-DPC,Confirmed cases,Cori_slidingWindow,2023-02-03,0.9488821458801567,1.0017509330615708,0.8960133586987427,ITA
Italy,ITA,PCM-DPC,Confirmed cases,Cori_slidingWindow,2023-02-04,0.9632645653887829,1.0113660013313035,0.9151631294462624,ITA
Italy,ITA,PCM-DPC,Confirmed cases,Cori_slidingWindow,2023-02-05,0.9792284311268706,1.0249962779212145,0.9334605843325268,ITA
Italy,ITA,PCM-DPC,Confirmed cases,Cori_slidingWindow,2023-02-06,0.990083373303146,1.0394222181329702,0.9407445284733218,ITA
Italy,ITA,PCM-DPC,Confirmed cases,Cori_slidingWindow,2023-02-07,0.9938097998011881,1.0454109136267236,0.9422086859756527,ITA
Italy,ITA,PCM-DPC,Confirmed cases,Cori_slidingWindow,2023-02-08,0.9948520979397302,1.047146707367612,0.9425574885118485,ITA
Italy,ITA,PCM-DPC,Confirmed cases,Cori_slidingWindow,2023-02-09,0.9990857697384653,1.0557855977391313,0.9423859417377993,ITA
Italy,ITA,PCM-DPC,Confirmed cases,Cori_slidingWindow,2023-02-10,1.0087183674235558,1.0692522283836905,0.9481845064634212,ITA
Italy,ITA,PCM-DPC,Confirmed cases,Cori_slidingWindow,2023-02-11,1.0211505611062939,1.0786074127911909,0.9636937094213969,ITA
Italy,ITA,PCM-DPC,Confirmed cases,Cori_slidingWindow,2023-02-12,1.0294825393392981,1.0809782271725403,0.977986851506056,ITA
Italy,ITA,PCM-DPC,Confirmed cases,Cori_slidingWindow,2023-02-13,1.0276626103675066,1.079665109346349,0.9756601113886644,ITA
Italy,ITA,PCM-DPC,Confirmed cases,Cori_slidingWindow,2023-02-14,1.0140632767211988,1.068935476906036,0.9591910765363617,ITA
Italy,ITA,PCM-DPC,Confirmed cases,Cori_slidingWindow,2023-02-15,0.9932017958999501,1.0462410534931266,0.9401625383067734,ITA
Italy,ITA,PCM-DPC,Confirmed cases,Cori_slidingWindow,2023-02-16,0.9732366139482691,1.0230960441841432,0.9233771837123951,ITA
Italy,ITA,PCM-DPC,Confirmed cases,Cori_slidingWindow,2023-02-17,0.9602078448202567,1.0100044390108633,0.91041125062965,ITA
Italy,ITA,PCM-DPC,Confirmed cases,Cori_slidingWindow,2023-02-18,0.954889538628903,1.0049548396510368,0.9048242376067693,ITA
Italy,ITA,PCM-DPC,Confirmed cases,Cori_slidingWindow,2023-02-19,0.952207869072471,1.0034853230804825,0.9009304150644595,ITA
Italy,ITA,PCM-DPC,Confirmed cases,Cori_slidingWindow,2023-02-20,0.9470035240435609,1.0046016922042655,0.8894053558828563,ITA
Italy,ITA,PCM-DPC,Confirmed cases,Cori_slidingWindow,2023-02-21,0.9391823157130467,1.0029048417955078,0.8754597896305857,ITA
Italy,ITA,PCM-DPC,Confirmed cases,Cori_slidingWindow,2023-02-22,0.9327120597807667,0.9955972598196361,0.8698268597418972,ITA
Italy,ITA,PCM-DPC,Confirmed cases,Cori_slidingWindow,2023-02-23,0.9329295543966367,0.9918695697725203,0.8739895390207532,ITA
Italy,ITA,PCM-DPC,Confirmed cases,Cori_slidingWindow,2023-02-24,0.9403745998482593,0.9976799748752809,0.8830692248212377,ITA
Italy,ITA,PCM-DPC,Confirmed cases,Cori_slidingWindow,2023-02-25,0.951853465821605,1.0061378100957425,0.8975691215474675,ITA
Italy,ITA,PCM-DPC,Confirmed cases,Cori_slidingWindow,2023-02-26,0.9625079677598826,1.0120225906628755,0.9129933448568897,ITA
Italy,ITA,PCM-DPC,Confirmed cases,Cori_slidingWindow,2023-02-27,0.967374159290435,1.016744661791051,0.9180036567898191,ITA
Italy,ITA,PCM-DPC,Confirmed cases,Cori_slidingWindow,2023-02-28,0.963024914240791,1.0158985370149571,0.9101512914666248,ITA
Italy,ITA,PCM-DPC,Confirmed cases,Cori_slidingWindow,2023-03-01,0.949190326584323,1.0037723503332197,0.8946083028354264,ITA
Italy,ITA,PCM-DPC,Confirmed cases,Cori_slidingWindow,2023-03-02,0.9312023652062634,0.9844342507305893,0.8779704796819375,ITA
Italy,ITA,PCM-DPC,Confirmed cases,Cori_slidingWindow,2023-03-03,0.9151852324191647,0.9657672476000466,0.8646032172382828,ITA
Italy,ITA,PCM-DPC,Confirmed cases,Cori_slidingWindow,2023-03-04,0.9024184121591776,0.9531311267171719,0.8517056976011833,ITA
Italy,ITA,PCM-DPC,Confirmed cases,Cori_slidingWindow,2023-03-05,0.8913709322020582,0.947849659696804,0.8348922047073124,ITA
Italy,ITA,PCM-DPC,Confirmed cases,Cori_step,2022-01-01,1.07318539418713,1.0879211289947788,1.0584496593794814,ITA
Italy,ITA,PCM-DPC,Confirmed cases,Cori_step,2022-01-02,1.07318539418713,1.0879211289947788,1.0584496593794814,ITA
Italy,ITA,PCM-DPC,Confirmed cases,Cori_step,2022-01-03,1.07318539418713,1.0879211289947788,1.0584496593794814,ITA
Italy,ITA,PCM-DPC,Confirmed cases,Cori_step,2022-01-04,1.07318539418713,1.0879211289947788,1.0584496593794814,ITA
Italy,ITA,PCM-DPC,Confirmed cases,Cori_step,2022-01-05,1.07318539418713,1.0879211289947788,1.0584496593794814,ITA
Italy,ITA,PCM-DPC,Confirmed cases,Cori_step,2022-01-06,1.07318539418713,1.0879211289947788,1.0584496593794814,ITA
Italy,ITA,PCM-DPC,Confirmed cases,Cori_step,2022-01-07,1.07318539418713,1.0879211289947788,1.0584496593794814,ITA
Italy,ITA,PCM-DPC,Confirmed cases,Cori_step,2022-01-08,1.07318539418713,1.0879211289947788,1.0584496593794814,ITA
Italy,ITA,PCM-DPC,Confirmed cases,Cori_step,2022-01-09,1.07318539418713,1.0879211289947788,1.0584496593794814,ITA
Italy,ITA,PCM-DPC,Confirmed cases,Cori_step,2022-01-10,1.07318539418713,1.0879211289947788,1.0584496593794814,ITA
Italy,ITA,PCM-DPC,Confirmed cases,Cori_step,2022-01-11,1.07318539418713,1.0879211289947788,1.0584496593794814,ITA
Italy,ITA,PCM-DPC,Confirmed cases,Cori_step,2022-01-12,1.07318539418713,1.0879211289947788,1.0584496593794814,ITA
Italy,ITA,PCM-DPC,Confirmed cases,Cori_step,2022-01-13,1.07318539418713,1.0879211289947788,1.0584496593794814,ITA
Italy,ITA,PCM-DPC,Confirmed cases,Cori_step,2022-01-14,1.07318539418713,1.0879211289947788,1.0584496593794814,ITA
Italy,ITA,PCM-DPC,Confirmed cases,Cori_step,2022-01-15,1.07318539418713,1.0879211289947788,1.0584496593794814,ITA
Italy,ITA,PCM-DPC,Confirmed cases,Cori_step,2022-01-16,1.07318539418713,1.0879211289947788,1.0584496593794814,ITA
Italy,ITA,PCM-DPC,Confirmed cases,Cori_step,2022-01-17,1.07318539418713,1.0879211289947788,1.0584496593794814,ITA
Italy,ITA,PCM-DPC,Confirmed cases,Cori_step,2022-01-18,1.07318539418713,1.0879211289947788,1.0584496593794814,ITA
Italy,ITA,PCM-DPC,Confirmed cases,Cori_step,2022-01-19,1.07318539418713,1.0879211289947788,1.0584496593794814,ITA
Italy,ITA,PCM-DPC,Confirmed cases,Cori_step,2022-01-20,1.07318539418713,1.0879211289947788,1.0584496593794814,ITA
Italy,ITA,PCM-DPC,Confirmed cases,Cori_step,2022-01-21,1.07318539418713,1.0879211289947788,1.0584496593794814,ITA
Italy,ITA,PCM-DPC,Confirmed cases,Cori_step,2022-01-22,0.886465240422178,0.9106440665973284,0.8622864142470276,ITA
Italy,ITA,PCM-DPC,Confirmed cases,Cori_step,2022-01-23,0.886465240422178,0.9106440665973284,0.8622864142470276,ITA
Italy,ITA,PCM-DPC,Confirmed cases,Cori_step,2022-01-24,0.886465240422178,0.9106440665973284,0.8622864142470276,ITA
Italy,ITA,PCM-DPC,Confirmed cases,Cori_step,2022-01-25,0.886465240422178,0.9106440665973284,0.8622864142470276,ITA
Italy,ITA,PCM-DPC,Confirmed cases,Cori_step,2022-01-26,0.886465240422178,0.9106440665973284,0.8622864142470276,ITA
Italy,ITA,PCM-DPC,Confirmed cases,Cori_step,2022-01-27,0.886465240422178,0.9106440665973284,0.8622864142470276,ITA
Italy,ITA,PCM-DPC,Confirmed cases,Cori_step,2022-01-28,0.886465240422178,0.9106440665973284,0.8622864142470276,ITA
Italy,ITA,PCM-DPC,Confirmed cases,Cori_step,2022-01-29,0.886465240422178,0.9106440665973284,0.8622864142470276,ITA
Italy,ITA,PCM-DPC,Confirmed cases,Cori_step,2022-01-30,0.886465240422178,0.9106440665973284,0.8622864142470276,ITA
Italy,ITA,PCM-DPC,Confirmed cases,Cori_step,2022-01-31,0.886465240422178,0.9106440665973284,0.8622864142470276,ITA
Italy,ITA,PCM-DPC,Confirmed cases,Cori_step,2022-02-01,0.886465240422178,0.9106440665973284,0.8622864142470276,ITA
Italy,ITA,PCM-DPC,Confirmed cases,Cori_step,2022-02-02,0.886465240422178,0.9106440665973284,0.8622864142470276,ITA
Italy,ITA,PCM-DPC,Confirmed cases,Cori_step,2022-02-03,0.886465240422178,0.9106440665973284,0.8622864142470276,ITA
Italy,ITA,PCM-DPC,Confirmed cases,Cori_step,2022-02-04,0.886465240422178,0.9106440665973284,0.8622864142470276,ITA
Italy,ITA,PCM-DPC,Confirmed cases,Cori_step,2022-02-05,0.886465240422178,0.9106440665973284,0.8622864142470276,ITA
Italy,ITA,PCM-DPC,Confirmed cases,Cori_step,2022-02-06,0.886465240422178,0.9106440665973284,0.8622864142470276,ITA
Italy,ITA,PCM-DPC,Confirmed cases,Cori_step,2022-02-07,0.886465240422178,0.9106440665973284,0.8622864142470276,ITA
Italy,ITA,PCM-DPC,Confirmed cases,Cori_step,2022-02-08,0.886465240422178,0.9106440665973284,0.8622864142470276,ITA
Italy,ITA,PCM-DPC,Confirmed cases,Cori_step,2022-02-09,0.886465240422178,0.9106440665973284,0.8622864142470276,ITA
Italy,ITA,PCM-DPC,Confirmed cases,Cori_step,2022-02-10,0.886465240422178,0.9106440665973284,0.8622864142470276,ITA
Italy,ITA,PCM-DPC,Confirmed cases,Cori_step,2022-02-11,0.886465240422178,0.9106440665973284,0.8622864142470276,ITA
Italy,ITA,PCM-DPC,Confirmed cases,Cori_step,2022-02-12,0.886465240422178,0.9106440665973284,0.8622864142470276,ITA
Italy,ITA,PCM-DPC,Confirmed cases,Cori_step,2022-02-13,0.886465240422178,0.9106440665973284,0.8622864142470276,ITA
Italy,ITA,PCM-DPC,Confirmed cases,Cori_step,2022-02-14,0.886465240422178,0.9106440665973284,0.8622864142470276,ITA
Italy,ITA,PCM-DPC,Confirmed cases,Cori_step,2022-02-15,0.886465240422178,0.9106440665973284,0.8622864142470276,ITA
Italy,ITA,PCM-DPC,Confirmed cases,Cori_step,2022-02-16,0.886465240422178,0.9106440665973284,0.8622864142470276,ITA
Italy,ITA,PCM-DPC,Confirmed cases,Cori_step,2022-02-17,0.886465240422178,0.9106440665973284,0.8622864142470276,ITA
Italy,ITA,PCM-DPC,Confirmed cases,Cori_step,2022-02-18,0.886465240422178,0.9106440665973284,0.8622864142470276,ITA
Italy,ITA,PCM-DPC,Confirmed cases,Cori_step,2022-02-19,0.886465240422178,0.9106440665973284,0.8622864142470276,ITA
Italy,ITA,PCM-DPC,Confirmed cases,Cori_step,2022-02-20,0.886465240422178,0.9106440665973284,0.8622864142470276,ITA
Italy,ITA,PCM-DPC,Confirmed cases,Cori_step,2022-02-21,0.886465240422178,0.9106440665973284,0.8622864142470276,ITA
Italy,ITA,PCM-DPC,Confirmed cases,Cori_step,2022-02-22,0.886465240422178,0.9106440665973284,0.8622864142470276,ITA
Italy,ITA,PCM-DPC,Confirmed cases,Cori_step,2022-02-23,0.886465240422178,0.9106440665973284,0.8622864142470276,ITA
Italy,ITA,PCM-DPC,Confirmed cases,Cori_step,2022-02-24,0.886465240422178,0.9106440665973284,0.8622864142470276,ITA
Italy,ITA,PCM-DPC,Confirmed cases,Cori_step,2022-02-25,0.886465240422178,0.9106440665973284,0.8622864142470276,ITA
Italy,ITA,PCM-DPC,Confirmed cases,Cori_step,2022-02-26,0.886465240422178,0.9106440665973284,0.8622864142470276,ITA
Italy,ITA,PCM-DPC,Confirmed cases,Cori_step,2022-02-27,0.886465240422178,0.9106440665973284,0.8622864142470276,ITA
Italy,ITA,PCM-DPC,Confirmed cases,Cori_step,2022-02-28,1.1317443508590024,1.2018395944780536,1.0616491072399512,ITA
Italy,ITA,PCM-DPC,Confirmed cases,Cori_step,2022-03-01,1.0315752747951974,1.0738079175944935,0.9893426319959013,ITA
Italy,ITA,PCM-DPC,Confirmed cases,Cori_step,2022-03-02,1.0315752747951974,1.0738079175944935,0.9893426319959013,ITA
Italy,ITA,PCM-DPC,Confirmed cases,Cori_step,2022-03-03,1.0315752747951974,1.0738079175944935,0.9893426319959013,ITA
Italy,ITA,PCM-DPC,Confirmed cases,Cori_step,2022-03-04,1.0315752747951974,1.0738079175944935,0.9893426319959013,ITA
Italy,ITA,PCM-DPC,Confirmed cases,Cori_step,2022-03-05,1.0315752747951974,1.0738079175944935,0.9893426319959013,ITA
Italy,ITA,PCM-DPC,Confirmed cases,Cori_step,2022-03-06,1.0315752747951974,1.0738079175944935,0.9893426319959013,ITA
Italy,ITA,PCM-DPC,Confirmed cases,Cori_step,2022-03-07,1.0315752747951974,1.0738079175944935,0.9893426319959013,ITA
Italy,ITA,PCM-DPC,Confirmed cases,Cori_step,2022-03-08,1.0315752747951974,1.0738079175944935,0.9893426319959013,ITA
Italy,ITA,PCM-DPC,Confirmed cases,Cori_step,2022-03-09,1.0315752747951974,1.0738079175944935,0.9893426319959013,ITA
Italy,ITA,PCM-DPC,Confirmed cases,Cori_step,2022-03-10,1.0315752747951974,1.0738079175944935,0.9893426319959013,ITA
Italy,ITA,PCM-DPC,Confirmed cases,Cori_step,2022-03-11,1.0315752747951974,1.0738079175944935,0.9893426319959013,ITA
Italy,ITA,PCM-DPC,Confirmed cases,Cori_step,2022-03-12,1.0315752747951974,1.0738079175944935,0.9893426319959013,ITA
Italy,ITA,PCM-DPC,Confirmed cases,Cori_step,2022-03-13,1.0315752747951974,1.0738079175944935,0.9893426319959013,ITA
Italy,ITA,PCM-DPC,Confirmed cases,Cori_step,2022-03-14,1.0315752747951974,1.0738079175944935,0.9893426319959013,ITA
Italy,ITA,PCM-DPC,Confirmed cases,Cori_step,2022-03-15,1.0315752747951974,1.0738079175944935,0.9893426319959013,ITA
Italy,ITA,PCM-DPC,Confirmed cases,Cori_step,2022-03-16,1.0315752747951974,1.0738079175944935,0.9893426319959013,ITA
Italy,ITA,PCM-DPC,Confirmed cases,Cori_step,2022-03-17,1.0315752747951974,1.0738079175944935,0.9893426319959013,ITA
Italy,ITA,PCM-DPC,Confirmed cases,Cori_step,2022-03-18,1.0315752747951974,1.0738079175944935,0.9893426319959013,ITA
Italy,ITA,PCM-DPC,Confirmed cases,Cori_step,2022-03-19,1.0315752747951974,1.0738079175944935,0.9893426319959013,ITA
Italy,ITA,PCM-DPC,Confirmed cases,Cori_step,2022-03-20,1.0315752747951974,1.0738079175944935,0.9893426319959013,ITA
Italy,ITA,PCM-DPC,Confirmed cases,Cori_step,2022-03-21,1.0315752747951974,1.0738079175944935,0.9893426319959013,ITA
Italy,ITA,PCM-DPC,Confirmed cases,Cori_step,2022-03-22,1.0315752747951974,1.0738079175944935,0.9893426319959013,ITA
Italy,ITA,PCM-DPC,Confirmed cases,Cori_step,2022-03-23,1.0315752747951974,1.0738079175944935,0.9893426319959013,ITA
Italy,ITA,PCM-DPC,Confirmed cases,Cori_step,2022-03-24,1.0315752747951974,1.0738079175944935,0.9893426319959013,ITA
Italy,ITA,PCM-DPC,Confirmed cases,Cori_step,2022-03-25,1.0315752747951974,1.0738079175944935,0.9893426319959013,ITA
Italy,ITA,PCM-DPC,Confirmed cases,Cori_step,2022-03-26,1.0315752747951974,1.0738079175944935,0.9893426319959013,ITA
Italy,ITA,PCM-DPC,Confirmed cases,Cori_step,2022-03-27,1.0315752747951974,1.0738079175944935,0.9893426319959013,ITA
Italy,ITA,PCM-DPC,Confirmed cases,Cori_step,2022-03-28,1.0315752747951974,1.0738079175944935,0.9893426319959013,ITA
Italy,ITA,PCM-DPC,Confirmed cases,Cori_step,2022-03-29,1.0315752747951974,1.0738079175944935,0.9893426319959013,ITA
Italy,ITA,PCM-DPC,Confirmed cases,Cori_step,2022-03-30,1.0315752747951974,1.0738079175944935,0.9893426319959013,ITA
Italy,ITA,PCM-DPC,Confirmed cases,Cori_step,2022-03-31,1.0315752747951974,1.0738079175944935,0.9893426319959013,ITA
Italy,ITA,PCM-DPC,Confirmed cases,Cori_step,2022-04-01,0.9596809222187558,0.9948363736461627,0.9245254707913488,ITA
Italy,ITA,PCM-DPC,Confirmed cases,Cori_step,2022-04-02,0.9596809222187558,0.9948363736461627,0.9245254707913488,ITA
Italy,ITA,PCM-DPC,Confirmed cases,Cori_step,2022-04-03,0.9596809222187558,0.9948363736461627,0.9245254707913488,ITA
Italy,ITA,PCM-DPC,Confirmed cases,Cori_step,2022-04-04,0.9596809222187558,0.9948363736461627,0.9245254707913488,ITA
Italy,ITA,PCM-DPC,Confirmed cases,Cori_step,2022-04-05,0.9596809222187558,0.9948363736461627,0.9245254707913488,ITA
Italy,ITA,PCM-DPC,Confirmed cases,Cori_step,2022-04-06,0.9596809222187558,0.9948363736461627,0.9245254707913488,ITA
Italy,ITA,PCM-DPC,Confirmed cases,Cori_step,2022-04-07,0.9596809222187558,0.9948363736461627,0.9245254707913488,ITA
Italy,ITA,PCM-DPC,Confirmed cases,Cori_step,2022-04-08,0.9596809222187558,0.9948363736461627,0.9245254707913488,ITA
Italy,ITA,PCM-DPC,Confirmed cases,Cori_step,2022-04-09,0.9596809222187558,0.9948363736461627,0.9245254707913488,ITA
Italy,ITA,PCM-DPC,Confirmed cases,Cori_step,2022-04-10,0.9596809222187558,0.9948363736461627,0.9245254707913488,ITA
Italy,ITA,PCM-DPC,Confirmed cases,Cori_step,2022-04-11,0.9596809222187558,0.9948363736461627,0.9245254707913488,ITA
Italy,ITA,PCM-DPC,Confirmed cases,Cori_step,2022-04-12,0.9596809222187558,0.9948363736461627,0.9245254707913488,ITA
Italy,ITA,PCM-DPC,Confirmed cases,Cori_step,2022-04-13,0.9596809222187558,0.9948363736461627,0.9245254707913488,ITA
Italy,ITA,PCM-DPC,Confirmed cases,Cori_step,2022-04-14,0.9596809222187558,0.9948363736461627,0.9245254707913488,ITA
Italy,ITA,PCM-DPC,Confirmed cases,Cori_step,2022-04-15,0.9596809222187558,0.9948363736461627,0.9245254707913488,ITA
Italy,ITA,PCM-DPC,Confirmed cases,Cori_step,2022-04-16,0.9596809222187558,0.9948363736461627,0.9245254707913488,ITA
Italy,ITA,PCM-DPC,Confirmed cases,Cori_step,2022-04-17,0.9596809222187558,0.9948363736461627,0.9245254707913488,ITA
Italy,ITA,PCM-DPC,Confirmed cases,Cori_step,2022-04-18,0.9596809222187558,0.9948363736461627,0.9245254707913488,ITA
Italy,ITA,PCM-DPC,Confirmed cases,Cori_step,2022-04-19,0.9596809222187558,0.9948363736461627,0.9245254707913488,ITA
Italy,ITA,PCM-DPC,Confirmed cases,Cori_step,2022-04-20,0.9596809222187558,0.9948363736461627,0.9245254707913488,ITA
Italy,ITA,PCM-DPC,Confirmed cases,Cori_step,2022-04-21,0.9596809222187558,0.9948363736461627,0.9245254707913488,ITA
Italy,ITA,PCM-DPC,Confirmed cases,Cori_step,2022-04-22,0.9596809222187558,0.9948363736461627,0.9245254707913488,ITA
Italy,ITA,PCM-DPC,Confirmed cases,Cori_step,2022-04-23,0.9596809222187558,0.9948363736461627,0.9245254707913488,ITA
Italy,ITA,PCM-DPC,Confirmed cases,Cori_step,2022-04-24,0.9596809222187558,0.9948363736461627,0.9245254707913488,ITA
Italy,ITA,PCM-DPC,Confirmed cases,Cori_step,2022-04-25,0.9596809222187558,0.9948363736461627,0.9245254707913488,ITA
Italy,ITA,PCM-DPC,Confirmed cases,Cori_step,2022-04-26,0.9596809222187558,0.9948363736461627,0.9245254707913488,ITA
Italy,ITA,PCM-DPC,Confirmed cases,Cori_step,2022-04-27,0.9596809222187558,0.9948363736461627,0.9245254707913488,ITA
Italy,ITA,PCM-DPC,Confirmed cases,Cori_step,2022-04-28,0.9596809222187558,0.9948363736461627,0.9245254707913488,ITA
Italy,ITA,PCM-DPC,Confirmed cases,Cori_step,2022-04-29,0.9596809222187558,0.9948363736461627,0.9245254707913488,ITA
Italy,ITA,PCM-DPC,Confirmed cases,Cori_step,2022-04-30,0.9596809222187558,0.9948363736461627,0.9245254707913488,ITA
Italy,ITA,PCM-DPC,Confirmed cases,Cori_step,2022-05-01,0.9182571786481678,0.9332725768635273,0.9032417804328083,ITA
Italy,ITA,PCM-DPC,Confirmed cases,Cori_step,2022-05-02,0.9182571786481678,0.9332725768635273,0.9032417804328083,ITA
Italy,ITA,PCM-DPC,Confirmed cases,Cori_step,2022-05-03,0.9182571786481678,0.9332725768635273,0.9032417804328083,ITA
Italy,ITA,PCM-DPC,Confirmed cases,Cori_step,2022-05-04,0.9182571786481678,0.9332725768635273,0.9032417804328083,ITA
Italy,ITA,PCM-DPC,Confirmed cases,Cori_step,2022-05-05,0.9182571786481678,0.9332725768635273,0.9032417804328083,ITA
Italy,ITA,PCM-DPC,Confirmed cases,Cori_step,2022-05-06,0.9182571786481678,0.9332725768635273,0.9032417804328083,ITA
Italy,ITA,PCM-DPC,Confirmed cases,Cori_step,2022-05-07,0.9182571786481678,0.9332725768635273,0.9032417804328083,ITA
Italy,ITA,PCM-DPC,Confirmed cases,Cori_step,2022-05-08,0.9182571786481678,0.9332725768635273,0.9032417804328083,ITA
Italy,ITA,PCM-DPC,Confirmed cases,Cori_step,2022-05-09,0.9182571786481678,0.9332725768635273,0.9032417804328083,ITA
Italy,ITA,PCM-DPC,Confirmed cases,Cori_step,2022-05-10,0.9182571786481678,0.9332725768635273,0.9032417804328083,ITA
Italy,ITA,PCM-DPC,Confirmed cases,Cori_step,2022-05-11,0.9182571786481678,0.9332725768635273,0.9032417804328083,ITA
Italy,ITA,PCM-DPC,Confirmed cases,Cori_step,2022-05-12,0.9182571786481678,0.9332725768635273,0.9032417804328083,ITA
Italy,ITA,PCM-DPC,Confirmed cases,Cori_step,2022-05-13,0.9182571786481678,0.9332725768635273,0.9032417804328083,ITA
Italy,ITA,PCM-DPC,Confirmed cases,Cori_step,2022-05-14,0.9182571786481678,0.9332725768635273,0.9032417804328083,ITA
Italy,ITA,PCM-DPC,Confirmed cases,Cori_step,2022-05-15,0.9182571786481678,0.9332725768635273,0.9032417804328083,ITA
Italy,ITA,PCM-DPC,Confirmed cases,Cori_step,2022-05-16,0.9182571786481678,0.9332725768635273,0.9032417804328083,ITA
Italy,ITA,PCM-DPC,Confirmed cases,Cori_step,2022-05-17,0.9182571786481678,0.9332725768635273,0.9032417804328083,ITA
Italy,ITA,PCM-DPC,Confirmed cases,Cori_step,2022-05-18,0.9182571786481678,0.9332725768635273,0.9032417804328083,ITA
Italy,ITA,PCM-DPC,Confirmed cases,Cori_step,2022-05-19,0.9182571786481678,0.9332725768635273,0.9032417804328083,ITA
Italy,ITA,PCM-DPC,Confirmed cases,Cori_step,2022-05-20,0.9182571786481678,0.9332725768635273,0.9032417804328083,ITA
Italy,ITA,PCM-DPC,Confirmed cases,Cori_step,2022-05-21,0.9182571786481678,0.9332725768635273,0.9032417804328083,ITA
Italy,ITA,PCM-DPC,Confirmed cases,Cori_step,2022-05-22,0.9182571786481678,0.9332725768635273,0.9032417804328083,ITA
Italy,ITA,PCM-DPC,Confirmed cases,Cori_step,2022-05-23,0.9182571786481678,0.9332725768635273,0.9032417804328083,ITA
Italy,ITA,PCM-DPC,Confirmed cases,Cori_step,2022-05-24,0.9182571786481678,0.9332725768635273,0.9032417804328083,ITA
Italy,ITA,PCM-DPC,Confirmed cases,Cori_step,2022-05-25,0.9182571786481678,0.9332725768635273,0.9032417804328083,ITA
Italy,ITA,PCM-DPC,Confirmed cases,Cori_step,2022-05-26,0.9182571786481678,0.9332725768635273,0.9032417804328083,ITA
Italy,ITA,PCM-DPC,Confirmed cases,Cori_step,2022-05-27,0.9182571786481678,0.9332725768635273,0.9032417804328083,ITA
Italy,ITA,PCM-DPC,Confirmed cases,Cori_step,2022-05-28,0.9182571786481678,0.9332725768635273,0.9032417804328083,ITA
Italy,ITA,PCM-DPC,Confirmed cases,Cori_step,2022-05-29,0.9182571786481678,0.9332725768635273,0.9032417804328083,ITA
Italy,ITA,PCM-DPC,Confirmed cases,Cori_step,2022-05-30,0.9182571786481678,0.9332725768635273,0.9032417804328083,ITA
Italy,ITA,PCM-DPC,Confirmed cases,Cori_step,2022-05-31,0.9182571786481678,0.9332725768635273,0.9032417804328083,ITA
Italy,ITA,PCM-DPC,Confirmed cases,Cori_step,2022-06-01,0.9981170503352901,0.9997017405235005,0.9965323601470797,ITA
Italy,ITA,PCM-DPC,Confirmed cases,Cori_step,2022-06-02,0.9981170503352901,0.9997017405235005,0.9965323601470797,ITA
Italy,ITA,PCM-DPC,Confirmed cases,Cori_step,2022-06-03,0.9981170503352901,0.9997017405235005,0.9965323601470797,ITA
Italy,ITA,PCM-DPC,Confirmed cases,Cori_step,2022-06-04,0.9981170503352901,0.9997017405235005,0.9965323601470797,ITA
Italy,ITA,PCM-DPC,Confirmed cases,Cori_step,2022-06-05,0.9981170503352901,0.9997017405235005,0.9965323601470797,ITA
Italy,ITA,PCM-DPC,Confirmed cases,Cori_step,2022-06-06,0.9981170503352901,0.9997017405235005,0.9965323601470797,ITA
Italy,ITA,PCM-DPC,Confirmed cases,Cori_step,2022-06-07,0.9981170503352901,0.9997017405235005,0.9965323601470797,ITA
Italy,ITA,PCM-DPC,Confirmed cases,Cori_step,2022-06-08,0.9981170503352901,0.9997017405235005,0.9965323601470797,ITA
Italy,ITA,PCM-DPC,Confirmed cases,Cori_step,2022-06-09,0.9981170503352901,0.9997017405235005,0.9965323601470797,ITA
Italy,ITA,PCM-DPC,Confirmed cases,Cori_step,2022-06-10,0.9981170503352901,0.9997017405235005,0.9965323601470797,ITA
Italy,ITA,PCM-DPC,Confirmed cases,Cori_step,2022-06-11,0.9981170503352901,0.9997017405235005,0.9965323601470797,ITA
Italy,ITA,PCM-DPC,Confirmed cases,Cori_step,2022-06-12,0.9981170503352901,0.9997017405235005,0.9965323601470797,ITA
Italy,ITA,PCM-DPC,Confirmed cases,Cori_step,2022-06-13,0.9981170503352901,0.9997017405235005,0.9965323601470797,ITA
Italy,ITA,PCM-DPC,Confirmed cases,Cori_step,2022-06-14,0.9981170503352901,0.9997017405235005,0.9965323601470797,ITA
Italy,ITA,PCM-DPC,Confirmed cases,Cori_step,2022-06-15,0.9981170503352901,0.9997017405235005,0.9965323601470797,ITA
Italy,ITA,PCM-DPC,Confirmed cases,Cori_step,2022-06-16,0.9981170503352901,0.9997017405235005,0.9965323601470797,ITA
Italy,ITA,PCM-DPC,Confirmed cases,Cori_step,2022-06-17,0.9981170503352901,0.9997017405235005,0.9965323601470797,ITA
Italy,ITA,PCM-DPC,Confirmed cases,Cori_step,2022-06-18,0.9981170503352901,0.9997017405235005,0.9965323601470797,ITA
Italy,ITA,PCM-DPC,Confirmed cases,Cori_step,2022-06-19,0.9981170503352901,0.9997017405235005,0.9965323601470797,ITA
Italy,ITA,PCM-DPC,Confirmed cases,Cori_step,2022-06-20,0.9981170503352901,0.9997017405235005,0.9965323601470797,ITA
Italy,ITA,PCM-DPC,Confirmed cases,Cori_step,2022-06-21,0.9981170503352901,0.9997017405235005,0.9965323601470797,ITA
Italy,ITA,PCM-DPC,Confirmed cases,Cori_step,2022-06-22,0.9981170503352901,0.9997017405235005,0.9965323601470797,ITA
Italy,ITA,PCM-DPC,Confirmed cases,Cori_step,2022-06-23,0.9981170503352901,0.9997017405235005,0.9965323601470797,ITA
Italy,ITA,PCM-DPC,Confirmed cases,Cori_step,2022-06-24,0.9981170503352901,0.9997017405235005,0.9965323601470797,ITA
Italy,ITA,PCM-DPC,Confirmed cases,Cori_step,2022-06-25,0.9981170503352901,0.9997017405235005,0.9965323601470797,ITA
Italy,ITA,PCM-DPC,Confirmed cases,Cori_step,2022-06-26,0.9981170503352901,0.9997017405235005,0.9965323601470797,ITA
Italy,ITA,PCM-DPC,Confirmed cases,Cori_step,2022-06-27,0.9981170503352901,0.9997017405235005,0.9965323601470797,ITA
Italy,ITA,PCM-DPC,Confirmed cases,Cori_step,2022-06-28,0.9981170503352901,0.9997017405235005,0.9965323601470797,ITA
Italy,ITA,PCM-DPC,Confirmed cases,Cori_step,2022-06-29,0.9981170503352901,0.9997017405235005,0.9965323601470797,ITA
Italy,ITA,PCM-DPC,Confirmed cases,Cori_step,2022-06-30,0.9981170503352901,0.9997017405235005,0.9965323601470797,ITA
Italy,ITA,PCM-DPC,Confirmed cases,Cori_step,2022-07-01,0.9981170503352901,0.9997017405235005,0.9965323601470797,ITA
Italy,ITA,PCM-DPC,Confirmed cases,Cori_step,2022-07-02,0.9981170503352901,0.9997017405235005,0.9965323601470797,ITA
Italy,ITA,PCM-DPC,Confirmed cases,Cori_step,2022-07-03,0.9981170503352901,0.9997017405235005,0.9965323601470797,ITA
Italy,ITA,PCM-DPC,Confirmed cases,Cori_step,2022-07-04,0.9981170503352901,0.9997017405235005,0.9965323601470797,ITA
Italy,ITA,PCM-DPC,Confirmed cases,Cori_step,2022-07-05,0.9981170503352901,0.9997017405235005,0.9965323601470797,ITA
Italy,ITA,PCM-DPC,Confirmed cases,Cori_step,2022-07-06,0.9981170503352901,0.9997017405235005,0.9965323601470797,ITA
Italy,ITA,PCM-DPC,Confirmed cases,Cori_step,2022-07-07,0.9981170503352901,0.9997017405235005,0.9965323601470797,ITA
Italy,ITA,PCM-DPC,Confirmed cases,Cori_step,2022-07-08,0.9981170503352901,0.9997017405235005,0.9965323601470797,ITA
Italy,ITA,PCM-DPC,Confirmed cases,Cori_step,2022-07-09,0.9981170503352901,0.9997017405235005,0.9965323601470797,ITA
Italy,ITA,PCM-DPC,Confirmed cases,Cori_step,2022-07-10,0.9981170503352901,0.9997017405235005,0.9965323601470797,ITA
Italy,ITA,PCM-DPC,Confirmed cases,Cori_step,2022-07-11,0.9981170503352901,0.9997017405235005,0.9965323601470797,ITA
Italy,ITA,PCM-DPC,Confirmed cases,Cori_step,2022-07-12,0.9981170503352901,0.9997017405235005,0.9965323601470797,ITA
Italy,ITA,PCM-DPC,Confirmed cases,Cori_step,2022-07-13,0.9981170503352901,0.9997017405235005,0.9965323601470797,ITA
Italy,ITA,PCM-DPC,Confirmed cases,Cori_step,2022-07-14,0.9981170503352901,0.9997017405235005,0.9965323601470797,ITA
Italy,ITA,PCM-DPC,Confirmed cases,Cori_step,2022-07-15,0.9981170503352901,0.9997017405235005,0.9965323601470797,ITA
Italy,ITA,PCM-DPC,Confirmed cases,Cori_step,2022-07-16,0.9981170503352901,0.9997017405235005,0.9965323601470797,ITA
Italy,ITA,PCM-DPC,Confirmed cases,Cori_step,2022-07-17,0.9981170503352901,0.9997017405235005,0.9965323601470797,ITA
Italy,ITA,PCM-DPC,Confirmed cases,Cori_step,2022-07-18,0.9981170503352901,0.9997017405235005,0.9965323601470797,ITA
Italy,ITA,PCM-DPC,Confirmed cases,Cori_step,2022-07-19,0.9981170503352901,0.9997017405235005,0.9965323601470797,ITA
Italy,ITA,PCM-DPC,Confirmed cases,Cori_step,2022-07-20,0.9981170503352901,0.9997017405235005,0.9965323601470797,ITA
Italy,ITA,PCM-DPC,Confirmed cases,Cori_step,2022-07-21,0.9981170503352901,0.9997017405235005,0.9965323601470797,ITA
Italy,ITA,PCM-DPC,Confirmed cases,Cori_step,2022-07-22,0.9981170503352901,0.9997017405235005,0.9965323601470797,ITA
Italy,ITA,PCM-DPC,Confirmed cases,Cori_step,2022-07-23,0.9981170503352901,0.9997017405235005,0.9965323601470797,ITA
Italy,ITA,PCM-DPC,Confirmed cases,Cori_step,2022-07-24,0.9981170503352901,0.9997017405235005,0.9965323601470797,ITA
Italy,ITA,PCM-DPC,Confirmed cases,Cori_step,2022-07-25,0.9981170503352901,0.9997017405235005,0.9965323601470797,ITA
Italy,ITA,PCM-DPC,Confirmed cases,Cori_step,2022-07-26,0.9981170503352901,0.9997017405235005,0.9965323601470797,ITA
Italy,ITA,PCM-DPC,Confirmed cases,Cori_step,2022-07-27,0.9981170503352901,0.9997017405235005,0.9965323601470797,ITA
Italy,ITA,PCM-DPC,Confirmed cases,Cori_step,2022-07-28,0.9981170503352901,0.9997017405235005,0.9965323601470797,ITA
Italy,ITA,PCM-DPC,Confirmed cases,Cori_step,2022-07-29,0.9981170503352901,0.9997017405235005,0.9965323601470797,ITA
Italy,ITA,PCM-DPC,Confirmed cases,Cori_step,2022-07-30,0.9981170503352901,0.9997017405235005,0.9965323601470797,ITA
Italy,ITA,PCM-DPC,Confirmed cases,Cori_step,2022-07-31,0.9981170503352901,0.9997017405235005,0.9965323601470797,ITA
Italy,ITA,PCM-DPC,Confirmed cases,Cori_step,2022-08-01,0.9981170503352901,0.9997017405235005,0.9965323601470797,ITA
Italy,ITA,PCM-DPC,Confirmed cases,Cori_step,2022-08-02,0.9981170503352901,0.9997017405235005,0.9965323601470797,ITA
Italy,ITA,PCM-DPC,Confirmed cases,Cori_step,2022-08-03,0.9981170503352901,0.9997017405235005,0.9965323601470797,ITA
Italy,ITA,PCM-DPC,Confirmed cases,Cori_step,2022-08-04,0.9981170503352901,0.9997017405235005,0.9965323601470797,ITA
Italy,ITA,PCM-DPC,Confirmed cases,Cori_step,2022-08-05,0.9981170503352901,0.9997017405235005,0.9965323601470797,ITA
Italy,ITA,PCM-DPC,Confirmed cases,Cori_step,2022-08-06,0.9981170503352901,0.9997017405235005,0.9965323601470797,ITA
Italy,ITA,PCM-DPC,Confirmed cases,Cori_step,2022-08-07,0.9981170503352901,0.9997017405235005,0.9965323601470797,ITA
Italy,ITA,PCM-DPC,Confirmed cases,Cori_step,2022-08-08,0.9981170503352901,0.9997017405235005,0.9965323601470797,ITA
Italy,ITA,PCM-DPC,Confirmed cases,Cori_step,2022-08-09,0.9981170503352901,0.9997017405235005,0.9965323601470797,ITA
Italy,ITA,PCM-DPC,Confirmed cases,Cori_step,2022-08-10,0.9981170503352901,0.9997017405235005,0.9965323601470797,ITA
Italy,ITA,PCM-DPC,Confirmed cases,Cori_step,2022-08-11,0.9981170503352901,0.9997017405235005,0.9965323601470797,ITA
Italy,ITA,PCM-DPC,Confirmed cases,Cori_step,2022-08-12,0.9981170503352901,0.9997017405235005,0.9965323601470797,ITA
Italy,ITA,PCM-DPC,Confirmed cases,Cori_step,2022-08-13,0.9981170503352901,0.9997017405235005,0.9965323601470797,ITA
Italy,ITA,PCM-DPC,Confirmed cases,Cori_step,2022-08-14,0.9981170503352901,0.9997017405235005,0.9965323601470797,ITA
Italy,ITA,PCM-DPC,Confirmed cases,Cori_step,2022-08-15,0.9981170503352901,0.9997017405235005,0.9965323601470797,ITA
Italy,ITA,PCM-DPC,Confirmed cases,Cori_step,2022-08-16,0.9981170503352901,0.9997017405235005,0.9965323601470797,ITA
Italy,ITA,PCM-DPC,Confirmed cases,Cori_step,2022-08-17,0.9981170503352901,0.9997017405235005,0.9965323601470797,ITA
Italy,ITA,PCM-DPC,Confirmed cases,Cori_step,2022-08-18,0.9981170503352901,0.9997017405235005,0.9965323601470797,ITA
Italy,ITA,PCM-DPC,Confirmed cases,Cori_step,2022-08-19,0.9981170503352901,0.9997017405235005,0.9965323601470797,ITA
Italy,ITA,PCM-DPC,Confirmed cases,Cori_step,2022-08-20,0.9981170503352901,0.9997017405235005,0.9965323601470797,ITA
Italy,ITA,PCM-DPC,Confirmed cases,Cori_step,2022-08-21,0.9981170503352901,0.9997017405235005,0.9965323601470797,ITA
Italy,ITA,PCM-DPC,Confirmed cases,Cori_step,2022-08-22,0.9981170503352901,0.9997017405235005,0.9965323601470797,ITA
Italy,ITA,PCM-DPC,Confirmed cases,Cori_step,2022-08-23,0.9981170503352901,0.9997017405235005,0.9965323601470797,ITA
Italy,ITA,PCM-DPC,Confirmed cases,Cori_step,2022-08-24,0.9981170503352901,0.9997017405235005,0.9965323601470797,ITA
Italy,ITA,PCM-DPC,Confirmed cases,Cori_step,2022-08-25,0.9981170503352901,0.9997017405235005,0.9965323601470797,ITA
Italy,ITA,PCM-DPC,Confirmed cases,Cori_step,2022-08-26,0.9981170503352901,0.9997017405235005,0.9965323601470797,ITA
Italy,ITA,PCM-DPC,Confirmed cases,Cori_step,2022-08-27,0.9981170503352901,0.9997017405235005,0.9965323601470797,ITA
Italy,ITA,PCM-DPC,Confirmed cases,Cori_step,2022-08-28,0.9981170503352901,0.9997017405235005,0.9965323601470797,ITA
Italy,ITA,PCM-DPC,Confirmed cases,Cori_step,2022-08-29,0.9981170503352901,0.9997017405235005,0.9965323601470797,ITA
Italy,ITA,PCM-DPC,Confirmed cases,Cori_step,2022-08-30,0.9981170503352901,0.9997017405235005,0.9965323601470797,ITA
Italy,ITA,PCM-DPC,Confirmed cases,Cori_step,2022-08-31,0.9981170503352901,0.9997017405235005,0.9965323601470797,ITA
Italy,ITA,PCM-DPC,Confirmed cases,Cori_step,2022-09-01,1.0209523350749512,1.0268426474886694,1.015062022661233,ITA
Italy,ITA,PCM-DPC,Confirmed cases,Cori_step,2022-09-02,1.0209523350749512,1.0268426474886694,1.015062022661233,ITA
Italy,ITA,PCM-DPC,Confirmed cases,Cori_step,2022-09-03,1.0209523350749512,1.0268426474886694,1.015062022661233,ITA
Italy,ITA,PCM-DPC,Confirmed cases,Cori_step,2022-09-04,1.0209523350749512,1.0268426474886694,1.015062022661233,ITA
Italy,ITA,PCM-DPC,Confirmed cases,Cori_step,2022-09-05,1.0209523350749512,1.0268426474886694,1.015062022661233,ITA
Italy,ITA,PCM-DPC,Confirmed cases,Cori_step,2022-09-06,1.0209523350749512,1.0268426474886694,1.015062022661233,ITA
Italy,ITA,PCM-DPC,Confirmed cases,Cori_step,2022-09-07,1.0209523350749512,1.0268426474886694,1.015062022661233,ITA
Italy,ITA,PCM-DPC,Confirmed cases,Cori_step,2022-09-08,1.0209523350749512,1.0268426474886694,1.015062022661233,ITA
Italy,ITA,PCM-DPC,Confirmed cases,Cori_step,2022-09-09,1.0209523350749512,1.0268426474886694,1.015062022661233,ITA
Italy,ITA,PCM-DPC,Confirmed cases,Cori_step,2022-09-10,1.0209523350749512,1.0268426474886694,1.015062022661233,ITA
Italy,ITA,PCM-DPC,Confirmed cases,Cori_step,2022-09-11,1.0209523350749512,1.0268426474886694,1.015062022661233,ITA
Italy,ITA,PCM-DPC,Confirmed cases,Cori_step,2022-09-12,1.0209523350749512,1.0268426474886694,1.015062022661233,ITA
Italy,ITA,PCM-DPC,Confirmed cases,Cori_step,2022-09-13,1.0209523350749512,1.0268426474886694,1.015062022661233,ITA
Italy,ITA,PCM-DPC,Confirmed cases,Cori_step,2022-09-14,1.0209523350749512,1.0268426474886694,1.015062022661233,ITA
Italy,ITA,PCM-DPC,Confirmed cases,Cori_step,2022-09-15,1.0209523350749512,1.0268426474886694,1.015062022661233,ITA
Italy,ITA,PCM-DPC,Confirmed cases,Cori_step,2022-09-16,1.0209523350749512,1.0268426474886694,1.015062022661233,ITA
Italy,ITA,PCM-DPC,Confirmed cases,Cori_step,2022-09-17,1.0209523350749512,1.0268426474886694,1.015062022661233,ITA
Italy,ITA,PCM-DPC,Confirmed cases,Cori_step,2022-09-18,1.0209523350749512,1.0268426474886694,1.015062022661233,ITA
Italy,ITA,PCM-DPC,Confirmed cases,Cori_step,2022-09-19,1.0209523350749512,1.0268426474886694,1.015062022661233,ITA
Italy,ITA,PCM-DPC,Confirmed cases,Cori_step,2022-09-20,1.0209523350749512,1.0268426474886694,1.015062022661233,ITA
Italy,ITA,PCM-DPC,Confirmed cases,Cori_step,2022-09-21,1.0209523350749512,1.0268426474886694,1.015062022661233,ITA
Italy,ITA,PCM-DPC,Confirmed cases,Cori_step,2022-09-22,1.0209523350749512,1.0268426474886694,1.015062022661233,ITA
Italy,ITA,PCM-DPC,Confirmed cases,Cori_step,2022-09-23,1.0209523350749512,1.0268426474886694,1.015062022661233,ITA
Italy,ITA,PCM-DPC,Confirmed cases,Cori_step,2022-09-24,1.0209523350749512,1.0268426474886694,1.015062022661233,ITA
Italy,ITA,PCM-DPC,Confirmed cases,Cori_step,2022-09-25,1.0209523350749512,1.0268426474886694,1.015062022661233,ITA
Italy,ITA,PCM-DPC,Confirmed cases,Cori_step,2022-09-26,1.0209523350749512,1.0268426474886694,1.015062022661233,ITA
Italy,ITA,PCM-DPC,Confirmed cases,Cori_step,2022-09-27,1.0209523350749512,1.0268426474886694,1.015062022661233,ITA
Italy,ITA,PCM-DPC,Confirmed cases,Cori_step,2022-09-28,1.0209523350749512,1.0268426474886694,1.015062022661233,ITA
Italy,ITA,PCM-DPC,Confirmed cases,Cori_step,2022-09-29,1.0209523350749512,1.0268426474886694,1.015062022661233,ITA
Italy,ITA,PCM-DPC,Confirmed cases,Cori_step,2022-09-30,1.0209523350749512,1.0268426474886694,1.015062022661233,ITA
Italy,ITA,PCM-DPC,Confirmed cases,Cori_step,2022-10-01,1.0209523350749512,1.0268426474886694,1.015062022661233,ITA
Italy,ITA,PCM-DPC,Confirmed cases,Cori_step,2022-10-02,1.0209523350749512,1.0268426474886694,1.015062022661233,ITA
Italy,ITA,PCM-DPC,Confirmed cases,Cori_step,2022-10-03,1.0209523350749512,1.0268426474886694,1.015062022661233,ITA
Italy,ITA,PCM-DPC,Confirmed cases,Cori_step,2022-10-04,1.0209523350749512,1.0268426474886694,1.015062022661233,ITA
Italy,ITA,PCM-DPC,Confirmed cases,Cori_step,2022-10-05,1.0209523350749512,1.0268426474886694,1.015062022661233,ITA
Italy,ITA,PCM-DPC,Confirmed cases,Cori_step,2022-10-06,1.0209523350749512,1.0268426474886694,1.015062022661233,ITA
Italy,ITA,PCM-DPC,Confirmed cases,Cori_step,2022-10-07,1.0209523350749512,1.0268426474886694,1.015062022661233,ITA
Italy,ITA,PCM-DPC,Confirmed cases,Cori_step,2022-10-08,1.0209523350749512,1.0268426474886694,1.015062022661233,ITA
Italy,ITA,PCM-DPC,Confirmed cases,Cori_step,2022-10-09,1.0209523350749512,1.0268426474886694,1.015062022661233,ITA
Italy,ITA,PCM-DPC,Confirmed cases,Cori_step,2022-10-10,1.0209523350749512,1.0268426474886694,1.015062022661233,ITA
Italy,ITA,PCM-DPC,Confirmed cases,Cori_step,2022-10-11,1.0209523350749512,1.0268426474886694,1.015062022661233,ITA
Italy,ITA,PCM-DPC,Confirmed cases,Cori_step,2022-10-12,1.0209523350749512,1.0268426474886694,1.015062022661233,ITA
Italy,ITA,PCM-DPC,Confirmed cases,Cori_step,2022-10-13,1.0209523350749512,1.0268426474886694,1.015062022661233,ITA
Italy,ITA,PCM-DPC,Confirmed cases,Cori_step,2022-10-14,1.0209523350749512,1.0268426474886694,1.015062022661233,ITA
Italy,ITA,PCM-DPC,Confirmed cases,Cori_step,2022-10-15,1.0209523350749512,1.0268426474886694,1.015062022661233,ITA
Italy,ITA,PCM-DPC,Confirmed cases,Cori_step,2022-10-16,1.0209523350749512,1.0268426474886694,1.015062022661233,ITA
Italy,ITA,PCM-DPC,Confirmed cases,Cori_step,2022-10-17,1.0209523350749512,1.0268426474886694,1.015062022661233,ITA
Italy,ITA,PCM-DPC,Confirmed cases,Cori_step,2022-10-18,1.0209523350749512,1.0268426474886694,1.015062022661233,ITA
Italy,ITA,PCM-DPC,Confirmed cases,Cori_step,2022-10-19,1.0209523350749512,1.0268426474886694,1.015062022661233,ITA
Italy,ITA,PCM-DPC,Confirmed cases,Cori_step,2022-10-20,1.0209523350749512,1.0268426474886694,1.015062022661233,ITA
Italy,ITA,PCM-DPC,Confirmed cases,Cori_step,2022-10-21,1.0209523350749512,1.0268426474886694,1.015062022661233,ITA
Italy,ITA,PCM-DPC,Confirmed cases,Cori_step,2022-10-22,1.0209523350749512,1.0268426474886694,1.015062022661233,ITA
Italy,ITA,PCM-DPC,Confirmed cases,Cori_step,2022-10-23,1.0209523350749512,1.0268426474886694,1.015062022661233,ITA
Italy,ITA,PCM-DPC,Confirmed cases,Cori_step,2022-10-24,1.0209523350749512,1.0268426474886694,1.015062022661233,ITA
Italy,ITA,PCM-DPC,Confirmed cases,Cori_step,2022-10-25,1.0209523350749512,1.0268426474886694,1.015062022661233,ITA
Italy,ITA,PCM-DPC,Confirmed cases,Cori_step,2022-10-26,1.0209523350749512,1.0268426474886694,1.015062022661233,ITA
Italy,ITA,PCM-DPC,Confirmed cases,Cori_step,2022-10-27,1.0209523350749512,1.0268426474886694,1.015062022661233,ITA
Italy,ITA,PCM-DPC,Confirmed cases,Cori_step,2022-10-28,1.0209523350749512,1.0268426474886694,1.015062022661233,ITA
Italy,ITA,PCM-DPC,Confirmed cases,Cori_step,2022-10-29,1.0209523350749512,1.0268426474886694,1.015062022661233,ITA
Italy,ITA,PCM-DPC,Confirmed cases,Cori_step,2022-10-30,1.0209523350749512,1.0268426474886694,1.015062022661233,ITA
Italy,ITA,PCM-DPC,Confirmed cases,Cori_step,2022-10-31,1.0209523350749512,1.0268426474886694,1.015062022661233,ITA
Italy,ITA,PCM-DPC,Confirmed cases,Cori_step,2022-11-01,1.0209523350749512,1.0268426474886694,1.015062022661233,ITA
Italy,ITA,PCM-DPC,Confirmed cases,Cori_step,2022-11-02,1.0209523350749512,1.0268426474886694,1.015062022661233,ITA
Italy,ITA,PCM-DPC,Confirmed cases,Cori_step,2022-11-03,1.0209523350749512,1.0268426474886694,1.015062022661233,ITA
Italy,ITA,PCM-DPC,Confirmed cases,Cori_step,2022-11-04,1.0209523350749512,1.0268426474886694,1.015062022661233,ITA
Italy,ITA,PCM-DPC,Confirmed cases,Cori_step,2022-11-05,1.0209523350749512,1.0268426474886694,1.015062022661233,ITA
Italy,ITA,PCM-DPC,Confirmed cases,Cori_step,2022-11-06,1.0209523350749512,1.0268426474886694,1.015062022661233,ITA
Italy,ITA,PCM-DPC,Confirmed cases,Cori_step,2022-11-07,1.0209523350749512,1.0268426474886694,1.015062022661233,ITA
Italy,ITA,PCM-DPC,Confirmed cases,Cori_step,2022-11-08,0.9736721396967003,0.9825453477810218,0.9647989316123788,ITA
Italy,ITA,PCM-DPC,Confirmed cases,Cori_step,2022-11-09,0.9736721396967003,0.9825453477810218,0.9647989316123788,ITA
Italy,ITA,PCM-DPC,Confirmed cases,Cori_step,2022-11-10,0.9736721396967003,0.9825453477810218,0.9647989316123788,ITA
Italy,ITA,PCM-DPC,Confirmed cases,Cori_step,2022-11-11,0.9736721396967003,0.9825453477810218,0.9647989316123788,ITA
Italy,ITA,PCM-DPC,Confirmed cases,Cori_step,2022-11-12,0.9736721396967003,0.9825453477810218,0.9647989316123788,ITA
Italy,ITA,PCM-DPC,Confirmed cases,Cori_step,2022-11-13,0.9736721396967003,0.9825453477810218,0.9647989316123788,ITA
Italy,ITA,PCM-DPC,Confirmed cases,Cori_step,2022-11-14,0.9736721396967003,0.9825453477810218,0.9647989316123788,ITA
Italy,ITA,PCM-DPC,Confirmed cases,Cori_step,2022-11-15,0.9736721396967003,0.9825453477810218,0.9647989316123788,ITA
Italy,ITA,PCM-DPC,Confirmed cases,Cori_step,2022-11-16,0.9736721396967003,0.9825453477810218,0.9647989316123788,ITA
Italy,ITA,PCM-DPC,Confirmed cases,Cori_step,2022-11-17,0.9736721396967003,0.9825453477810218,0.9647989316123788,ITA
Italy,ITA,PCM-DPC,Confirmed cases,Cori_step,2022-11-18,0.9736721396967003,0.9825453477810218,0.9647989316123788,ITA
Italy,ITA,PCM-DPC,Confirmed cases,Cori_step,2022-11-19,0.9736721396967003,0.9825453477810218,0.9647989316123788,ITA
Italy,ITA,PCM-DPC,Confirmed cases,Cori_step,2022-11-20,0.9736721396967003,0.9825453477810218,0.9647989316123788,ITA
Italy,ITA,PCM-DPC,Confirmed cases,Cori_step,2022-11-21,0.9736721396967003,0.9825453477810218,0.9647989316123788,ITA
Italy,ITA,PCM-DPC,Confirmed cases,Cori_step,2022-11-22,0.9736721396967003,0.9825453477810218,0.9647989316123788,ITA
Italy,ITA,PCM-DPC,Confirmed cases,Cori_step,2022-11-23,0.9736721396967003,0.9825453477810218,0.9647989316123788,ITA
Italy,ITA,PCM-DPC,Confirmed cases,Cori_step,2022-11-24,0.9736721396967003,0.9825453477810218,0.9647989316123788,ITA
Italy,ITA,PCM-DPC,Confirmed cases,Cori_step,2022-11-25,0.9736721396967003,0.9825453477810218,0.9647989316123788,ITA
Italy,ITA,PCM-DPC,Confirmed cases,Cori_step,2022-11-26,0.9736721396967003,0.9825453477810218,0.9647989316123788,ITA
Italy,ITA,PCM-DPC,Confirmed cases,Cori_step,2022-11-27,0.9736721396967003,0.9825453477810218,0.9647989316123788,ITA
Italy,ITA,PCM-DPC,Confirmed cases,Cori_step,2022-11-28,0.9736721396967003,0.9825453477810218,0.9647989316123788,ITA
Italy,ITA,PCM-DPC,Confirmed cases,Cori_step,2022-11-29,0.9736721396967003,0.9825453477810218,0.9647989316123788,ITA
Italy,ITA,PCM-DPC,Confirmed cases,Cori_step,2022-11-30,0.9736721396967003,0.9825453477810218,0.9647989316123788,ITA
Italy,ITA,PCM-DPC,Confirmed cases,Cori_step,2022-12-01,0.9736721396967003,0.9825453477810218,0.9647989316123788,ITA
Italy,ITA,PCM-DPC,Confirmed cases,Cori_step,2022-12-02,0.9736721396967003,0.9825453477810218,0.9647989316123788,ITA
Italy,ITA,PCM-DPC,Confirmed cases,Cori_step,2022-12-03,0.9736721396967003,0.9825453477810218,0.9647989316123788,ITA
Italy,ITA,PCM-DPC,Confirmed cases,Cori_step,2022-12-04,0.9736721396967003,0.9825453477810218,0.9647989316123788,ITA
Italy,ITA,PCM-DPC,Confirmed cases,Cori_step,2022-12-05,0.9736721396967003,0.9825453477810218,0.9647989316123788,ITA
Italy,ITA,PCM-DPC,Confirmed cases,Cori_step,2022-12-06,0.9736721396967003,0.9825453477810218,0.9647989316123788,ITA
Italy,ITA,PCM-DPC,Confirmed cases,Cori_step,2022-12-07,0.9736721396967003,0.9825453477810218,0.9647989316123788,ITA
Italy,ITA,PCM-DPC,Confirmed cases,Cori_step,2022-12-08,0.9736721396967003,0.9825453477810218,0.9647989316123788,ITA
Italy,ITA,PCM-DPC,Confirmed cases,Cori_step,2022-12-09,0.9736721396967003,0.9825453477810218,0.9647989316123788,ITA
Italy,ITA,PCM-DPC,Confirmed cases,Cori_step,2022-12-10,0.9736721396967003,0.9825453477810218,0.9647989316123788,ITA
Italy,ITA,PCM-DPC,Confirmed cases,Cori_step,2022-12-11,0.9736721396967003,0.9825453477810218,0.9647989316123788,ITA
Italy,ITA,PCM-DPC,Confirmed cases,Cori_step,2022-12-12,0.9736721396967003,0.9825453477810218,0.9647989316123788,ITA
Italy,ITA,PCM-DPC,Confirmed cases,Cori_step,2022-12-13,0.9736721396967003,0.9825453477810218,0.9647989316123788,ITA
Italy,ITA,PCM-DPC,Confirmed cases,Cori_step,2022-12-14,0.9736721396967003,0.9825453477810218,0.9647989316123788,ITA
Italy,ITA,PCM-DPC,Confirmed cases,Cori_step,2022-12-15,0.9736721396967003,0.9825453477810218,0.9647989316123788,ITA
Italy,ITA,PCM-DPC,Confirmed cases,Cori_step,2022-12-16,0.9736721396967003,0.9825453477810218,0.9647989316123788,ITA
Italy,ITA,PCM-DPC,Confirmed cases,Cori_step,2022-12-17,0.9736721396967003,0.9825453477810218,0.9647989316123788,ITA
Italy,ITA,PCM-DPC,Confirmed cases,Cori_step,2022-12-18,0.9736721396967003,0.9825453477810218,0.9647989316123788,ITA
Italy,ITA,PCM-DPC,Confirmed cases,Cori_step,2022-12-19,0.9736721396967003,0.9825453477810218,0.9647989316123788,ITA
Italy,ITA,PCM-DPC,Confirmed cases,Cori_step,2022-12-20,0.9736721396967003,0.9825453477810218,0.9647989316123788,ITA
Italy,ITA,PCM-DPC,Confirmed cases,Cori_step,2022-12-21,0.9736721396967003,0.9825453477810218,0.9647989316123788,ITA
Italy,ITA,PCM-DPC,Confirmed cases,Cori_step,2022-12-22,0.9736721396967003,0.9825453477810218,0.9647989316123788,ITA
Italy,ITA,PCM-DPC,Confirmed cases,Cori_step,2022-12-23,0.9736721396967003,0.9825453477810218,0.9647989316123788,ITA
Italy,ITA,PCM-DPC,Confirmed cases,Cori_step,2022-12-24,0.9736721396967003,0.9825453477810218,0.9647989316123788,ITA
Italy,ITA,PCM-DPC,Confirmed cases,Cori_step,2022-12-25,0.9736721396967003,0.9825453477810218,0.9647989316123788,ITA
Italy,ITA,PCM-DPC,Confirmed cases,Cori_step,2022-12-26,0.9736721396967003,0.9825453477810218,0.9647989316123788,ITA
Italy,ITA,PCM-DPC,Confirmed cases,Cori_step,2022-12-27,0.9736721396967003,0.9825453477810218,0.9647989316123788,ITA
Italy,ITA,PCM-DPC,Confirmed cases,Cori_step,2022-12-28,0.8872976829151353,0.8961383638386712,0.8784570019915995,ITA
Italy,ITA,PCM-DPC,Confirmed cases,Cori_step,2022-12-29,0.8872976829151353,0.8961383638386712,0.8784570019915995,ITA
Italy,ITA,PCM-DPC,Confirmed cases,Cori_step,2022-12-30,0.8872976829151353,0.8961383638386712,0.8784570019915995,ITA
Italy,ITA,PCM-DPC,Confirmed cases,Cori_step,2022-12-31,0.8872976829151353,0.8961383638386712,0.8784570019915995,ITA
Italy,ITA,PCM-DPC,Confirmed cases,Cori_step,2023-01-01,0.8872976829151353,0.8961383638386712,0.8784570019915995,ITA
Italy,ITA,PCM-DPC,Confirmed cases,Cori_step,2023-01-02,0.8872976829151353,0.8961383638386712,0.8784570019915995,ITA
Italy,ITA,PCM-DPC,Confirmed cases,Cori_step,2023-01-03,0.8872976829151353,0.8961383638386712,0.8784570019915995,ITA
Italy,ITA,PCM-DPC,Confirmed cases,Cori_step,2023-01-04,0.8872976829151353,0.8961383638386712,0.8784570019915995,ITA
Italy,ITA,PCM-DPC,Confirmed cases,Cori_step,2023-01-05,0.8872976829151353,0.8961383638386712,0.8784570019915995,ITA
Italy,ITA,PCM-DPC,Confirmed cases,Cori_step,2023-01-06,0.8872976829151353,0.8961383638386712,0.8784570019915995,ITA
Italy,ITA,PCM-DPC,Confirmed cases,Cori_step,2023-01-07,0.8872976829151353,0.8961383638386712,0.8784570019915995,ITA
Italy,ITA,PCM-DPC,Confirmed cases,Cori_step,2023-01-08,0.8872976829151353,0.8961383638386712,0.8784570019915995,ITA
Italy,ITA,PCM-DPC,Confirmed cases,Cori_step,2023-01-09,0.8872976829151353,0.8961383638386712,0.8784570019915995,ITA
Italy,ITA,PCM-DPC,Confirmed cases,Cori_step,2023-01-10,0.8872976829151353,0.8961383638386712,0.8784570019915995,ITA
Italy,ITA,PCM-DPC,Confirmed cases,Cori_step,2023-01-11,0.8872976829151353,0.8961383638386712,0.8784570019915995,ITA
Italy,ITA,PCM-DPC,Confirmed cases,Cori_step,2023-01-12,0.8872976829151353,0.8961383638386712,0.8784570019915995,ITA
Italy,ITA,PCM-DPC,Confirmed cases,Cori_step,2023-01-13,0.8872976829151353,0.8961383638386712,0.8784570019915995,ITA
Italy,ITA,PCM-DPC,Confirmed cases,Cori_step,2023-01-14,0.8872976829151353,0.8961383638386712,0.8784570019915995,ITA
Italy,ITA,PCM-DPC,Confirmed cases,Cori_step,2023-01-15,0.8872976829151353,0.8961383638386712,0.8784570019915995,ITA
Italy,ITA,PCM-DPC,Confirmed cases,Cori_step,2023-01-16,0.8872976829151353,0.8961383638386712,0.8784570019915995,ITA
Italy,ITA,PCM-DPC,Confirmed cases,Cori_step,2023-01-17,0.8872976829151353,0.8961383638386712,0.8784570019915995,ITA
Italy,ITA,PCM-DPC,Confirmed cases,Cori_step,2023-01-18,0.8872976829151353,0.8961383638386712,0.8784570019915995,ITA
Italy,ITA,PCM-DPC,Confirmed cases,Cori_step,2023-01-19,0.8872976829151353,0.8961383638386712,0.8784570019915995,ITA
Italy,ITA,PCM-DPC,Confirmed cases,Cori_step,2023-01-20,0.8872976829151353,0.8961383638386712,0.8784570019915995,ITA
Italy,ITA,PCM-DPC,Confirmed cases,Cori_step,2023-01-21,0.8872976829151353,0.8961383638386712,0.8784570019915995,ITA
Italy,ITA,PCM-DPC,Confirmed cases,Cori_step,2023-01-22,0.8872976829151353,0.8961383638386712,0.8784570019915995,ITA
Italy,ITA,PCM-DPC,Confirmed cases,Cori_step,2023-01-23,0.8872976829151353,0.8961383638386712,0.8784570019915995,ITA
Italy,ITA,PCM-DPC,Confirmed cases,Cori_step,2023-01-24,0.8872976829151353,0.8961383638386712,0.8784570019915995,ITA
Italy,ITA,PCM-DPC,Confirmed cases,Cori_step,2023-01-25,0.8872976829151353,0.8961383638386712,0.8784570019915995,ITA
Italy,ITA,PCM-DPC,Confirmed cases,Cori_step,2023-01-26,0.8872976829151353,0.8961383638386712,0.8784570019915995,ITA
Italy,ITA,PCM-DPC,Confirmed cases,Cori_step,2023-01-27,0.8872976829151353,0.8961383638386712,0.8784570019915995,ITA
Italy,ITA,PCM-DPC,Confirmed cases,Cori_step,2023-01-28,0.8872976829151353,0.8961383638386712,0.8784570019915995,ITA
Italy,ITA,PCM-DPC,Confirmed cases,Cori_step,2023-01-29,0.8872976829151353,0.8961383638386712,0.8784570019915995,ITA
Italy,ITA,PCM-DPC,Confirmed cases,Cori_step,2023-01-30,0.8872976829151353,0.8961383638386712,0.8784570019915995,ITA
Italy,ITA,PCM-DPC,Confirmed cases,Cori_step,2023-01-31,0.8872976829151353,0.8961383638386712,0.8784570019915995,ITA
Italy,ITA,PCM-DPC,Confirmed cases,Cori_step,2023-02-01,0.8872976829151353,0.8961383638386712,0.8784570019915995,ITA
Italy,ITA,PCM-DPC,Confirmed cases,Cori_step,2023-02-02,0.8872976829151353,0.8961383638386712,0.8784570019915995,ITA
Italy,ITA,PCM-DPC,Confirmed cases,Cori_step,2023-02-03,0.8872976829151353,0.8961383638386712,0.8784570019915995,ITA
Italy,ITA,PCM-DPC,Confirmed cases,Cori_step,2023-02-04,0.8872976829151353,0.8961383638386712,0.8784570019915995,ITA
Italy,ITA,PCM-DPC,Confirmed cases,Cori_step,2023-02-05,0.8872976829151353,0.8961383638386712,0.8784570019915995,ITA
Italy,ITA,PCM-DPC,Confirmed cases,Cori_step,2023-02-06,0.8872976829151353,0.8961383638386712,0.8784570019915995,ITA
Italy,ITA,PCM-DPC,Confirmed cases,Cori_step,2023-02-07,0.8872976829151353,0.8961383638386712,0.8784570019915995,ITA
Italy,ITA,PCM-DPC,Confirmed cases,Cori_step,2023-02-08,0.8872976829151353,0.8961383638386712,0.8784570019915995,ITA
Italy,ITA,PCM-DPC,Confirmed cases,Cori_step,2023-02-09,0.8872976829151353,0.8961383638386712,0.8784570019915995,ITA
Italy,ITA,PCM-DPC,Confirmed cases,Cori_step,2023-02-10,0.8872976829151353,0.8961383638386712,0.8784570019915995,ITA
Italy,ITA,PCM-DPC,Confirmed cases,Cori_step,2023-02-11,0.8872976829151353,0.8961383638386712,0.8784570019915995,ITA
Italy,ITA,PCM-DPC,Confirmed cases,Cori_step,2023-02-12,0.8872976829151353,0.8961383638386712,0.8784570019915995,ITA
Italy,ITA,PCM-DPC,Confirmed cases,Cori_step,2023-02-13,0.8872976829151353,0.8961383638386712,0.8784570019915995,ITA
Italy,ITA,PCM-DPC,Confirmed cases,Cori_step,2023-02-14,0.8872976829151353,0.8961383638386712,0.8784570019915995,ITA
Italy,ITA,PCM-DPC,Confirmed cases,Cori_step,2023-02-15,0.8872976829151353,0.8961383638386712,0.8784570019915995,ITA
Italy,ITA,PCM-DPC,Confirmed cases,Cori_step,2023-02-16,0.8872976829151353,0.8961383638386712,0.8784570019915995,ITA
Italy,ITA,PCM-DPC,Confirmed cases,Cori_step,2023-02-17,0.8872976829151353,0.8961383638386712,0.8784570019915995,ITA
Italy,ITA,PCM-DPC,Confirmed cases,Cori_step,2023-02-18,0.8872976829151353,0.8961383638386712,0.8784570019915995,ITA
Italy,ITA,PCM-DPC,Confirmed cases,Cori_step,2023-02-19,0.8872976829151353,0.8961383638386712,0.8784570019915995,ITA
Italy,ITA,PCM-DPC,Confirmed cases,Cori_step,2023-02-20,0.8872976829151353,0.8961383638386712,0.8784570019915995,ITA
Italy,ITA,PCM-DPC,Confirmed cases,Cori_step,2023-02-21,0.8872976829151353,0.8961383638386712,0.8784570019915995,ITA
Italy,ITA,PCM-DPC,Confirmed cases,Cori_step,2023-02-22,0.8872976829151353,0.8961383638386712,0.8784570019915995,ITA
Italy,ITA,PCM-DPC,Confirmed cases,Cori_step,2023-02-23,0.8872976829151353,0.8961383638386712,0.8784570019915995,ITA
Italy,ITA,PCM-DPC,Confirmed cases,Cori_step,2023-02-24,0.8872976829151353,0.8961383638386712,0.8784570019915995,ITA
Italy,ITA,PCM-DPC,Confirmed cases,Cori_step,2023-02-25,0.8872976829151353,0.8961383638386712,0.8784570019915995,ITA
Italy,ITA,PCM-DPC,Confirmed cases,Cori_step,2023-02-26,0.8872976829151353,0.8961383638386712,0.8784570019915995,ITA
Italy,ITA,PCM-DPC,Confirmed cases,Cori_step,2023-02-27,0.920559025958704,0.9730218963341108,0.8680961555832971,ITA
Italy,ITA,PCM-DPC,Confirmed cases,Cori_step,2023-02-28,0.920559025958704,0.9730218963341108,0.8680961555832971,ITA
Italy,ITA,PCM-DPC,Confirmed cases,Cori_step,2023-03-01,0.920559025958704,0.9730218963341108,0.8680961555832971,ITA
Italy,ITA,PCM-DPC,Confirmed cases,Cori_step,2023-03-02,0.920559025958704,0.9730218963341108,0.8680961555832971,ITA
Italy,ITA,PCM-DPC,Confirmed cases,Cori_step,2023-03-03,0.920559025958704,0.9730218963341108,0.8680961555832971,ITA
Italy,ITA,PCM-DPC,Confirmed cases,Cori_step,2023-03-04,0.920559025958704,0.9730218963341108,0.8680961555832971,ITA
Italy,ITA,PCM-DPC,Confirmed cases,Cori_step,2023-03-05,0.920559025958704,0.9730218963341108,0.8680961555832971,ITA
Italy,ITA,PCM-DPC,Deaths,Cori_slidingWindow,2022-01-01,1.1109003450518038,1.1789724694748254,1.0448254304229223,ITA
Italy,ITA,PCM-DPC,Deaths,Cori_slidingWindow,2022-01-02,1.0945346983475053,1.1608678871204476,1.0301269467954262,ITA
Italy,ITA,PCM-DPC,Deaths,Cori_slidingWindow,2022-01-03,1.0801478259516109,1.1450137006776349,1.017148153984003,ITA
Italy,ITA,PCM-DPC,Deaths,Cori_slidingWindow,2022-01-04,1.0687314971582347,1.1323981064107806,1.0068823370806541,ITA
Italy,ITA,PCM-DPC,Deaths,Cori_slidingWindow,2022-01-05,1.0599407810933377,1.1226245014928853,0.9990338000182755,ITA
Italy,ITA,PCM-DPC,Deaths,Cori_slidingWindow,2022-01-06,1.0516769872492369,1.1134975610089837,0.9915984293484191,ITA
Italy,ITA,PCM-DPC,Deaths,Cori_slidingWindow,2022-01-07,1.0417049917885282,1.1027051546868163,0.982417332647717,ITA
Italy,ITA,PCM-DPC,Deaths,Cori_slidingWindow,2022-01-08,1.030242839583446,1.0904844646209613,0.9716900422307108,ITA
Italy,ITA,PCM-DPC,Deaths,Cori_slidingWindow,2022-01-09,1.0192871681623044,1.078903666083437,0.9613423952942305,ITA
Italy,ITA,PCM-DPC,Deaths,Cori_slidingWindow,2022-01-10,1.0114831900998829,1.070679210314044,0.9539480855515695,ITA
Italy,ITA,PCM-DPC,Deaths,Cori_slidingWindow,2022-01-11,1.0081146214484846,1.0671010531031084,0.9507828852954494,ITA
Italy,ITA,PCM-DPC,Deaths,Cori_slidingWindow,2022-01-12,1.0080262331739962,1.066935172523726,0.9507678448826488,ITA
Italy,ITA,PCM-DPC,Deaths,Cori_slidingWindow,2022-01-13,1.0084534591864909,1.067301140907344,0.9512522659488098,ITA
Italy,ITA,PCM-DPC,Deaths,Cori_slidingWindow,2022-01-14,1.0062726150325887,1.0649768914592026,0.9492103756066489,ITA
Italy,ITA,PCM-DPC,Deaths,Cori_slidingWindow,2022-01-15,0.999935983678215,1.0583938345989126,0.9431166365661755,ITA
Italy,ITA,PCM-DPC,Deaths,Cori_slidingWindow,2022-01-16,0.9908527674393536,1.0490427222273428,0.9343010117791298,ITA
Italy,ITA,PCM-DPC,Deaths,Cori_slidingWindow,2022-01-17,0.9827881352088175,1.0435425125681144,0.9220337578495207,ITA
Italy,ITA,PCM-DPC,Deaths,Cori_slidingWindow,2022-01-18,0.9784726510264956,1.0409252269480784,0.9160200751049127,ITA
Italy,ITA,PCM-DPC,Deaths,Cori_slidingWindow,2022-01-19,0.9763568746852787,1.0362696278972163,0.916444121473341,ITA
Italy,ITA,PCM-DPC,Deaths,Cori_slidingWindow,2022-01-20,0.9727374489872901,1.0311032956133603,0.9160494086929483,ITA
Italy,ITA,PCM-DPC,Deaths,Cori_slidingWindow,2022-01-21,0.9647381448298628,1.0231358919308735,0.9080335441043481,ITA
Italy,ITA,PCM-DPC,Deaths,Cori_slidingWindow,2022-01-22,0.9537514746200034,1.0121636648957504,0.8970522096633798,ITA
Italy,ITA,PCM-DPC,Deaths,Cori_slidingWindow,2022-01-23,0.9431960753363371,1.001742101228734,0.8863894160840888,ITA
Italy,ITA,PCM-DPC,Deaths,Cori_slidingWindow,2022-01-24,0.9359597355231479,0.9948503173794202,0.8788419559785597,ITA
Italy,ITA,PCM-DPC,Deaths,Cori_slidingWindow,2022-01-25,0.9325503630830307,0.9919858139307391,0.8749265822104277,ITA
Italy,ITA,PCM-DPC,Deaths,Cori_slidingWindow,2022-01-26,0.9307004367827679,0.9907735633054,0.8724810377798489,ITA
Italy,ITA,PCM-DPC,Deaths,Cori_slidingWindow,2022-01-27,0.9283856937315588,0.9891060937945372,0.8695631439536472,ITA
Italy,ITA,PCM-DPC,Deaths,Cori_slidingWindow,2022-01-28,0.9247599137873652,0.9861131903449525,0.8653509978569429,ITA
Italy,ITA,PCM-DPC,Deaths,Cori_slidingWindow,2022-01-29,0.9205299752996922,0.9825390684480544,0.8605152116472828,ITA
Italy,ITA,PCM-DPC,Deaths,Cori_slidingWindow,2022-01-30,0.9171069857713848,0.9798517942943765,0.8564107259281905,ITA
Italy,ITA,PCM-DPC,Deaths,Cori_slidingWindow,2022-01-31,0.9152674531553009,0.9788504515545888,0.8537912946695269,ITA
Italy,ITA,PCM-DPC,Deaths,Cori_slidingWindow,2022-02-01,0.9152861540142171,0.9798055614942547,0.8529350238317492,ITA
Italy,ITA,PCM-DPC,Deaths,Cori_slidingWindow,2022-02-02,0.9165956010428497,0.982111747270892,0.8533110249495418,ITA
Italy,ITA,PCM-DPC,Deaths,Cori_slidingWindow,2022-02-03,0.9178224358681696,0.9843322920278385,0.853608229792621,ITA
Italy,ITA,PCM-DPC,Deaths,Cori_slidingWindow,2022-02-04,0.9174223368000716,0.9848656087496561,0.8523394816346223,ITA
Italy,ITA,PCM-DPC,Deaths,Cori_slidingWindow,2022-02-05,0.9143640845271276,0.9826580524648161,0.848497225253239,ITA
Italy,ITA,PCM-DPC,Deaths,Cori_slidingWindow,2022-02-06,0.9097879784820608,0.9789205800203649,0.8431534668516558,ITA
Italy,ITA,PCM-DPC,Deaths,Cori_slidingWindow,2022-02-07,0.9062134495209977,0.9762892532677951,0.8387128905246525,ITA
Italy,ITA,PCM-DPC,Deaths,Cori_slidingWindow,2022-02-08,0.9057803267154272,0.9769822003941622,0.8372368240169377,ITA
Italy,ITA,PCM-DPC,Deaths,Cori_slidingWindow,2022-02-09,0.9087693705597755,0.9812605288197307,0.839023192077947,ITA
Italy,ITA,PCM-DPC,Deaths,Cori_slidingWindow,2022-02-10,0.9123354165957688,0.9861257779997634,0.8413767369052549,ITA
Italy,ITA,PCM-DPC,Deaths,Cori_slidingWindow,2022-02-11,0.913353465154967,0.988312515201957,0.8413116449613717,ITA
Italy,ITA,PCM-DPC,Deaths,Cori_slidingWindow,2022-02-12,0.9105217886883823,0.9864905596031981,0.8375567981847611,ITA
Italy,ITA,PCM-DPC,Deaths,Cori_slidingWindow,2022-02-13,0.9055767261207994,0.9825141999388288,0.831734774701868,ITA
Italy,ITA,PCM-DPC,Deaths,Cori_slidingWindow,2022-02-14,0.9020171577701696,0.9800626501059926,0.8271672620923178,ITA
Italy,ITA,PCM-DPC,Deaths,Cori_slidingWindow,2022-02-15,0.901129834181096,0.9804708649496691,0.8250923137799577,ITA
Italy,ITA,PCM-DPC,Deaths,Cori_slidingWindow,2022-02-16,0.9014571785032786,0.9821862664218608,0.8241445949029073,ITA
Italy,ITA,PCM-DPC,Deaths,Cori_slidingWindow,2022-02-17,0.9006586077803507,0.9827445883821622,0.8221055096849856,ITA
Italy,ITA,PCM-DPC,Deaths,Cori_slidingWindow,2022-02-18,0.8985427100460375,0.9819561199515335,0.8187831291564248,ITA
Italy,ITA,PCM-DPC,Deaths,Cori_slidingWindow,2022-02-19,0.8968321524717182,0.9816433647290143,0.8158024577132283,ITA
Italy,ITA,PCM-DPC,Deaths,Cori_slidingWindow,2022-02-20,0.8972187817556335,0.9835792046828379,0.8147745850359651,ITA
Italy,ITA,PCM-DPC,Deaths,Cori_slidingWindow,2022-02-21,0.9001747291313191,0.9882344504249116,0.8161705909165254,ITA
Italy,ITA,PCM-DPC,Deaths,Cori_slidingWindow,2022-02-22,0.9058883593526466,0.9957702625738174,0.8202023030806711,ITA
Italy,ITA,PCM-DPC,Deaths,Cori_slidingWindow,2022-02-23,0.914137866387183,1.0059118094871664,0.8266964866748909,ITA
Italy,ITA,PCM-DPC,Deaths,Cori_slidingWindow,2022-02-24,0.9241991223326659,1.0178553839234228,0.8350039372187141,ITA
Italy,ITA,PCM-DPC,Deaths,Cori_slidingWindow,2022-02-25,0.9352463789565988,1.0306973106485864,0.8443728962221168,ITA
Italy,ITA,PCM-DPC,Deaths,Cori_slidingWindow,2022-02-26,0.9469508753836902,1.0440673067180242,0.8545134019996163,ITA
Italy,ITA,PCM-DPC,Deaths,Cori_slidingWindow,2022-02-27,0.95951737876689,1.0581617490398707,0.8656365922387053,ITA
Italy,ITA,PCM-DPC,Deaths,Cori_slidingWindow,2022-02-28,0.9735051264248947,1.0735464652249833,0.8782929421123136,ITA
Italy,ITA,PCM-DPC,Deaths,Cori_slidingWindow,2022-03-01,0.9882346491858607,1.0894765938221023,0.8918654493554715,ITA
Italy,ITA,PCM-DPC,Deaths,Cori_slidingWindow,2022-03-02,1.0016967484556256,1.1038199896240175,0.9044659268128813,ITA
Italy,ITA,PCM-DPC,Deaths,Cori_slidingWindow,2022-03-03,1.012098332126878,1.1147088989203717,0.9143774845997608,ITA
Italy,ITA,PCM-DPC,Deaths,Cori_slidingWindow,2022-03-04,1.0178099252293609,1.12048623672128,0.9200032420190194,ITA
Italy,ITA,PCM-DPC,Deaths,Cori_slidingWindow,2022-03-05,1.018621350230028,1.1210158554826646,0.9210667069006291,ITA
Italy,ITA,PCM-DPC,Deaths,Cori_slidingWindow,2022-03-06,1.0161324104740392,1.1180666321853352,0.9190068366771879,ITA
Italy,ITA,PCM-DPC,Deaths,Cori_slidingWindow,2022-03-07,1.0143532859816655,1.115907779349583,0.9175804833527723,ITA
Italy,ITA,PCM-DPC,Deaths,Cori_slidingWindow,2022-03-08,1.0170281709791458,1.1184610068196157,0.9203538586496924,ITA
Italy,ITA,PCM-DPC,Deaths,Cori_slidingWindow,2022-03-09,1.0235845855103436,1.1250497513500752,0.926851784805723,ITA
Italy,ITA,PCM-DPC,Deaths,Cori_slidingWindow,2022-03-10,1.0301619559772135,1.131549734308951,0.9334706709769434,ITA
Italy,ITA,PCM-DPC,Deaths,Cori_slidingWindow,2022-03-11,1.0317625732595077,1.1327148180912616,0.9354605524691885,ITA
Italy,ITA,PCM-DPC,Deaths,Cori_slidingWindow,2022-03-12,1.0269640192480707,1.12713775613777,0.9313910863883668,ITA
Italy,ITA,PCM-DPC,Deaths,Cori_slidingWindow,2022-03-13,1.0189280155552767,1.1182459676896197,0.9241684083907823,ITA
Italy,ITA,PCM-DPC,Deaths,Cori_slidingWindow,2022-03-14,1.0125471794484437,1.111228690736308,0.91839416767935,ITA
Italy,ITA,PCM-DPC,Deaths,Cori_slidingWindow,2022-03-15,1.0117558488979408,1.1101859182351472,0.9178351089904554,ITA
Italy,ITA,PCM-DPC,Deaths,Cori_slidingWindow,2022-03-16,1.0149620848313825,1.1133570009142841,0.9210597432718329,ITA
Italy,ITA,PCM-DPC,Deaths,Cori_slidingWindow,2022-03-17,1.016878179469518,1.1151251611582018,0.9231025024484645,ITA
Italy,ITA,PCM-DPC,Deaths,Cori_slidingWindow,2022-03-18,1.0126769970153375,1.1104462813144675,0.9193541556453054,ITA
Italy,ITA,PCM-DPC,Deaths,Cori_slidingWindow,2022-03-19,1.0031055852185842,1.1002003391959447,0.9104374734590979,ITA
Italy,ITA,PCM-DPC,Deaths,Cori_slidingWindow,2022-03-20,0.9934523181290453,1.0900216959298556,0.9013035267267314,ITA
Italy,ITA,PCM-DPC,Deaths,Cori_slidingWindow,2022-03-21,0.9871902210945633,1.0835615289900558,0.8952484711871428,ITA
Italy,ITA,PCM-DPC,Deaths,Cori_slidingWindow,2022-03-22,0.9843757446128389,1.0808260138565968,0.8923742523053512,ITA
Italy,ITA,PCM-DPC,Deaths,Cori_slidingWindow,2022-03-23,0.9821965627758961,1.0788071298825952,0.8900587004113762,ITA
Italy,ITA,PCM-DPC,Deaths,Cori_slidingWindow,2022-03-24,0.9786225254726073,1.0753585931884233,0.886386169100959,ITA
Italy,ITA,PCM-DPC,Deaths,Cori_slidingWindow,2022-03-25,0.9733425005041006,1.070175036277488,0.8810418027188858,ITA
Italy,ITA,PCM-DPC,Deaths,Cori_slidingWindow,2022-03-26,0.967882291132018,1.064886598117517,0.875450034894501,ITA
Italy,ITA,PCM-DPC,Deaths,Cori_slidingWindow,2022-03-27,0.9663359765576491,1.0637975327066063,0.8734957295216591,ITA
Italy,ITA,PCM-DPC,Deaths,Cori_slidingWindow,2022-03-28,0.9722143815157521,1.0705389834702563,0.878564267029353,ITA
Italy,ITA,PCM-DPC,Deaths,Cori_slidingWindow,2022-03-29,0.9857401802009936,1.085222956259548,0.8909774581574434,ITA
Italy,ITA,PCM-DPC,Deaths,Cori_slidingWindow,2022-03-30,1.002601040000496,1.103182117503817,0.9067649692757005,ITA
Italy,ITA,PCM-DPC,Deaths,Cori_slidingWindow,2022-03-31,1.015216385098646,1.116388285521638,0.9187871761833407,ITA
Italy,ITA,PCM-DPC,Deaths,Cori_slidingWindow,2022-04-01,1.0197673643343323,1.1208992115167502,0.923354344417167,ITA
Italy,ITA,PCM-DPC,Deaths,Cori_slidingWindow,2022-04-02,1.0184192203113334,1.1191320743767001,0.9223929663138785,ITA
Italy,ITA,PCM-DPC,Deaths,Cori_slidingWindow,2022-04-03,1.016342305206063,1.116623083762027,0.9207179681897077,ITA
Italy,ITA,PCM-DPC,Deaths,Cori_slidingWindow,2022-04-04,1.01585262478551,1.1158232286483412,0.9205124757575706,ITA
Italy,ITA,PCM-DPC,Deaths,Cori_slidingWindow,2022-04-05,1.0156761512773074,1.1153682777318663,0.9205900576713503,ITA
Italy,ITA,PCM-DPC,Deaths,Cori_slidingWindow,2022-04-06,1.0145469809394227,1.113919004950954,0.9197569821166234,ITA
Italy,ITA,PCM-DPC,Deaths,Cori_slidingWindow,2022-04-07,1.0128816786899102,1.1119258599913808,0.9183971604665659,ITA
Italy,ITA,PCM-DPC,Deaths,Cori_slidingWindow,2022-04-08,1.0103761012265968,1.1090815251251396,0.9162106251660062,ITA
Italy,ITA,PCM-DPC,Deaths,Cori_slidingWindow,2022-04-09,1.0060867628639114,1.1044101069601844,0.9122874174809861,ITA
Italy,ITA,PCM-DPC,Deaths,Cori_slidingWindow,2022-04-10,0.9989308978575647,1.0968044620274005,0.9055716352654788,ITA
Italy,ITA,PCM-DPC,Deaths,Cori_slidingWindow,2022-04-11,0.9896856872967796,1.087123772652983,0.8967626399884564,ITA
Italy,ITA,PCM-DPC,Deaths,Cori_slidingWindow,2022-04-12,0.9808376770791758,1.0780107449239609,0.8881943542517095,ITA
Italy,ITA,PCM-DPC,Deaths,Cori_slidingWindow,2022-04-13,0.974699515009946,1.0718889542365437,0.8820685539706338,ITA
Italy,ITA,PCM-DPC,Deaths,Cori_slidingWindow,2022-04-14,0.9719459155396204,1.069425701384846,0.879063661355052,ITA
Italy,ITA,PCM-DPC,Deaths,Cori_slidingWindow,2022-04-15,0.9705189768300646,1.068406121670993,0.8772734887477727,ITA
Italy,ITA,PCM-DPC,Deaths,Cori_slidingWindow,2022-04-16,0.9678945816102088,1.0661532361442034,0.8743241646067793,ITA
Italy,ITA,PCM-DPC,Deaths,Cori_slidingWindow,2022-04-17,0.962616144597145,1.0611534921240762,0.8688176995738505,ITA
Italy,ITA,PCM-DPC,Deaths,Cori_slidingWindow,2022-04-18,0.9566196766132227,1.055483508266484,0.8625539644029444,ITA
Italy,ITA,PCM-DPC,Deaths,Cori_slidingWindow,2022-04-19,0.9530553323216169,1.0524741268252529,0.8585046838334037,ITA
Italy,ITA,PCM-DPC,Deaths,Cori_slidingWindow,2022-04-20,0.9524670746207474,1.0526659167951977,0.8572141439269957,ITA
Italy,ITA,PCM-DPC,Deaths,Cori_slidingWindow,2022-04-21,0.9518977599405803,1.052898242446328,0.8559235905035202,ITA
Italy,ITA,PCM-DPC,Deaths,Cori_slidingWindow,2022-04-22,0.948684038549356,1.0503594418876665,0.8521171276643066,ITA
Italy,ITA,PCM-DPC,Deaths,Cori_slidingWindow,2022-04-23,0.9441846888387422,1.046520649152784,0.8470456305828395,ITA
Italy,ITA,PCM-DPC,Deaths,Cori_slidingWindow,2022-04-24,0.94182600078252,1.0450215499565683,0.8439254272679773,ITA
Italy,ITA,PCM-DPC,Deaths,Cori_slidingWindow,2022-04-25,0.9446897864442584,1.0490846297031455,0.8456949945923693,ITA
Italy,ITA,PCM-DPC,Deaths,Cori_slidingWindow,2022-04-26,0.9516592747213733,1.0574475305638331,0.8513739514579988,ITA
Italy,ITA,PCM-DPC,Deaths,Cori_slidingWindow,2022-04-27,0.9586621817270106,1.0657328183027213,0.8571861966191683,ITA
Italy,ITA,PCM-DPC,Deaths,Cori_slidingWindow,2022-04-28,0.9616790028654326,1.069686160694081,0.8593453417607723,ITA
Italy,ITA,PCM-DPC,Deaths,Cori_slidingWindow,2022-04-29,0.9593432085995407,1.067929895496765,0.8565027571203455,ITA
Italy,ITA,PCM-DPC,Deaths,Cori_slidingWindow,2022-04-30,0.9541937356734701,1.0632419440690677,0.8509691184886298,ITA
Italy,ITA,PCM-DPC,Deaths,Cori_slidingWindow,2022-05-01,0.9493175775409285,1.058943638248436,0.8456040421830797,ITA
Italy,ITA,PCM-DPC,Deaths,Cori_slidingWindow,2022-05-02,0.9467328237841739,1.057170206945453,0.8423090198564048,ITA
Italy,ITA,PCM-DPC,Deaths,Cori_slidingWindow,2022-05-03,0.9466873966625097,1.0581457583012686,0.8413516322467273,ITA
Italy,ITA,PCM-DPC,Deaths,Cori_slidingWindow,2022-05-04,0.9475638967637047,1.0601111825850946,0.8412507421762874,ITA
Italy,ITA,PCM-DPC,Deaths,Cori_slidingWindow,2022-05-05,0.9471951463000365,1.060749963271541,0.8399858911779239,ITA
Italy,ITA,PCM-DPC,Deaths,Cori_slidingWindow,2022-05-06,0.9427948448859472,1.0571301343555528,0.8349186570362496,ITA
Italy,ITA,PCM-DPC,Deaths,Cori_slidingWindow,2022-05-07,0.9324852308173864,1.0473308027996717,0.8242230355558332,ITA
Italy,ITA,PCM-DPC,Deaths,Cori_slidingWindow,2022-05-08,0.9173632798460204,1.0326211281171744,0.8088380064873075,ITA
Italy,ITA,PCM-DPC,Deaths,Cori_slidingWindow,2022-05-09,0.9007924754236378,1.0166669370531032,0.7918387574858456,ITA
Italy,ITA,PCM-DPC,Deaths,Cori_slidingWindow,2022-05-10,0.8870780446764207,1.0040891195401522,0.7772228511671032,ITA
Italy,ITA,PCM-DPC,Deaths,Cori_slidingWindow,2022-05-11,0.8790807459629306,0.9979083668992255,0.7676892773620051,ITA
Italy,ITA,PCM-DPC,Deaths,Cori_slidingWindow,2022-05-12,0.876522574181902,0.9977451115938393,0.7630508168096296,ITA
Italy,ITA,PCM-DPC,Deaths,Cori_slidingWindow,2022-05-13,0.8760706987179329,0.9999441191836174,0.7602838693358982,ITA
Italy,ITA,PCM-DPC,Deaths,Cori_slidingWindow,2022-05-14,0.8723574119467152,0.998715364164179,0.754436686392551,ITA
Italy,ITA,PCM-DPC,Deaths,Cori_slidingWindow,2022-05-15,0.8652356368726919,0.9939504713409516,0.745332617762119,ITA
Italy,ITA,PCM-DPC,Deaths,Cori_slidingWindow,2022-05-16,0.8616757480173987,0.9932144039711678,0.7393620818511636,ITA
Italy,ITA,PCM-DPC,Deaths,Cori_slidingWindow,2022-05-17,0.8708259188623414,1.0063169452204597,0.745007339619533,ITA
Italy,ITA,PCM-DPC,Deaths,Cori_slidingWindow,2022-05-18,0.8930307563606898,1.033387471890546,0.7627886155744709,ITA
Italy,ITA,PCM-DPC,Deaths,Cori_slidingWindow,2022-05-19,0.9181340507777334,1.0631421475494998,0.7836233281373898,ITA
Italy,ITA,PCM-DPC,Deaths,Cori_slidingWindow,2022-05-20,0.9376348771355627,1.0862657512008758,0.7998003579766284,ITA
Italy,ITA,PCM-DPC,Deaths,Cori_slidingWindow,2022-05-21,0.9513558694705829,1.1026622747435624,0.8110741208654749,ITA
Italy,ITA,PCM-DPC,Deaths,Cori_slidingWindow,2022-05-22,0.964003697570135,1.11755127366625,0.8216596723640484,ITA
Italy,ITA,PCM-DPC,Deaths,Cori_slidingWindow,2022-05-23,0.9756564172578087,1.1310549522845477,0.8315961414824926,ITA
Italy,ITA,PCM-DPC,Deaths,Cori_slidingWindow,2022-05-24,0.9832899519666946,1.139925328609292,0.8380845040976428,ITA
Italy,ITA,PCM-DPC,Deaths,Cori_slidingWindow,2022-05-25,0.9836713038777177,1.1407719963561351,0.8380620381218978,ITA
Italy,ITA,PCM-DPC,Deaths,Cori_slidingWindow,2022-05-26,0.9771740983492891,1.1341835632294806,0.8317141735124188,ITA
Italy,ITA,PCM-DPC,Deaths,Cori_slidingWindow,2022-05-27,0.96703509811821,1.1238377004043074,0.8218649660997748,ITA
Italy,ITA,PCM-DPC,Deaths,Cori_slidingWindow,2022-05-28,0.9570053122059266,1.113887080777777,0.811880709320419,ITA
Italy,ITA,PCM-DPC,Deaths,Cori_slidingWindow,2022-05-29,0.9493852804832955,1.1068228228277373,0.8038735672312435,ITA
Italy,ITA,PCM-DPC,Deaths,Cori_slidingWindow,2022-05-30,0.9458875768794116,1.1044382755933875,0.7994672764062433,ITA
Italy,ITA,PCM-DPC,Deaths,Cori_slidingWindow,2022-05-31,0.948796159012102,1.1091013418358646,0.8008461810968481,ITA
Italy,ITA,PCM-DPC,Deaths,Cori_slidingWindow,2022-06-01,0.9591260412718549,1.1217441254542826,0.8090821116326828,ITA
Italy,ITA,PCM-DPC,Deaths,Cori_slidingWindow,2022-06-02,0.9735053679788072,1.1385030806453889,0.8212616293765121,ITA
Italy,ITA,PCM-DPC,Deaths,Cori_slidingWindow,2022-06-03,0.986914468356265,1.153801394064282,0.8329001341838194,ITA
Italy,ITA,PCM-DPC,Deaths,Cori_slidingWindow,2022-06-04,0.9976054442654105,1.1657534200922877,0.8423883502130405,ITA
Italy,ITA,PCM-DPC,Deaths,Cori_slidingWindow,2022-06-05,1.0081406966237958,1.177210181112966,0.8520123349571422,ITA
Italy,ITA,PCM-DPC,Deaths,Cori_slidingWindow,2022-06-06,1.0218062185731809,1.191739817871599,0.8647793125476669,ITA
Italy,ITA,PCM-DPC,Deaths,Cori_slidingWindow,2022-06-07,1.0380225846796869,1.2086253536491034,0.8802359675591234,ITA
Italy,ITA,PCM-DPC,Deaths,Cori_slidingWindow,2022-06-08,1.0535255201034628,1.2242540085783622,0.8954558211550165,ITA
Italy,ITA,PCM-DPC,Deaths,Cori_slidingWindow,2022-06-09,1.0645137793977575,1.2345448675699724,0.906921240700349,ITA
Italy,ITA,PCM-DPC,Deaths,Cori_slidingWindow,2022-06-10,1.0701829479066047,1.238776726795725,0.913765124350561,ITA
Italy,ITA,PCM-DPC,Deaths,Cori_slidingWindow,2022-06-11,1.0729892583219272,1.2397721268689865,0.9181018936282326,ITA
Italy,ITA,PCM-DPC,Deaths,Cori_slidingWindow,2022-06-12,1.076426705658919,1.2413901691512732,0.9230745423269503,ITA
Italy,ITA,PCM-DPC,Deaths,Cori_slidingWindow,2022-06-13,1.083035418202371,1.246348376474362,0.9310452984044724,ITA
Italy,ITA,PCM-DPC,Deaths,Cori_slidingWindow,2022-06-14,1.093323216142925,1.25509839312902,0.9425677290935661,ITA
Italy,ITA,PCM-DPC,Deaths,Cori_slidingWindow,2022-06-15,1.1059372997791976,1.2660802606283017,0.9564844579381789,ITA
Italy,ITA,PCM-DPC,Deaths,Cori_slidingWindow,2022-06-16,1.1180377179372645,1.2761904587967934,0.9702134013838263,ITA
Italy,ITA,PCM-DPC,Deaths,Cori_slidingWindow,2022-06-17,1.127676032844294,1.283372238357133,0.9819191738519983,ITA
Italy,ITA,PCM-DPC,Deaths,Cori_slidingWindow,2022-06-18,1.135699206467308,1.2886169286176288,0.9923159368642426,ITA
Italy,ITA,PCM-DPC,Deaths,Cori_slidingWindow,2022-06-19,1.1440119745270825,1.294019454498503,1.0031270618077965,ITA
Italy,ITA,PCM-DPC,Deaths,Cori_slidingWindow,2022-06-20,1.1535477665338278,1.3005797319994228,1.0152217720361005,ITA
Italy,ITA,PCM-DPC,Deaths,Cori_slidingWindow,2022-06-21,1.1608475822914095,1.3046074553767966,1.0253715259498055,ITA
Italy,ITA,PCM-DPC,Deaths,Cori_slidingWindow,2022-06-22,1.1621766757902736,1.3022130637436276,1.030003310618108,ITA
Italy,ITA,PCM-DPC,Deaths,Cori_slidingWindow,2022-06-23,1.1575192475860683,1.2935454323181221,1.0289519944487753,ITA
Italy,ITA,PCM-DPC,Deaths,Cori_slidingWindow,2022-06-24,1.1504038255100744,1.2824902272549235,1.0254026206890718,ITA
Italy,ITA,PCM-DPC,Deaths,Cori_slidingWindow,2022-06-25,1.1438656023469407,1.2723088783270529,1.0221680410080862,ITA
Italy,ITA,PCM-DPC,Deaths,Cori_slidingWindow,2022-06-26,1.1379723816107923,1.263047262516376,1.0193340695000743,ITA
Italy,ITA,PCM-DPC,Deaths,Cori_slidingWindow,2022-06-27,1.1320810176276859,1.2539952524025602,1.016320148297006,ITA
Italy,ITA,PCM-DPC,Deaths,Cori_slidingWindow,2022-06-28,1.1258126511550162,1.2447404617069906,1.0127785060955115,ITA
Italy,ITA,PCM-DPC,Deaths,Cori_slidingWindow,2022-06-29,1.1183750134577237,1.234447733576261,1.0079584538433042,ITA
Italy,ITA,PCM-DPC,Deaths,Cori_slidingWindow,2022-06-30,1.1090614160551526,1.2223880164952317,1.0011757453914307,ITA
Italy,ITA,PCM-DPC,Deaths,Cori_slidingWindow,2022-07-01,1.0988020963881944,1.209564043435586,0.9932894191341042,ITA
Italy,ITA,PCM-DPC,Deaths,Cori_slidingWindow,2022-07-02,1.0903347971278972,1.1988566880258311,0.9868940694680874,ITA
Italy,ITA,PCM-DPC,Deaths,Cori_slidingWindow,2022-07-03,1.086251014623826,1.1929410951041814,0.9844934168268,ITA
Italy,ITA,PCM-DPC,Deaths,Cori_slidingWindow,2022-07-04,1.0878347834149749,1.1930717307432828,0.9873931146045987,ITA
Italy,ITA,PCM-DPC,Deaths,Cori_slidingWindow,2022-07-05,1.0929117104800923,1.1968587870788419,0.9936248131092617,ITA
Italy,ITA,PCM-DPC,Deaths,Cori_slidingWindow,2022-07-06,1.097252980085347,1.1998054887775207,0.9992219003198122,ITA
Italy,ITA,PCM-DPC,Deaths,Cori_slidingWindow,2022-07-07,1.0973276411853683,1.1982319224418736,1.0008033421620217,ITA
Italy,ITA,PCM-DPC,Deaths,Cori_slidingWindow,2022-07-08,1.0921333170262193,1.1911711261292621,0.9973374888619426,ITA
Italy,ITA,PCM-DPC,Deaths,Cori_slidingWindow,2022-07-09,1.0821715321249774,1.1792435418380953,0.9892141414120772,ITA
Italy,ITA,PCM-DPC,Deaths,Cori_slidingWindow,2022-07-10,1.0682129153564417,1.1633333166419528,0.977096177937957,ITA
Italy,ITA,PCM-DPC,Deaths,Cori_slidingWindow,2022-07-11,1.0521122467622006,1.1454339560447733,0.9627038135302012,ITA
Italy,ITA,PCM-DPC,Deaths,Cori_slidingWindow,2022-07-12,1.0369204494756916,1.128754499380354,0.9489316635282161,ITA
Italy,ITA,PCM-DPC,Deaths,Cori_slidingWindow,2022-07-13,1.0258855835152467,1.1166634520970629,0.9389055883069641,ITA
Italy,ITA,PCM-DPC,Deaths,Cori_slidingWindow,2022-07-14,1.0178808341386685,1.1079173526238708,0.9316098478102324,ITA
Italy,ITA,PCM-DPC,Deaths,Cori_slidingWindow,2022-07-15,1.0068087325005552,1.0960970962307464,0.9212639124514956,ITA
Italy,ITA,PCM-DPC,Deaths,Cori_slidingWindow,2022-07-16,0.9879065524146741,1.0762611988250677,0.9032864136211309,ITA
Italy,ITA,PCM-DPC,Deaths,Cori_slidingWindow,2022-07-17,0.9645427691399272,1.0520287513502655,0.8808047384851194,ITA
Italy,ITA,PCM-DPC,Deaths,Cori_slidingWindow,2022-07-18,0.9446543744713675,1.0317620352409997,0.8613379273481676,ITA
Italy,ITA,PCM-DPC,Deaths,Cori_slidingWindow,2022-07-19,0.9344402609274833,1.021912097133195,0.8508307237655696,ITA
Italy,ITA,PCM-DPC,Deaths,Cori_slidingWindow,2022-07-20,0.9323782879928576,1.0207656009953496,0.8479411179482059,ITA
Italy,ITA,PCM-DPC,Deaths,Cori_slidingWindow,2022-07-21,0.9330097537948815,1.0224857756807708,0.8475770107381916,ITA
Italy,ITA,PCM-DPC,Deaths,Cori_slidingWindow,2022-07-22,0.9304806656396799,1.0208908090242022,0.8442074991379157,ITA
Italy,ITA,PCM-DPC,Deaths,Cori_slidingWindow,2022-07-23,0.9217314633953562,1.0128110514960393,0.8348870150890915,ITA
Italy,ITA,PCM-DPC,Deaths,Cori_slidingWindow,2022-07-24,0.9097220549261726,1.0014404083078434,0.8223511804605962,ITA
Italy,ITA,PCM-DPC,Deaths,Cori_slidingWindow,2022-07-25,0.8992787773274765,0.9919086063277165,0.8111303135429087,ITA
Italy,ITA,PCM-DPC,Deaths,Cori_slidingWindow,2022-07-26,0.8937688387251622,0.9877505171630052,0.804424205884009,ITA
Italy,ITA,PCM-DPC,Deaths,Cori_slidingWindow,2022-07-27,0.8927072824091957,0.988397065549939,0.8018259103698386,ITA
Italy,ITA,PCM-DPC,Deaths,Cori_slidingWindow,2022-07-28,0.8939506268480564,0.9915246139663553,0.8013649070627621,ITA
Italy,ITA,PCM-DPC,Deaths,Cori_slidingWindow,2022-07-29,0.8969246491771614,0.996488914680356,0.802532666503481,ITA
Italy,ITA,PCM-DPC,Deaths,Cori_slidingWindow,2022-07-30,0.9007945972070408,1.0023832883805681,0.8045632524871902,ITA
Italy,ITA,PCM-DPC,Deaths,Cori_slidingWindow,2022-07-31,0.9038436029149813,1.0073774192748497,0.8058510617333337,ITA
Italy,ITA,PCM-DPC,Deaths,Cori_slidingWindow,2022-08-01,0.9057929215126533,1.0111840370702883,0.8061266754305154,ITA
Italy,ITA,PCM-DPC,Deaths,Cori_slidingWindow,2022-08-02,0.9092150502845614,1.0165419051788032,0.8077984625460135,ITA
Italy,ITA,PCM-DPC,Deaths,Cori_slidingWindow,2022-08-03,0.9178950920147179,1.0274381299755257,0.8144471524620164,ITA
Italy,ITA,PCM-DPC,Deaths,Cori_slidingWindow,2022-08-04,0.9310455501312814,1.0429483127423917,0.8254110876035059,ITA
Italy,ITA,PCM-DPC,Deaths,Cori_slidingWindow,2022-08-05,0.943101737544199,1.0570775824027807,0.8355435651952651,ITA
Italy,ITA,PCM-DPC,Deaths,Cori_slidingWindow,2022-08-06,0.9481293888817725,1.0635337252491899,0.839267178258499,ITA
Italy,ITA,PCM-DPC,Deaths,Cori_slidingWindow,2022-08-07,0.944016184305508,1.0601969137228668,0.8344907663880405,ITA
Italy,ITA,PCM-DPC,Deaths,Cori_slidingWindow,2022-08-08,0.9350964228542608,1.051837129050118,0.8251340687889002,ITA
Italy,ITA,PCM-DPC,Deaths,Cori_slidingWindow,2022-08-09,0.9265300026664782,1.0440395989810725,0.8159457113127144,ITA
Italy,ITA,PCM-DPC,Deaths,Cori_slidingWindow,2022-08-10,0.9210427429571051,1.039708160377742,0.8094752535515062,ITA
Italy,ITA,PCM-DPC,Deaths,Cori_slidingWindow,2022-08-11,0.9170434778421283,1.037098667517172,0.8042783966020095,ITA
Italy,ITA,PCM-DPC,Deaths,Cori_slidingWindow,2022-08-12,0.9105649031396245,1.0319524687158304,0.7966752102750863,ITA
Italy,ITA,PCM-DPC,Deaths,Cori_slidingWindow,2022-08-13,0.9009119755847569,1.023566005596107,0.7859854056555601,ITA
Italy,ITA,PCM-DPC,Deaths,Cori_slidingWindow,2022-08-14,0.8907639286048701,1.0148666219023836,0.7746512129102308,ITA
Italy,ITA,PCM-DPC,Deaths,Cori_slidingWindow,2022-08-15,0.8848617455425557,1.010951203860224,0.7670635402380946,ITA
Italy,ITA,PCM-DPC,Deaths,Cori_slidingWindow,2022-08-16,0.8853810198085876,1.014093095391946,0.7652927026618419,ITA
Italy,ITA,PCM-DPC,Deaths,Cori_slidingWindow,2022-08-17,0.8905989623332932,1.0223268512004935,0.7678407821762823,ITA
Italy,ITA,PCM-DPC,Deaths,Cori_slidingWindow,2022-08-18,0.8956863479768008,1.0303633455306052,0.7703219156143494,ITA
Italy,ITA,PCM-DPC,Deaths,Cori_slidingWindow,2022-08-19,0.897309697698469,1.0346035919308223,0.7696651148231322,ITA
Italy,ITA,PCM-DPC,Deaths,Cori_slidingWindow,2022-08-20,0.8964945902922684,1.0362167120519081,0.7667627837255718,ITA
Italy,ITA,PCM-DPC,Deaths,Cori_slidingWindow,2022-08-21,0.8970990371338801,1.0394204282730717,0.7651235478237263,ITA
Italy,ITA,PCM-DPC,Deaths,Cori_slidingWindow,2022-08-22,0.9034653829536025,1.0488795898021737,0.7687647739424653,ITA
Italy,ITA,PCM-DPC,Deaths,Cori_slidingWindow,2022-08-23,0.9159249426642898,1.0648250544974664,0.778097660891438,ITA
Italy,ITA,PCM-DPC,Deaths,Cori_slidingWindow,2022-08-24,0.9308354848344882,1.0831548815419505,0.789912407162309,ITA
Italy,ITA,PCM-DPC,Deaths,Cori_slidingWindow,2022-08-25,0.9432294604891047,1.0984067380862557,0.7997202913762863,ITA
Italy,ITA,PCM-DPC,Deaths,Cori_slidingWindow,2022-08-26,0.9498412958977833,1.1070901158649045,0.8044854514799047,ITA
Italy,ITA,PCM-DPC,Deaths,Cori_slidingWindow,2022-08-27,0.9504966527132706,1.1091582704494414,0.8039271458158178,ITA
Italy,ITA,PCM-DPC,Deaths,Cori_slidingWindow,2022-08-28,0.9472734532917257,1.107019131754925,0.7998183002126086,ITA
Italy,ITA,PCM-DPC,Deaths,Cori_slidingWindow,2022-08-29,0.944518851558334,1.1054883425731665,0.7960556662404576,ITA
Italy,ITA,PCM-DPC,Deaths,Cori_slidingWindow,2022-08-30,0.946955979863518,1.1096841528461476,0.7969681946941581,ITA
Italy,ITA,PCM-DPC,Deaths,Cori_slidingWindow,2022-08-31,0.954572520569435,1.1194634769546585,0.8026534867483363,ITA
Italy,ITA,PCM-DPC,Deaths,Cori_slidingWindow,2022-09-01,0.9625032187826995,1.1293926548533442,0.808788855283312,ITA
Italy,ITA,PCM-DPC,Deaths,Cori_slidingWindow,2022-09-02,0.9636214810843651,1.131708572878949,0.8088777473804201,ITA
Italy,ITA,PCM-DPC,Deaths,Cori_slidingWindow,2022-09-03,0.9558191644414581,1.1242928490573645,0.8008490947395392,ITA
Italy,ITA,PCM-DPC,Deaths,Cori_slidingWindow,2022-09-04,0.9436165424022772,1.1123063476073822,0.788625341018122,ITA
Italy,ITA,PCM-DPC,Deaths,Cori_slidingWindow,2022-09-05,0.934016186738278,1.1035089228232011,0.7784787859308752,ITA
Italy,ITA,PCM-DPC,Deaths,Cori_slidingWindow,2022-09-06,0.9324557235930216,1.1037779795119518,0.7754017326278468,ITA
Italy,ITA,PCM-DPC,Deaths,Cori_slidingWindow,2022-09-07,0.938464118767656,1.1123926905148858,0.7791371043632225,ITA
Italy,ITA,PCM-DPC,Deaths,Cori_slidingWindow,2022-09-08,0.947939870919748,1.1246453762563748,0.7861483915656622,ITA
Italy,ITA,PCM-DPC,Deaths,Cori_slidingWindow,2022-09-09,0.9559407425658771,1.1350151344897237,0.7920487923125412,ITA
Italy,ITA,PCM-DPC,Deaths,Cori_slidingWindow,2022-09-10,0.959475368443457,1.1402619179053624,0.7940987821395421,ITA
Italy,ITA,PCM-DPC,Deaths,Cori_slidingWindow,2022-09-11,0.9620795973178806,1.1443743082030124,0.7954035857710894,ITA
Italy,ITA,PCM-DPC,Deaths,Cori_slidingWindow,2022-09-12,0.9700382450891999,1.1542640864520302,0.8016299602908721,ITA
Italy,ITA,PCM-DPC,Deaths,Cori_slidingWindow,2022-09-13,0.9873962719789017,1.1741906727879143,0.8165827108558419,ITA
Italy,ITA,PCM-DPC,Deaths,Cori_slidingWindow,2022-09-14,1.0116479490304038,1.201093724688835,0.8382589290558766,ITA
Italy,ITA,PCM-DPC,Deaths,Cori_slidingWindow,2022-09-15,1.0366403849609989,1.2279837798510267,0.8613004310700338,ITA
Italy,ITA,PCM-DPC,Deaths,Cori_slidingWindow,2022-09-16,1.059430660906512,1.2515962712945061,0.8830806742496997,ITA
Italy,ITA,PCM-DPC,Deaths,Cori_slidingWindow,2022-09-17,1.080534963374586,1.2725767919957176,0.9040041743379734,ITA
Italy,ITA,PCM-DPC,Deaths,Cori_slidingWindow,2022-09-18,1.1013488641165436,1.2925236856003137,0.9252817379879312,ITA
Italy,ITA,PCM-DPC,Deaths,Cori_slidingWindow,2022-09-19,1.1215626904338079,1.3111377724007838,0.9466044432345335,ITA
Italy,ITA,PCM-DPC,Deaths,Cori_slidingWindow,2022-09-20,1.1396120156204363,1.3267739765683297,0.9665005985347797,ITA
Italy,ITA,PCM-DPC,Deaths,Cori_slidingWindow,2022-09-21,1.1536422012889445,1.3375404459642568,0.9831718778522436,ITA
Italy,ITA,PCM-DPC,Deaths,Cori_slidingWindow,2022-09-22,1.1617813938956392,1.3416005782272413,0.9947368226600687,ITA
Italy,ITA,PCM-DPC,Deaths,Cori_slidingWindow,2022-09-23,1.1634725028680608,1.3385893821741492,1.0004758217040224,ITA
Italy,ITA,PCM-DPC,Deaths,Cori_slidingWindow,2022-09-24,1.1601914640324744,1.3303236430714989,1.0015511335223293,ITA
Italy,ITA,PCM-DPC,Deaths,Cori_slidingWindow,2022-09-25,1.1550316333646027,1.320279258575547,1.00069100960652,ITA
Italy,ITA,PCM-DPC,Deaths,Cori_slidingWindow,2022-09-26,1.1498412824535251,1.3104849211904304,0.9995672108858256,ITA
Italy,ITA,PCM-DPC,Deaths,Cori_slidingWindow,2022-09-27,1.1442505133235632,1.3005317533606973,0.9978448952170741,ITA
Italy,ITA,PCM-DPC,Deaths,Cori_slidingWindow,2022-09-28,1.1375780851592692,1.289685548956285,0.9948926215958558,ITA
Italy,ITA,PCM-DPC,Deaths,Cori_slidingWindow,2022-09-29,1.1276872150868553,1.2756870018463173,0.9886955161920233,ITA
Italy,ITA,PCM-DPC,Deaths,Cori_slidingWindow,2022-09-30,1.1127740126037113,1.2566839030367647,0.977502719617898,ITA
Italy,ITA,PCM-DPC,Deaths,Cori_slidingWindow,2022-10-01,1.093215369219342,1.2331826175859109,0.961570850865515,ITA
Italy,ITA,PCM-DPC,Deaths,Cori_slidingWindow,2022-10-02,1.0725384042273212,1.2090178857305491,0.9441274092083791,ITA
Italy,ITA,PCM-DPC,Deaths,Cori_slidingWindow,2022-10-03,1.0557476361870142,1.1895080001020315,0.929862655637636,ITA
Italy,ITA,PCM-DPC,Deaths,Cori_slidingWindow,2022-10-04,1.0444518730748806,1.1762554099839124,0.9203794139206053,ITA
Italy,ITA,PCM-DPC,Deaths,Cori_slidingWindow,2022-10-05,1.036729310364233,1.1670759016262986,0.914001726769382,ITA
Italy,ITA,PCM-DPC,Deaths,Cori_slidingWindow,2022-10-06,1.0281419824133555,1.1571618072169356,0.9066500044512773,ITA
Italy,ITA,PCM-DPC,Deaths,Cori_slidingWindow,2022-10-07,1.0149642223281563,1.1425622250177918,0.8948238998632458,ITA
Italy,ITA,PCM-DPC,Deaths,Cori_slidingWindow,2022-10-08,0.9975543521694406,1.1237454264630544,0.8787821132862647,ITA
Italy,ITA,PCM-DPC,Deaths,Cori_slidingWindow,2022-10-09,0.979423172619631,1.1045271738936,0.8617416467576732,ITA
Italy,ITA,PCM-DPC,Deaths,Cori_slidingWindow,2022-10-10,0.965563167930371,1.0902322060455676,0.8483662871392764,ITA
Italy,ITA,PCM-DPC,Deaths,Cori_slidingWindow,2022-10-11,0.9610800091632236,1.0862135130115826,0.8435059094942737,ITA
Italy,ITA,PCM-DPC,Deaths,Cori_slidingWindow,2022-10-12,0.9667921846818863,1.0931600584601258,0.8480863119343203,ITA
Italy,ITA,PCM-DPC,Deaths,Cori_slidingWindow,2022-10-13,0.9771569751736312,1.1049508320512753,0.8571156498003969,ITA
Italy,ITA,PCM-DPC,Deaths,Cori_slidingWindow,2022-10-14,0.9826830767072806,1.1113626981392808,0.8618190492270149,ITA
Italy,ITA,PCM-DPC,Deaths,Cori_slidingWindow,2022-10-15,0.9797428939339371,1.1086187763958715,0.8587279190970576,ITA
Italy,ITA,PCM-DPC,Deaths,Cori_slidingWindow,2022-10-16,0.9726738019608604,1.1015244340512886,0.8517348398083107,ITA
Italy,ITA,PCM-DPC,Deaths,Cori_slidingWindow,2022-10-17,0.9691219803046236,1.0983323194625005,0.8478936714812458,ITA
Italy,ITA,PCM-DPC,Deaths,Cori_slidingWindow,2022-10-18,0.9722132613221536,1.1023172830487116,0.8501745641060668,ITA
Italy,ITA,PCM-DPC,Deaths,Cori_slidingWindow,2022-10-19,0.9794090445882316,1.110626096203048,0.8563350766122632,ITA
Italy,ITA,PCM-DPC,Deaths,Cori_slidingWindow,2022-10-20,0.9856388396780029,1.117747251964689,0.8617321394713761,ITA
Italy,ITA,PCM-DPC,Deaths,Cori_slidingWindow,2022-10-21,0.9866859079421277,1.1191950882036672,0.8624185568125952,ITA
Italy,ITA,PCM-DPC,Deaths,Cori_slidingWindow,2022-10-22,0.9837679126465321,1.1163785509722253,0.859434374557841,ITA
Italy,ITA,PCM-DPC,Deaths,Cori_slidingWindow,2022-10-23,0.9809951274714547,1.1137797843253305,0.8565307078686518,ITA
Italy,ITA,PCM-DPC,Deaths,Cori_slidingWindow,2022-10-24,0.981795940156244,1.1150632187885108,0.8569012420427439,ITA
Italy,ITA,PCM-DPC,Deaths,Cori_slidingWindow,2022-10-25,0.986419282851344,1.1204179195021202,0.8608453083005315,ITA
Italy,ITA,PCM-DPC,Deaths,Cori_slidingWindow,2022-10-26,0.9909496795474019,1.1255748799980179,0.8647891923211972,ITA
Italy,ITA,PCM-DPC,Deaths,Cori_slidingWindow,2022-10-27,0.9929828579067441,1.1279571537621598,0.8664995341027895,ITA
Italy,ITA,PCM-DPC,Deaths,Cori_slidingWindow,2022-10-28,0.9939659583968337,1.1291636813585177,0.8672785753400882,ITA
Italy,ITA,PCM-DPC,Deaths,Cori_slidingWindow,2022-10-29,0.9981908095756314,1.1338036890151957,0.8711049774876984,ITA
Italy,ITA,PCM-DPC,Deaths,Cori_slidingWindow,2022-10-30,1.007687262934424,1.1439758129804727,0.879932082404397,ITA
Italy,ITA,PCM-DPC,Deaths,Cori_slidingWindow,2022-10-31,1.0203675581391796,1.1573248724683087,0.8919243409397695,ITA
Italy,ITA,PCM-DPC,Deaths,Cori_slidingWindow,2022-11-01,1.0326484082451342,1.1699428559827947,0.9038130315776511,ITA
Italy,ITA,PCM-DPC,Deaths,Cori_slidingWindow,2022-11-02,1.041580666447119,1.178693222610512,0.9128373129369869,ITA
Italy,ITA,PCM-DPC,Deaths,Cori_slidingWindow,2022-11-03,1.0456731083830486,1.182074281335395,0.9175264849445683,ITA
Italy,ITA,PCM-DPC,Deaths,Cori_slidingWindow,2022-11-04,1.0456840951288748,1.1810170100536477,0.9184805509558387,ITA
Italy,ITA,PCM-DPC,Deaths,Cori_slidingWindow,2022-11-05,1.0444789975976507,1.1786730867163489,0.9182906099810634,ITA
Italy,ITA,PCM-DPC,Deaths,Cori_slidingWindow,2022-11-06,1.0453750590999358,1.178602957257426,0.9200348631501091,ITA
Italy,ITA,PCM-DPC,Deaths,Cori_slidingWindow,2022-11-07,1.0494446586337516,1.1818994385008805,0.9247603287050502,ITA
Italy,ITA,PCM-DPC,Deaths,Cori_slidingWindow,2022-11-08,1.0554200351222578,1.1871385191330042,0.9313471595456885,ITA
Italy,ITA,PCM-DPC,Deaths,Cori_slidingWindow,2022-11-09,1.0604393198769897,1.1912354404094534,0.9371513158879917,ITA
Italy,ITA,PCM-DPC,Deaths,Cori_slidingWindow,2022-11-10,1.0613126656251606,1.1908296652332195,0.9391558880904504,ITA
Italy,ITA,PCM-DPC,Deaths,Cori_slidingWindow,2022-11-11,1.0569326249566802,1.1848440658528414,0.9362330731879412,ITA
Italy,ITA,PCM-DPC,Deaths,Cori_slidingWindow,2022-11-12,1.0487912858887158,1.1749806038073705,0.92967768154259,ITA
Italy,ITA,PCM-DPC,Deaths,Cori_slidingWindow,2022-11-13,1.0409266850086107,1.1655991653498448,0.9232147262696774,ITA
Italy,ITA,PCM-DPC,Deaths,Cori_slidingWindow,2022-11-14,1.0363621778085115,1.1598970454548065,0.9196932376902027,ITA
Italy,ITA,PCM-DPC,Deaths,Cori_slidingWindow,2022-11-15,1.0350106971540465,1.1577086377134986,0.919096797658568,ITA
Italy,ITA,PCM-DPC,Deaths,Cori_slidingWindow,2022-11-16,1.0343571992674194,1.156296740917927,0.9191243059873591,ITA
Italy,ITA,PCM-DPC,Deaths,Cori_slidingWindow,2022-11-17,1.031385079699033,1.1524482955966509,0.9169530295284615,ITA
Italy,ITA,PCM-DPC,Deaths,Cori_slidingWindow,2022-11-18,1.0252691827396017,1.1453344847054088,0.9117658875694191,ITA
Italy,ITA,PCM-DPC,Deaths,Cori_slidingWindow,2022-11-19,1.01755933590311,1.1366598486905397,0.9049648960066675,ITA
Italy,ITA,PCM-DPC,Deaths,Cori_slidingWindow,2022-11-20,1.0114847248410075,1.129873987440944,0.8995626691373807,ITA
Italy,ITA,PCM-DPC,Deaths,Cori_slidingWindow,2022-11-21,1.0106299913216024,1.1287377559258926,0.8989646783886871,ITA
Italy,ITA,PCM-DPC,Deaths,Cori_slidingWindow,2022-11-22,1.0160969632274126,1.134312737499842,0.9043022091495208,ITA
Italy,ITA,PCM-DPC,Deaths,Cori_slidingWindow,2022-11-23,1.0257652188046507,1.1442227307401307,0.9136967162259428,ITA
Italy,ITA,PCM-DPC,Deaths,Cori_slidingWindow,2022-11-24,1.0348461253994325,1.1533126754553658,0.92271634784555,ITA
Italy,ITA,PCM-DPC,Deaths,Cori_slidingWindow,2022-11-25,1.0377335208080525,1.155668973016425,0.9260630174608219,ITA
Italy,ITA,PCM-DPC,Deaths,Cori_slidingWindow,2022-11-26,1.0335607241836624,1.1505026115149308,0.9228049382920753,ITA
Italy,ITA,PCM-DPC,Deaths,Cori_slidingWindow,2022-11-27,1.0273698322893827,1.1432861377790338,0.9175690971204946,ITA
Italy,ITA,PCM-DPC,Deaths,Cori_slidingWindow,2022-11-28,1.0267737259766074,1.1421054299186404,0.9175009519353265,ITA
Italy,ITA,PCM-DPC,Deaths,Cori_slidingWindow,2022-11-29,1.033381971694368,1.148556768618886,0.9242133439507936,ITA
Italy,ITA,PCM-DPC,Deaths,Cori_slidingWindow,2022-11-30,1.041823932819895,1.1568225002956403,0.9327675213541305,ITA
Italy,ITA,PCM-DPC,Deaths,Cori_slidingWindow,2022-12-01,1.0443918082121024,1.1587273145731283,0.9359180872571434,ITA
Italy,ITA,PCM-DPC,Deaths,Cori_slidingWindow,2022-12-02,1.0368317387678265,1.1499007722712427,0.9295382532938049,ITA
Italy,ITA,PCM-DPC,Deaths,Cori_slidingWindow,2022-12-03,1.0204894902341601,1.1319598669254758,0.9147219282527098,ITA
Italy,ITA,PCM-DPC,Deaths,Cori_slidingWindow,2022-12-04,1.0008991411308172,1.1109033527279981,0.8965556956473694,ITA
Italy,ITA,PCM-DPC,Deaths,Cori_slidingWindow,2022-12-05,0.9855019414932689,1.0946367081055979,0.8820237308847594,ITA
Italy,ITA,PCM-DPC,Deaths,Cori_slidingWindow,2022-12-06,0.9804268698180626,1.089554683739272,0.8769827169681175,ITA
Italy,ITA,PCM-DPC,Deaths,Cori_slidingWindow,2022-12-07,0.9866090559848407,1.0964610348014274,0.8824802384535773,ITA
Italy,ITA,PCM-DPC,Deaths,Cori_slidingWindow,2022-12-08,0.9992367622195926,1.1100608328318875,0.894165105576949,ITA
Italy,ITA,PCM-DPC,Deaths,Cori_slidingWindow,2022-12-09,1.0092008704424353,1.1206073866234243,0.9035513426405267,ITA
Italy,ITA,PCM-DPC,Deaths,Cori_slidingWindow,2022-12-10,1.0084164158853046,1.119613653836803,0.9029593341330462,ITA
Italy,ITA,PCM-DPC,Deaths,Cori_slidingWindow,2022-12-11,0.9977590448857826,1.1082022243889271,0.8930378286210725,ITA
Italy,ITA,PCM-DPC,Deaths,Cori_slidingWindow,2022-12-12,0.9868244759014803,1.0966870696284727,0.8826849349315559,ITA
Italy,ITA,PCM-DPC,Deaths,Cori_slidingWindow,2022-12-13,0.9841845997453531,1.0941381681055298,0.8799779296803829,ITA
Italy,ITA,PCM-DPC,Deaths,Cori_slidingWindow,2022-12-14,0.987073969886125,1.0974968587481124,0.8824297907658868,ITA
Italy,ITA,PCM-DPC,Deaths,Cori_slidingWindow,2022-12-15,0.9860487824485151,1.0966771283307966,0.8812258516801503,ITA
Italy,ITA,PCM-DPC,Deaths,Cori_slidingWindow,2022-12-16,0.9741445349297415,1.084379430802409,0.8697417327727144,ITA
Italy,ITA,PCM-DPC,Deaths,Cori_slidingWindow,2022-12-17,0.9555407585955206,1.065202769337287,0.8517585075897862,ITA
Italy,ITA,PCM-DPC,Deaths,Cori_slidingWindow,2022-12-18,0.9382173455630504,1.0477150419292915,0.8346848300452994,ITA
Italy,ITA,PCM-DPC,Deaths,Cori_slidingWindow,2022-12-19,0.9281606401952625,1.0382464753826772,0.8241643805304133,ITA
Italy,ITA,PCM-DPC,Deaths,Cori_slidingWindow,2022-12-20,0.925617405653733,1.0369474024149876,0.8205278493024,ITA
Italy,ITA,PCM-DPC,Deaths,Cori_slidingWindow,2022-12-21,0.9252139345215054,1.0379897711739008,0.8188398440768948,ITA
Italy,ITA,PCM-DPC,Deaths,Cori_slidingWindow,2022-12-22,0.923337563732871,1.0374887009213267,0.8157534919441954,ITA
Italy,ITA,PCM-DPC,Deaths,Cori_slidingWindow,2022-12-23,0.9196852269664644,1.0351467694845728,0.8109633069121669,ITA
Italy,ITA,PCM-DPC,Deaths,Cori_slidingWindow,2022-12-24,0.9173689854104532,1.034308391301395,0.8073543387419193,ITA
Italy,ITA,PCM-DPC,Deaths,Cori_slidingWindow,2022-12-25,0.9182873478307594,1.036981747066578,0.8067143279189941,ITA
Italy,ITA,PCM-DPC,Deaths,Cori_slidingWindow,2022-12-26,0.9208740074282935,1.0414437037699462,0.8076264072497895,ITA
Italy,ITA,PCM-DPC,Deaths,Cori_slidingWindow,2022-12-27,0.9230933307891537,1.0454862282777095,0.8082219615364917,ITA
Italy,ITA,PCM-DPC,Deaths,Cori_slidingWindow,2022-12-28,0.9239311520587349,1.048030100952473,0.8075519585147304,ITA
Italy,ITA,PCM-DPC,Deaths,Cori_slidingWindow,2022-12-29,0.9225858235856375,1.048247218071741,0.8048447116198415,ITA
Italy,ITA,PCM-DPC,Deaths,Cori_slidingWindow,2022-12-30,0.916772968254437,1.043743048322255,0.7979320339396792,ITA
Italy,ITA,PCM-DPC,Deaths,Cori_slidingWindow,2022-12-31,0.9043836446900085,1.0323473033579023,0.7847789141610051,ITA
Italy,ITA,PCM-DPC,Deaths,Cori_slidingWindow,2023-01-01,0.8877125578808851,1.0166406250449083,0.7674150156680418,ITA
Italy,ITA,PCM-DPC,Deaths,Cori_slidingWindow,2023-01-02,0.8720281790983888,1.0023705408300636,0.7506487183077816,ITA
Italy,ITA,PCM-DPC,Deaths,Cori_slidingWindow,2023-01-03,0.8619837504368788,0.9945486761798686,0.7387803291396331,ITA
Italy,ITA,PCM-DPC,Deaths,Cori_slidingWindow,2023-01-04,0.8585190534866924,0.9941091802914003,0.7327443495134968,ITA
Italy,ITA,PCM-DPC,Deaths,Cori_slidingWindow,2023-01-05,0.8601716562765352,0.9993569887506949,0.7312919153639508,ITA
Italy,ITA,PCM-DPC,Deaths,Cori_slidingWindow,2023-01-06,0.8675717499413864,1.0108649363592064,0.7350925347007252,ITA
Italy,ITA,PCM-DPC,Deaths,Cori_slidingWindow,2023-01-07,0.8823247411095799,1.0302433794278754,0.7457246538836327,ITA
Italy,ITA,PCM-DPC,Deaths,Cori_slidingWindow,2023-01-08,0.9053335201315567,1.0582798074153459,0.7641741505895214,ITA
Italy,ITA,PCM-DPC,Deaths,Cori_slidingWindow,2023-01-09,0.9353879753482464,1.0934109682140694,0.7895430924700454,ITA
Italy,ITA,PCM-DPC,Deaths,Cori_slidingWindow,2023-01-10,0.9705775208435578,1.1333071050517871,0.8203009158044237,ITA
Italy,ITA,PCM-DPC,Deaths,Cori_slidingWindow,2023-01-11,1.0093438200446545,1.176060857008121,0.8552090497539865,ITA
Italy,ITA,PCM-DPC,Deaths,Cori_slidingWindow,2023-01-12,1.0411034973341113,1.2100906021785283,0.8846648198624442,ITA
Italy,ITA,PCM-DPC,Deaths,Cori_slidingWindow,2023-01-13,1.052301916338802,1.2209651440991276,0.8960169682913742,ITA
Italy,ITA,PCM-DPC,Deaths,Cori_slidingWindow,2023-01-14,1.0400091487674434,1.206157048069895,0.8860178264938802,ITA
Italy,ITA,PCM-DPC,Deaths,Cori_slidingWindow,2023-01-15,1.01790135520171,1.1811055275633784,0.8666785540815519,ITA
Italy,ITA,PCM-DPC,Deaths,Cori_slidingWindow,2023-01-16,1.0038301336787099,1.1653628168573913,0.8541961751633339,ITA
Italy,ITA,PCM-DPC,Deaths,Cori_slidingWindow,2023-01-17,0.9996493799793168,1.1607394196548322,0.8504412456934803,ITA
Italy,ITA,PCM-DPC,Deaths,Cori_slidingWindow,2023-01-18,0.9949500501889108,1.1557058878558875,0.8460805610294437,ITA
Italy,ITA,PCM-DPC,Deaths,Cori_slidingWindow,2023-01-19,0.9738960534851437,1.1331427056091676,0.8265557374575336,ITA
Italy,ITA,PCM-DPC,Deaths,Cori_slidingWindow,2023-01-20,0.9343458746848927,1.091090155165693,0.7896028926880417,ITA
Italy,ITA,PCM-DPC,Deaths,Cori_slidingWindow,2023-01-21,0.8901118816181235,1.0449152140892892,0.7475636166877884,ITA
Italy,ITA,PCM-DPC,Deaths,Cori_slidingWindow,2023-01-22,0.858850195834242,1.0139397571284183,0.7164723851223698,ITA
Italy,ITA,PCM-DPC,Deaths,Cori_slidingWindow,2023-01-23,0.8526208127251971,1.0111224575822437,0.7074630353961675,ITA
Italy,ITA,PCM-DPC,Deaths,Cori_slidingWindow,2023-01-24,0.8690678287308444,1.033396576707491,0.7187915903648106,ITA
Italy,ITA,PCM-DPC,Deaths,Cori_slidingWindow,2023-01-25,0.899326769138385,1.0704445704442447,0.7429264683512533,ITA
Italy,ITA,PCM-DPC,Deaths,Cori_slidingWindow,2023-01-26,0.9333436314860282,1.110774396259119,0.7711607318495763,ITA
Italy,ITA,PCM-DPC,Deaths,Cori_slidingWindow,2023-01-27,0.9608825162465031,1.1429858483806647,0.7943842789418416,ITA
Italy,ITA,PCM-DPC,Deaths,Cori_slidingWindow,2023-01-28,0.9761248669075959,1.160868164044472,0.8071933220109613,ITA
Italy,ITA,PCM-DPC,Deaths,Cori_slidingWindow,2023-01-29,0.9784998143231848,1.16418489315969,0.8087459289515277,ITA
Italy,ITA,PCM-DPC,Deaths,Cori_slidingWindow,2023-01-30,0.9766330417557543,1.1627760644766345,0.8065248205054378,ITA
Italy,ITA,PCM-DPC,Deaths,Cori_slidingWindow,2023-01-31,0.981333353016977,1.1686226335199774,0.8101974618167735,ITA
Italy,ITA,PCM-DPC,Deaths,Cori_slidingWindow,2023-02-01,0.9926916877789345,1.1816393774227132,0.8200001551626966,ITA
Italy,ITA,PCM-DPC,Deaths,Cori_slidingWindow,2023-02-02,1.0023737361324692,1.19247288785968,0.8285753187516903,ITA
Italy,ITA,PCM-DPC,Deaths,Cori_slidingWindow,2023-02-03,0.9989174989264528,1.1886273799839804,0.8254959849604271,ITA
Italy,ITA,PCM-DPC,Deaths,Cori_slidingWindow,2023-02-04,0.9799393022128838,1.167894238042908,0.8082693467972553,ITA
Italy,ITA,PCM-DPC,Deaths,Cori_slidingWindow,2023-02-05,0.9538973857201483,1.1400049642067827,0.784169188910127,ITA
Italy,ITA,PCM-DPC,Deaths,Cori_slidingWindow,2023-02-06,0.9326365857181488,1.1181708832268427,0.7637250297264507,ITA
Italy,ITA,PCM-DPC,Deaths,Cori_slidingWindow,2023-02-07,0.925123447830982,1.112132639560709,0.7551164330270018,ITA
Italy,ITA,PCM-DPC,Deaths,Cori_slidingWindow,2023-02-08,0.9305049139630378,1.1205775461237422,0.7578788646050607,ITA
Italy,ITA,PCM-DPC,Deaths,Cori_slidingWindow,2023-02-09,0.9414015805306415,1.1349658764166213,0.7657112020402608,ITA
Italy,ITA,PCM-DPC,Deaths,Cori_slidingWindow,2023-02-10,0.9484407200816584,1.14476326343485,0.7703580574299563,ITA
Italy,ITA,PCM-DPC,Deaths,Cori_slidingWindow,2023-02-11,0.9476397624880085,1.145675679199002,0.768163715134758,ITA
Italy,ITA,PCM-DPC,Deaths,Cori_slidingWindow,2023-02-12,0.9432419768315315,1.1426360698914904,0.7627318055292389,ITA
Italy,ITA,PCM-DPC,Deaths,Cori_slidingWindow,2023-02-13,0.9404485663557556,1.1415341970749662,0.758606111347576,ITA
Italy,ITA,PCM-DPC,Deaths,Cori_slidingWindow,2023-02-14,0.9423792400018549,1.1457817944116429,0.7586089395014589,ITA
Italy,ITA,PCM-DPC,Deaths,Cori_slidingWindow,2023-02-15,0.9492605260000528,1.155472901874843,0.7630686166524648,ITA
Italy,ITA,PCM-DPC,Deaths,Cori_slidingWindow,2023-02-16,0.9596249917458494,1.1687985023480456,0.770822279913329,ITA
Italy,ITA,PCM-DPC,Deaths,Cori_slidingWindow,2023-02-17,0.9702158964416946,1.182013964673457,0.7790722419856441,ITA
Italy,ITA,PCM-DPC,Deaths,Cori_slidingWindow,2023-02-18,0.9781899882362457,1.1919445015430312,0.7852998186591444,ITA
Italy,ITA,PCM-DPC,Deaths,Cori_slidingWindow,2023-02-19,0.9835119162575997,1.198635850767256,0.7894043272926126,ITA
Italy,ITA,PCM-DPC,Deaths,Cori_slidingWindow,2023-02-20,0.9876136540581928,1.2037756245700908,0.7925819536252483,ITA
Italy,ITA,PCM-DPC,Deaths,Cori_slidingWindow,2023-02-21,0.9911967475277886,1.208192576171368,0.795417108944183,ITA
Italy,ITA,PCM-DPC,Deaths,Cori_slidingWindow,2023-02-22,0.9940386243645779,1.2116595639795174,0.7976952562591988,ITA
Italy,ITA,PCM-DPC,Deaths,Cori_slidingWindow,2023-02-23,0.9965957201148279,1.21470438044177,0.7998059134595726,ITA
Italy,ITA,PCM-DPC,Deaths,Cori_slidingWindow,2023-02-24,0.9992967266512677,1.2178134220534778,0.8021225162715435,ITA
Italy,ITA,PCM-DPC,Deaths,Cori_step,2022-01-01,1.0712391914625894,1.088625930735026,1.0539905070030056,ITA
Italy,ITA,PCM-DPC,Deaths,Cori_step,2022-01-02,1.0712391914625894,1.088625930735026,1.0539905070030056,ITA
Italy,ITA,PCM-DPC,Deaths,Cori_step,2022-01-03,1.0712391914625894,1.088625930735026,1.0539905070030056,ITA
Italy,ITA,PCM-DPC,Deaths,Cori_step,2022-01-04,1.0712391914625894,1.088625930735026,1.0539905070030056,ITA
Italy,ITA,PCM-DPC,Deaths,Cori_step,2022-01-05,1.0712391914625894,1.088625930735026,1.0539905070030056,ITA
Italy,ITA,PCM-DPC,Deaths,Cori_step,2022-01-06,1.0712391914625894,1.088625930735026,1.0539905070030056,ITA
Italy,ITA,PCM-DPC,Deaths,Cori_step,2022-01-07,1.0712391914625894,1.088625930735026,1.0539905070030056,ITA
Italy,ITA,PCM-DPC,Deaths,Cori_step,2022-01-08,1.0712391914625894,1.088625930735026,1.0539905070030056,ITA
Italy,ITA,PCM-DPC,Deaths,Cori_step,2022-01-09,1.0712391914625894,1.088625930735026,1.0539905070030056,ITA
Italy,ITA,PCM-DPC,Deaths,Cori_step,2022-01-10,1.0712391914625894,1.088625930735026,1.0539905070030056,ITA
Italy,ITA,PCM-DPC,Deaths,Cori_step,2022-01-11,1.0712391914625894,1.088625930735026,1.0539905070030056,ITA
Italy,ITA,PCM-DPC,Deaths,Cori_step,2022-01-12,1.0712391914625894,1.088625930735026,1.0539905070030056,ITA
Italy,ITA,PCM-DPC,Deaths,Cori_step,2022-01-13,1.0712391914625894,1.088625930735026,1.0539905070030056,ITA
Italy,ITA,PCM-DPC,Deaths,Cori_step,2022-01-14,1.0712391914625894,1.088625930735026,1.0539905070030056,ITA
Italy,ITA,PCM-DPC,Deaths,Cori_step,2022-01-15,1.0712391914625894,1.088625930735026,1.0539905070030056,ITA
Italy,ITA,PCM-DPC,Deaths,Cori_step,2022-01-16,1.0712391914625894,1.088625930735026,1.0539905070030056,ITA
Italy,ITA,PCM-DPC,Deaths,Cori_step,2022-01-17,1.0712391914625894,1.088625930735026,1.0539905070030056,ITA
Italy,ITA,PCM-DPC,Deaths,Cori_step,2022-01-18,1.0712391914625894,1.088625930735026,1.0539905070030056,ITA
Italy,ITA,PCM-DPC,Deaths,Cori_step,2022-01-19,1.0712391914625894,1.088625930735026,1.0539905070030056,ITA
Italy,ITA,PCM-DPC,Deaths,Cori_step,2022-01-20,1.0712391914625894,1.088625930735026,1.0539905070030056,ITA
Italy,ITA,PCM-DPC,Deaths,Cori_step,2022-01-21,1.0712391914625894,1.088625930735026,1.0539905070030056,ITA
Italy,ITA,PCM-DPC,Deaths,Cori_step,2022-01-22,0.918154480790185,0.9385557979408733,0.8979742898680333,ITA
Italy,ITA,PCM-DPC,Deaths,Cori_step,2022-01-23,0.918154480790185,0.9385557979408733,0.8979742898680333,ITA
Italy,ITA,PCM-DPC,Deaths,Cori_step,2022-01-24,0.918154480790185,0.9385557979408733,0.8979742898680333,ITA
Italy,ITA,PCM-DPC,Deaths,Cori_step,2022-01-25,0.918154480790185,0.9385557979408733,0.8979742898680333,ITA
Italy,ITA,PCM-DPC,Deaths,Cori_step,2022-01-26,0.918154480790185,0.9385557979408733,0.8979742898680333,ITA
Italy,ITA,PCM-DPC,Deaths,Cori_step,2022-01-27,0.918154480790185,0.9385557979408733,0.8979742898680333,ITA
Italy,ITA,PCM-DPC,Deaths,Cori_step,2022-01-28,0.918154480790185,0.9385557979408733,0.8979742898680333,ITA
Italy,ITA,PCM-DPC,Deaths,Cori_step,2022-01-29,0.918154480790185,0.9385557979408733,0.8979742898680333,ITA
Italy,ITA,PCM-DPC,Deaths,Cori_step,2022-01-30,0.918154480790185,0.9385557979408733,0.8979742898680333,ITA
Italy,ITA,PCM-DPC,Deaths,Cori_step,2022-01-31,0.918154480790185,0.9385557979408733,0.8979742898680333,ITA
Italy,ITA,PCM-DPC,Deaths,Cori_step,2022-02-01,0.918154480790185,0.9385557979408733,0.8979742898680333,ITA
Italy,ITA,PCM-DPC,Deaths,Cori_step,2022-02-02,0.918154480790185,0.9385557979408733,0.8979742898680333,ITA
Italy,ITA,PCM-DPC,Deaths,Cori_step,2022-02-03,0.918154480790185,0.9385557979408733,0.8979742898680333,ITA
Italy,ITA,PCM-DPC,Deaths,Cori_step,2022-02-04,0.918154480790185,0.9385557979408733,0.8979742898680333,ITA
Italy,ITA,PCM-DPC,Deaths,Cori_step,2022-02-05,0.918154480790185,0.9385557979408733,0.8979742898680333,ITA
Italy,ITA,PCM-DPC,Deaths,Cori_step,2022-02-06,0.918154480790185,0.9385557979408733,0.8979742898680333,ITA
Italy,ITA,PCM-DPC,Deaths,Cori_step,2022-02-07,0.918154480790185,0.9385557979408733,0.8979742898680333,ITA
Italy,ITA,PCM-DPC,Deaths,Cori_step,2022-02-08,0.918154480790185,0.9385557979408733,0.8979742898680333,ITA
Italy,ITA,PCM-DPC,Deaths,Cori_step,2022-02-09,0.918154480790185,0.9385557979408733,0.8979742898680333,ITA
Italy,ITA,PCM-DPC,Deaths,Cori_step,2022-02-10,0.918154480790185,0.9385557979408733,0.8979742898680333,ITA
Italy,ITA,PCM-DPC,Deaths,Cori_step,2022-02-11,0.918154480790185,0.9385557979408733,0.8979742898680333,ITA
Italy,ITA,PCM-DPC,Deaths,Cori_step,2022-02-12,0.918154480790185,0.9385557979408733,0.8979742898680333,ITA
Italy,ITA,PCM-DPC,Deaths,Cori_step,2022-02-13,0.918154480790185,0.9385557979408733,0.8979742898680333,ITA
Italy,ITA,PCM-DPC,Deaths,Cori_step,2022-02-14,0.918154480790185,0.9385557979408733,0.8979742898680333,ITA
Italy,ITA,PCM-DPC,Deaths,Cori_step,2022-02-15,0.918154480790185,0.9385557979408733,0.8979742898680333,ITA
Italy,ITA,PCM-DPC,Deaths,Cori_step,2022-02-16,0.918154480790185,0.9385557979408733,0.8979742898680333,ITA
Italy,ITA,PCM-DPC,Deaths,Cori_step,2022-02-17,0.918154480790185,0.9385557979408733,0.8979742898680333,ITA
Italy,ITA,PCM-DPC,Deaths,Cori_step,2022-02-18,0.918154480790185,0.9385557979408733,0.8979742898680333,ITA
Italy,ITA,PCM-DPC,Deaths,Cori_step,2022-02-19,0.918154480790185,0.9385557979408733,0.8979742898680333,ITA
Italy,ITA,PCM-DPC,Deaths,Cori_step,2022-02-20,0.918154480790185,0.9385557979408733,0.8979742898680333,ITA
Italy,ITA,PCM-DPC,Deaths,Cori_step,2022-02-21,0.918154480790185,0.9385557979408733,0.8979742898680333,ITA
Italy,ITA,PCM-DPC,Deaths,Cori_step,2022-02-22,0.918154480790185,0.9385557979408733,0.8979742898680333,ITA
Italy,ITA,PCM-DPC,Deaths,Cori_step,2022-02-23,0.918154480790185,0.9385557979408733,0.8979742898680333,ITA
Italy,ITA,PCM-DPC,Deaths,Cori_step,2022-02-24,0.918154480790185,0.9385557979408733,0.8979742898680333,ITA
Italy,ITA,PCM-DPC,Deaths,Cori_step,2022-02-25,0.918154480790185,0.9385557979408733,0.8979742898680333,ITA
Italy,ITA,PCM-DPC,Deaths,Cori_step,2022-02-26,0.918154480790185,0.9385557979408733,0.8979742898680333,ITA
Italy,ITA,PCM-DPC,Deaths,Cori_step,2022-02-27,0.918154480790185,0.9385557979408733,0.8979742898680333,ITA
Italy,ITA,PCM-DPC,Deaths,Cori_step,2022-02-28,0.9887410208062756,1.1672941601481988,0.8248234145327777,ITA
Italy,ITA,PCM-DPC,Deaths,Cori_step,2022-03-01,1.0041880195607291,1.0346103129862907,0.9742135597333184,ITA
Italy,ITA,PCM-DPC,Deaths,Cori_step,2022-03-02,1.0041880195607291,1.0346103129862907,0.9742135597333184,ITA
Italy,ITA,PCM-DPC,Deaths,Cori_step,2022-03-03,1.0041880195607291,1.0346103129862907,0.9742135597333184,ITA
Italy,ITA,PCM-DPC,Deaths,Cori_step,2022-03-04,1.0041880195607291,1.0346103129862907,0.9742135597333184,ITA
Italy,ITA,PCM-DPC,Deaths,Cori_step,2022-03-05,1.0041880195607291,1.0346103129862907,0.9742135597333184,ITA
Italy,ITA,PCM-DPC,Deaths,Cori_step,2022-03-06,1.0041880195607291,1.0346103129862907,0.9742135597333184,ITA
Italy,ITA,PCM-DPC,Deaths,Cori_step,2022-03-07,1.0041880195607291,1.0346103129862907,0.9742135597333184,ITA
Italy,ITA,PCM-DPC,Deaths,Cori_step,2022-03-08,1.0041880195607291,1.0346103129862907,0.9742135597333184,ITA
Italy,ITA,PCM-DPC,Deaths,Cori_step,2022-03-09,1.0041880195607291,1.0346103129862907,0.9742135597333184,ITA
Italy,ITA,PCM-DPC,Deaths,Cori_step,2022-03-10,1.0041880195607291,1.0346103129862907,0.9742135597333184,ITA
Italy,ITA,PCM-DPC,Deaths,Cori_step,2022-03-11,1.0041880195607291,1.0346103129862907,0.9742135597333184,ITA
Italy,ITA,PCM-DPC,Deaths,Cori_step,2022-03-12,1.0041880195607291,1.0346103129862907,0.9742135597333184,ITA
Italy,ITA,PCM-DPC,Deaths,Cori_step,2022-03-13,1.0041880195607291,1.0346103129862907,0.9742135597333184,ITA
Italy,ITA,PCM-DPC,Deaths,Cori_step,2022-03-14,1.0041880195607291,1.0346103129862907,0.9742135597333184,ITA
Italy,ITA,PCM-DPC,Deaths,Cori_step,2022-03-15,1.0041880195607291,1.0346103129862907,0.9742135597333184,ITA
Italy,ITA,PCM-DPC,Deaths,Cori_step,2022-03-16,1.0041880195607291,1.0346103129862907,0.9742135597333184,ITA
Italy,ITA,PCM-DPC,Deaths,Cori_step,2022-03-17,1.0041880195607291,1.0346103129862907,0.9742135597333184,ITA
Italy,ITA,PCM-DPC,Deaths,Cori_step,2022-03-18,1.0041880195607291,1.0346103129862907,0.9742135597333184,ITA
Italy,ITA,PCM-DPC,Deaths,Cori_step,2022-03-19,1.0041880195607291,1.0346103129862907,0.9742135597333184,ITA
Italy,ITA,PCM-DPC,Deaths,Cori_step,2022-03-20,1.0041880195607291,1.0346103129862907,0.9742135597333184,ITA
Italy,ITA,PCM-DPC,Deaths,Cori_step,2022-03-21,1.0041880195607291,1.0346103129862907,0.9742135597333184,ITA
Italy,ITA,PCM-DPC,Deaths,Cori_step,2022-03-22,1.0041880195607291,1.0346103129862907,0.9742135597333184,ITA
Italy,ITA,PCM-DPC,Deaths,Cori_step,2022-03-23,1.0041880195607291,1.0346103129862907,0.9742135597333184,ITA
Italy,ITA,PCM-DPC,Deaths,Cori_step,2022-03-24,1.0041880195607291,1.0346103129862907,0.9742135597333184,ITA
Italy,ITA,PCM-DPC,Deaths,Cori_step,2022-03-25,1.0041880195607291,1.0346103129862907,0.9742135597333184,ITA
Italy,ITA,PCM-DPC,Deaths,Cori_step,2022-03-26,1.0041880195607291,1.0346103129862907,0.9742135597333184,ITA
Italy,ITA,PCM-DPC,Deaths,Cori_step,2022-03-27,1.0041880195607291,1.0346103129862907,0.9742135597333184,ITA
Italy,ITA,PCM-DPC,Deaths,Cori_step,2022-03-28,1.0041880195607291,1.0346103129862907,0.9742135597333184,ITA
Italy,ITA,PCM-DPC,Deaths,Cori_step,2022-03-29,1.0041880195607291,1.0346103129862907,0.9742135597333184,ITA
Italy,ITA,PCM-DPC,Deaths,Cori_step,2022-03-30,1.0041880195607291,1.0346103129862907,0.9742135597333184,ITA
Italy,ITA,PCM-DPC,Deaths,Cori_step,2022-03-31,1.0041880195607291,1.0346103129862907,0.9742135597333184,ITA
Italy,ITA,PCM-DPC,Deaths,Cori_step,2022-04-01,0.9767259121159328,1.0081584002240094,0.9457844891590392,ITA
Italy,ITA,PCM-DPC,Deaths,Cori_step,2022-04-02,0.9767259121159328,1.0081584002240094,0.9457844891590392,ITA
Italy,ITA,PCM-DPC,Deaths,Cori_step,2022-04-03,0.9767259121159328,1.0081584002240094,0.9457844891590392,ITA
Italy,ITA,PCM-DPC,Deaths,Cori_step,2022-04-04,0.9767259121159328,1.0081584002240094,0.9457844891590392,ITA
Italy,ITA,PCM-DPC,Deaths,Cori_step,2022-04-05,0.9767259121159328,1.0081584002240094,0.9457844891590392,ITA
Italy,ITA,PCM-DPC,Deaths,Cori_step,2022-04-06,0.9767259121159328,1.0081584002240094,0.9457844891590392,ITA
Italy,ITA,PCM-DPC,Deaths,Cori_step,2022-04-07,0.9767259121159328,1.0081584002240094,0.9457844891590392,ITA
Italy,ITA,PCM-DPC,Deaths,Cori_step,2022-04-08,0.9767259121159328,1.0081584002240094,0.9457844891590392,ITA
Italy,ITA,PCM-DPC,Deaths,Cori_step,2022-04-09,0.9767259121159328,1.0081584002240094,0.9457844891590392,ITA
Italy,ITA,PCM-DPC,Deaths,Cori_step,2022-04-10,0.9767259121159328,1.0081584002240094,0.9457844891590392,ITA
Italy,ITA,PCM-DPC,Deaths,Cori_step,2022-04-11,0.9767259121159328,1.0081584002240094,0.9457844891590392,ITA
Italy,ITA,PCM-DPC,Deaths,Cori_step,2022-04-12,0.9767259121159328,1.0081584002240094,0.9457844891590392,ITA
Italy,ITA,PCM-DPC,Deaths,Cori_step,2022-04-13,0.9767259121159328,1.0081584002240094,0.9457844891590392,ITA
Italy,ITA,PCM-DPC,Deaths,Cori_step,2022-04-14,0.9767259121159328,1.0081584002240094,0.9457844891590392,ITA
Italy,ITA,PCM-DPC,Deaths,Cori_step,2022-04-15,0.9767259121159328,1.0081584002240094,0.9457844891590392,ITA
Italy,ITA,PCM-DPC,Deaths,Cori_step,2022-04-16,0.9767259121159328,1.0081584002240094,0.9457844891590392,ITA
Italy,ITA,PCM-DPC,Deaths,Cori_step,2022-04-17,0.9767259121159328,1.0081584002240094,0.9457844891590392,ITA
Italy,ITA,PCM-DPC,Deaths,Cori_step,2022-04-18,0.9767259121159328,1.0081584002240094,0.9457844891590392,ITA
Italy,ITA,PCM-DPC,Deaths,Cori_step,2022-04-19,0.9767259121159328,1.0081584002240094,0.9457844891590392,ITA
Italy,ITA,PCM-DPC,Deaths,Cori_step,2022-04-20,0.9767259121159328,1.0081584002240094,0.9457844891590392,ITA
Italy,ITA,PCM-DPC,Deaths,Cori_step,2022-04-21,0.9767259121159328,1.0081584002240094,0.9457844891590392,ITA
Italy,ITA,PCM-DPC,Deaths,Cori_step,2022-04-22,0.9767259121159328,1.0081584002240094,0.9457844891590392,ITA
Italy,ITA,PCM-DPC,Deaths,Cori_step,2022-04-23,0.9767259121159328,1.0081584002240094,0.9457844891590392,ITA
Italy,ITA,PCM-DPC,Deaths,Cori_step,2022-04-24,0.9767259121159328,1.0081584002240094,0.9457844891590392,ITA
Italy,ITA,PCM-DPC,Deaths,Cori_step,2022-04-25,0.9767259121159328,1.0081584002240094,0.9457844891590392,ITA
Italy,ITA,PCM-DPC,Deaths,Cori_step,2022-04-26,0.9767259121159328,1.0081584002240094,0.9457844891590392,ITA
Italy,ITA,PCM-DPC,Deaths,Cori_step,2022-04-27,0.9767259121159328,1.0081584002240094,0.9457844891590392,ITA
Italy,ITA,PCM-DPC,Deaths,Cori_step,2022-04-28,0.9767259121159328,1.0081584002240094,0.9457844891590392,ITA
Italy,ITA,PCM-DPC,Deaths,Cori_step,2022-04-29,0.9767259121159328,1.0081584002240094,0.9457844891590392,ITA
Italy,ITA,PCM-DPC,Deaths,Cori_step,2022-04-30,0.9767259121159328,1.0081584002240094,0.9457844891590392,ITA
Italy,ITA,PCM-DPC,Deaths,Cori_step,2022-05-01,0.92523109578636,0.9655898426775658,0.8857223234280114,ITA
Italy,ITA,PCM-DPC,Deaths,Cori_step,2022-05-02,0.92523109578636,0.9655898426775658,0.8857223234280114,ITA
Italy,ITA,PCM-DPC,Deaths,Cori_step,2022-05-03,0.92523109578636,0.9655898426775658,0.8857223234280114,ITA
Italy,ITA,PCM-DPC,Deaths,Cori_step,2022-05-04,0.92523109578636,0.9655898426775658,0.8857223234280114,ITA
Italy,ITA,PCM-DPC,Deaths,Cori_step,2022-05-05,0.92523109578636,0.9655898426775658,0.8857223234280114,ITA
Italy,ITA,PCM-DPC,Deaths,Cori_step,2022-05-06,0.92523109578636,0.9655898426775658,0.8857223234280114,ITA
Italy,ITA,PCM-DPC,Deaths,Cori_step,2022-05-07,0.92523109578636,0.9655898426775658,0.8857223234280114,ITA
Italy,ITA,PCM-DPC,Deaths,Cori_step,2022-05-08,0.92523109578636,0.9655898426775658,0.8857223234280114,ITA
Italy,ITA,PCM-DPC,Deaths,Cori_step,2022-05-09,0.92523109578636,0.9655898426775658,0.8857223234280114,ITA
Italy,ITA,PCM-DPC,Deaths,Cori_step,2022-05-10,0.92523109578636,0.9655898426775658,0.8857223234280114,ITA
Italy,ITA,PCM-DPC,Deaths,Cori_step,2022-05-11,0.92523109578636,0.9655898426775658,0.8857223234280114,ITA
Italy,ITA,PCM-DPC,Deaths,Cori_step,2022-05-12,0.92523109578636,0.9655898426775658,0.8857223234280114,ITA
Italy,ITA,PCM-DPC,Deaths,Cori_step,2022-05-13,0.92523109578636,0.9655898426775658,0.8857223234280114,ITA
Italy,ITA,PCM-DPC,Deaths,Cori_step,2022-05-14,0.92523109578636,0.9655898426775658,0.8857223234280114,ITA
Italy,ITA,PCM-DPC,Deaths,Cori_step,2022-05-15,0.92523109578636,0.9655898426775658,0.8857223234280114,ITA
Italy,ITA,PCM-DPC,Deaths,Cori_step,2022-05-16,0.92523109578636,0.9655898426775658,0.8857223234280114,ITA
Italy,ITA,PCM-DPC,Deaths,Cori_step,2022-05-17,0.92523109578636,0.9655898426775658,0.8857223234280114,ITA
Italy,ITA,PCM-DPC,Deaths,Cori_step,2022-05-18,0.92523109578636,0.9655898426775658,0.8857223234280114,ITA
Italy,ITA,PCM-DPC,Deaths,Cori_step,2022-05-19,0.92523109578636,0.9655898426775658,0.8857223234280114,ITA
Italy,ITA,PCM-DPC,Deaths,Cori_step,2022-05-20,0.92523109578636,0.9655898426775658,0.8857223234280114,ITA
Italy,ITA,PCM-DPC,Deaths,Cori_step,2022-05-21,0.92523109578636,0.9655898426775658,0.8857223234280114,ITA
Italy,ITA,PCM-DPC,Deaths,Cori_step,2022-05-22,0.92523109578636,0.9655898426775658,0.8857223234280114,ITA
Italy,ITA,PCM-DPC,Deaths,Cori_step,2022-05-23,0.92523109578636,0.9655898426775658,0.8857223234280114,ITA
Italy,ITA,PCM-DPC,Deaths,Cori_step,2022-05-24,0.92523109578636,0.9655898426775658,0.8857223234280114,ITA
Italy,ITA,PCM-DPC,Deaths,Cori_step,2022-05-25,0.92523109578636,0.9655898426775658,0.8857223234280114,ITA
Italy,ITA,PCM-DPC,Deaths,Cori_step,2022-05-26,0.92523109578636,0.9655898426775658,0.8857223234280114,ITA
Italy,ITA,PCM-DPC,Deaths,Cori_step,2022-05-27,0.92523109578636,0.9655898426775658,0.8857223234280114,ITA
Italy,ITA,PCM-DPC,Deaths,Cori_step,2022-05-28,0.92523109578636,0.9655898426775658,0.8857223234280114,ITA
Italy,ITA,PCM-DPC,Deaths,Cori_step,2022-05-29,0.92523109578636,0.9655898426775658,0.8857223234280114,ITA
Italy,ITA,PCM-DPC,Deaths,Cori_step,2022-05-30,0.92523109578636,0.9655898426775658,0.8857223234280114,ITA
Italy,ITA,PCM-DPC,Deaths,Cori_step,2022-05-31,0.92523109578636,0.9655898426775658,0.8857223234280114,ITA
Italy,ITA,PCM-DPC,Deaths,Cori_step,2022-06-01,0.9992930452425665,1.0201456702108695,0.978652819371137,ITA
Italy,ITA,PCM-DPC,Deaths,Cori_step,2022-06-02,0.9992930452425665,1.0201456702108695,0.978652819371137,ITA
Italy,ITA,PCM-DPC,Deaths,Cori_step,2022-06-03,0.9992930452425665,1.0201456702108695,0.978652819371137,ITA
Italy,ITA,PCM-DPC,Deaths,Cori_step,2022-06-04,0.9992930452425665,1.0201456702108695,0.978652819371137,ITA
Italy,ITA,PCM-DPC,Deaths,Cori_step,2022-06-05,0.9992930452425665,1.0201456702108695,0.978652819371137,ITA
Italy,ITA,PCM-DPC,Deaths,Cori_step,2022-06-06,0.9992930452425665,1.0201456702108695,0.978652819371137,ITA
Italy,ITA,PCM-DPC,Deaths,Cori_step,2022-06-07,0.9992930452425665,1.0201456702108695,0.978652819371137,ITA
Italy,ITA,PCM-DPC,Deaths,Cori_step,2022-06-08,0.9992930452425665,1.0201456702108695,0.978652819371137,ITA
Italy,ITA,PCM-DPC,Deaths,Cori_step,2022-06-09,0.9992930452425665,1.0201456702108695,0.978652819371137,ITA
Italy,ITA,PCM-DPC,Deaths,Cori_step,2022-06-10,0.9992930452425665,1.0201456702108695,0.978652819371137,ITA
Italy,ITA,PCM-DPC,Deaths,Cori_step,2022-06-11,0.9992930452425665,1.0201456702108695,0.978652819371137,ITA
Italy,ITA,PCM-DPC,Deaths,Cori_step,2022-06-12,0.9992930452425665,1.0201456702108695,0.978652819371137,ITA
Italy,ITA,PCM-DPC,Deaths,Cori_step,2022-06-13,0.9992930452425665,1.0201456702108695,0.978652819371137,ITA
Italy,ITA,PCM-DPC,Deaths,Cori_step,2022-06-14,0.9992930452425665,1.0201456702108695,0.978652819371137,ITA
Italy,ITA,PCM-DPC,Deaths,Cori_step,2022-06-15,0.9992930452425665,1.0201456702108695,0.978652819371137,ITA
Italy,ITA,PCM-DPC,Deaths,Cori_step,2022-06-16,0.9992930452425665,1.0201456702108695,0.978652819371137,ITA
Italy,ITA,PCM-DPC,Deaths,Cori_step,2022-06-17,0.9992930452425665,1.0201456702108695,0.978652819371137,ITA
Italy,ITA,PCM-DPC,Deaths,Cori_step,2022-06-18,0.9992930452425665,1.0201456702108695,0.978652819371137,ITA
Italy,ITA,PCM-DPC,Deaths,Cori_step,2022-06-19,0.9992930452425665,1.0201456702108695,0.978652819371137,ITA
Italy,ITA,PCM-DPC,Deaths,Cori_step,2022-06-20,0.9992930452425665,1.0201456702108695,0.978652819371137,ITA
Italy,ITA,PCM-DPC,Deaths,Cori_step,2022-06-21,0.9992930452425665,1.0201456702108695,0.978652819371137,ITA
Italy,ITA,PCM-DPC,Deaths,Cori_step,2022-06-22,0.9992930452425665,1.0201456702108695,0.978652819371137,ITA
Italy,ITA,PCM-DPC,Deaths,Cori_step,2022-06-23,0.9992930452425665,1.0201456702108695,0.978652819371137,ITA
Italy,ITA,PCM-DPC,Deaths,Cori_step,2022-06-24,0.9992930452425665,1.0201456702108695,0.978652819371137,ITA
Italy,ITA,PCM-DPC,Deaths,Cori_step,2022-06-25,0.9992930452425665,1.0201456702108695,0.978652819371137,ITA
Italy,ITA,PCM-DPC,Deaths,Cori_step,2022-06-26,0.9992930452425665,1.0201456702108695,0.978652819371137,ITA
Italy,ITA,PCM-DPC,Deaths,Cori_step,2022-06-27,0.9992930452425665,1.0201456702108695,0.978652819371137,ITA
Italy,ITA,PCM-DPC,Deaths,Cori_step,2022-06-28,0.9992930452425665,1.0201456702108695,0.978652819371137,ITA
Italy,ITA,PCM-DPC,Deaths,Cori_step,2022-06-29,0.9992930452425665,1.0201456702108695,0.978652819371137,ITA
Italy,ITA,PCM-DPC,Deaths,Cori_step,2022-06-30,0.9992930452425665,1.0201456702108695,0.978652819371137,ITA
Italy,ITA,PCM-DPC,Deaths,Cori_step,2022-07-01,0.9992930452425665,1.0201456702108695,0.978652819371137,ITA
Italy,ITA,PCM-DPC,Deaths,Cori_step,2022-07-02,0.9992930452425665,1.0201456702108695,0.978652819371137,ITA
Italy,ITA,PCM-DPC,Deaths,Cori_step,2022-07-03,0.9992930452425665,1.0201456702108695,0.978652819371137,ITA
Italy,ITA,PCM-DPC,Deaths,Cori_step,2022-07-04,0.9992930452425665,1.0201456702108695,0.978652819371137,ITA
Italy,ITA,PCM-DPC,Deaths,Cori_step,2022-07-05,0.9992930452425665,1.0201456702108695,0.978652819371137,ITA
Italy,ITA,PCM-DPC,Deaths,Cori_step,2022-07-06,0.9992930452425665,1.0201456702108695,0.978652819371137,ITA
Italy,ITA,PCM-DPC,Deaths,Cori_step,2022-07-07,0.9992930452425665,1.0201456702108695,0.978652819371137,ITA
Italy,ITA,PCM-DPC,Deaths,Cori_step,2022-07-08,0.9992930452425665,1.0201456702108695,0.978652819371137,ITA
Italy,ITA,PCM-DPC,Deaths,Cori_step,2022-07-09,0.9992930452425665,1.0201456702108695,0.978652819371137,ITA
Italy,ITA,PCM-DPC,Deaths,Cori_step,2022-07-10,0.9992930452425665,1.0201456702108695,0.978652819371137,ITA
Italy,ITA,PCM-DPC,Deaths,Cori_step,2022-07-11,0.9992930452425665,1.0201456702108695,0.978652819371137,ITA
Italy,ITA,PCM-DPC,Deaths,Cori_step,2022-07-12,0.9992930452425665,1.0201456702108695,0.978652819371137,ITA
Italy,ITA,PCM-DPC,Deaths,Cori_step,2022-07-13,0.9992930452425665,1.0201456702108695,0.978652819371137,ITA
Italy,ITA,PCM-DPC,Deaths,Cori_step,2022-07-14,0.9992930452425665,1.0201456702108695,0.978652819371137,ITA
Italy,ITA,PCM-DPC,Deaths,Cori_step,2022-07-15,0.9992930452425665,1.0201456702108695,0.978652819371137,ITA
Italy,ITA,PCM-DPC,Deaths,Cori_step,2022-07-16,0.9992930452425665,1.0201456702108695,0.978652819371137,ITA
Italy,ITA,PCM-DPC,Deaths,Cori_step,2022-07-17,0.9992930452425665,1.0201456702108695,0.978652819371137,ITA
Italy,ITA,PCM-DPC,Deaths,Cori_step,2022-07-18,0.9992930452425665,1.0201456702108695,0.978652819371137,ITA
Italy,ITA,PCM-DPC,Deaths,Cori_step,2022-07-19,0.9992930452425665,1.0201456702108695,0.978652819371137,ITA
Italy,ITA,PCM-DPC,Deaths,Cori_step,2022-07-20,0.9992930452425665,1.0201456702108695,0.978652819371137,ITA
Italy,ITA,PCM-DPC,Deaths,Cori_step,2022-07-21,0.9992930452425665,1.0201456702108695,0.978652819371137,ITA
Italy,ITA,PCM-DPC,Deaths,Cori_step,2022-07-22,0.9992930452425665,1.0201456702108695,0.978652819371137,ITA
Italy,ITA,PCM-DPC,Deaths,Cori_step,2022-07-23,0.9992930452425665,1.0201456702108695,0.978652819371137,ITA
Italy,ITA,PCM-DPC,Deaths,Cori_step,2022-07-24,0.9992930452425665,1.0201456702108695,0.978652819371137,ITA
Italy,ITA,PCM-DPC,Deaths,Cori_step,2022-07-25,0.9992930452425665,1.0201456702108695,0.978652819371137,ITA
Italy,ITA,PCM-DPC,Deaths,Cori_step,2022-07-26,0.9992930452425665,1.0201456702108695,0.978652819371137,ITA
Italy,ITA,PCM-DPC,Deaths,Cori_step,2022-07-27,0.9992930452425665,1.0201456702108695,0.978652819371137,ITA
Italy,ITA,PCM-DPC,Deaths,Cori_step,2022-07-28,0.9992930452425665,1.0201456702108695,0.978652819371137,ITA
Italy,ITA,PCM-DPC,Deaths,Cori_step,2022-07-29,0.9992930452425665,1.0201456702108695,0.978652819371137,ITA
Italy,ITA,PCM-DPC,Deaths,Cori_step,2022-07-30,0.9992930452425665,1.0201456702108695,0.978652819371137,ITA
Italy,ITA,PCM-DPC,Deaths,Cori_step,2022-07-31,0.9992930452425665,1.0201456702108695,0.978652819371137,ITA
Italy,ITA,PCM-DPC,Deaths,Cori_step,2022-08-01,0.9992930452425665,1.0201456702108695,0.978652819371137,ITA
Italy,ITA,PCM-DPC,Deaths,Cori_step,2022-08-02,0.9992930452425665,1.0201456702108695,0.978652819371137,ITA
Italy,ITA,PCM-DPC,Deaths,Cori_step,2022-08-03,0.9992930452425665,1.0201456702108695,0.978652819371137,ITA
Italy,ITA,PCM-DPC,Deaths,Cori_step,2022-08-04,0.9992930452425665,1.0201456702108695,0.978652819371137,ITA
Italy,ITA,PCM-DPC,Deaths,Cori_step,2022-08-05,0.9992930452425665,1.0201456702108695,0.978652819371137,ITA
Italy,ITA,PCM-DPC,Deaths,Cori_step,2022-08-06,0.9992930452425665,1.0201456702108695,0.978652819371137,ITA
Italy,ITA,PCM-DPC,Deaths,Cori_step,2022-08-07,0.9992930452425665,1.0201456702108695,0.978652819371137,ITA
Italy,ITA,PCM-DPC,Deaths,Cori_step,2022-08-08,0.9992930452425665,1.0201456702108695,0.978652819371137,ITA
Italy,ITA,PCM-DPC,Deaths,Cori_step,2022-08-09,0.9992930452425665,1.0201456702108695,0.978652819371137,ITA
Italy,ITA,PCM-DPC,Deaths,Cori_step,2022-08-10,0.9992930452425665,1.0201456702108695,0.978652819371137,ITA
Italy,ITA,PCM-DPC,Deaths,Cori_step,2022-08-11,0.9992930452425665,1.0201456702108695,0.978652819371137,ITA
Italy,ITA,PCM-DPC,Deaths,Cori_step,2022-08-12,0.9992930452425665,1.0201456702108695,0.978652819371137,ITA
Italy,ITA,PCM-DPC,Deaths,Cori_step,2022-08-13,0.9992930452425665,1.0201456702108695,0.978652819371137,ITA
Italy,ITA,PCM-DPC,Deaths,Cori_step,2022-08-14,0.9992930452425665,1.0201456702108695,0.978652819371137,ITA
Italy,ITA,PCM-DPC,Deaths,Cori_step,2022-08-15,0.9992930452425665,1.0201456702108695,0.978652819371137,ITA
Italy,ITA,PCM-DPC,Deaths,Cori_step,2022-08-16,0.9992930452425665,1.0201456702108695,0.978652819371137,ITA
Italy,ITA,PCM-DPC,Deaths,Cori_step,2022-08-17,0.9992930452425665,1.0201456702108695,0.978652819371137,ITA
Italy,ITA,PCM-DPC,Deaths,Cori_step,2022-08-18,0.9992930452425665,1.0201456702108695,0.978652819371137,ITA
Italy,ITA,PCM-DPC,Deaths,Cori_step,2022-08-19,0.9992930452425665,1.0201456702108695,0.978652819371137,ITA
Italy,ITA,PCM-DPC,Deaths,Cori_step,2022-08-20,0.9992930452425665,1.0201456702108695,0.978652819371137,ITA
Italy,ITA,PCM-DPC,Deaths,Cori_step,2022-08-21,0.9992930452425665,1.0201456702108695,0.978652819371137,ITA
Italy,ITA,PCM-DPC,Deaths,Cori_step,2022-08-22,0.9992930452425665,1.0201456702108695,0.978652819371137,ITA
Italy,ITA,PCM-DPC,Deaths,Cori_step,2022-08-23,0.9992930452425665,1.0201456702108695,0.978652819371137,ITA
Italy,ITA,PCM-DPC,Deaths,Cori_step,2022-08-24,0.9992930452425665,1.0201456702108695,0.978652819371137,ITA
Italy,ITA,PCM-DPC,Deaths,Cori_step,2022-08-25,0.9992930452425665,1.0201456702108695,0.978652819371137,ITA
Italy,ITA,PCM-DPC,Deaths,Cori_step,2022-08-26,0.9992930452425665,1.0201456702108695,0.978652819371137,ITA
Italy,ITA,PCM-DPC,Deaths,Cori_step,2022-08-27,0.9992930452425665,1.0201456702108695,0.978652819371137,ITA
Italy,ITA,PCM-DPC,Deaths,Cori_step,2022-08-28,0.9992930452425665,1.0201456702108695,0.978652819371137,ITA
Italy,ITA,PCM-DPC,Deaths,Cori_step,2022-08-29,0.9992930452425665,1.0201456702108695,0.978652819371137,ITA
Italy,ITA,PCM-DPC,Deaths,Cori_step,2022-08-30,0.9992930452425665,1.0201456702108695,0.978652819371137,ITA
Italy,ITA,PCM-DPC,Deaths,Cori_step,2022-08-31,0.9992930452425665,1.0201456702108695,0.978652819371137,ITA
Italy,ITA,PCM-DPC,Deaths,Cori_step,2022-09-01,1.0246536708114367,1.0545252717383635,0.9952054460226869,ITA
Italy,ITA,PCM-DPC,Deaths,Cori_step,2022-09-02,1.0246536708114367,1.0545252717383635,0.9952054460226869,ITA
Italy,ITA,PCM-DPC,Deaths,Cori_step,2022-09-03,1.0246536708114367,1.0545252717383635,0.9952054460226869,ITA
Italy,ITA,PCM-DPC,Deaths,Cori_step,2022-09-04,1.0246536708114367,1.0545252717383635,0.9952054460226869,ITA
Italy,ITA,PCM-DPC,Deaths,Cori_step,2022-09-05,1.0246536708114367,1.0545252717383635,0.9952054460226869,ITA
Italy,ITA,PCM-DPC,Deaths,Cori_step,2022-09-06,1.0246536708114367,1.0545252717383635,0.9952054460226869,ITA
Italy,ITA,PCM-DPC,Deaths,Cori_step,2022-09-07,1.0246536708114367,1.0545252717383635,0.9952054460226869,ITA
Italy,ITA,PCM-DPC,Deaths,Cori_step,2022-09-08,1.0246536708114367,1.0545252717383635,0.9952054460226869,ITA
Italy,ITA,PCM-DPC,Deaths,Cori_step,2022-09-09,1.0246536708114367,1.0545252717383635,0.9952054460226869,ITA
Italy,ITA,PCM-DPC,Deaths,Cori_step,2022-09-10,1.0246536708114367,1.0545252717383635,0.9952054460226869,ITA
Italy,ITA,PCM-DPC,Deaths,Cori_step,2022-09-11,1.0246536708114367,1.0545252717383635,0.9952054460226869,ITA
Italy,ITA,PCM-DPC,Deaths,Cori_step,2022-09-12,1.0246536708114367,1.0545252717383635,0.9952054460226869,ITA
Italy,ITA,PCM-DPC,Deaths,Cori_step,2022-09-13,1.0246536708114367,1.0545252717383635,0.9952054460226869,ITA
Italy,ITA,PCM-DPC,Deaths,Cori_step,2022-09-14,1.0246536708114367,1.0545252717383635,0.9952054460226869,ITA
Italy,ITA,PCM-DPC,Deaths,Cori_step,2022-09-15,1.0246536708114367,1.0545252717383635,0.9952054460226869,ITA
Italy,ITA,PCM-DPC,Deaths,Cori_step,2022-09-16,1.0246536708114367,1.0545252717383635,0.9952054460226869,ITA
Italy,ITA,PCM-DPC,Deaths,Cori_step,2022-09-17,1.0246536708114367,1.0545252717383635,0.9952054460226869,ITA
Italy,ITA,PCM-DPC,Deaths,Cori_step,2022-09-18,1.0246536708114367,1.0545252717383635,0.9952054460226869,ITA
Italy,ITA,PCM-DPC,Deaths,Cori_step,2022-09-19,1.0246536708114367,1.0545252717383635,0.9952054460226869,ITA
Italy,ITA,PCM-DPC,Deaths,Cori_step,2022-09-20,1.0246536708114367,1.0545252717383635,0.9952054460226869,ITA
Italy,ITA,PCM-DPC,Deaths,Cori_step,2022-09-21,1.0246536708114367,1.0545252717383635,0.9952054460226869,ITA
Italy,ITA,PCM-DPC,Deaths,Cori_step,2022-09-22,1.0246536708114367,1.0545252717383635,0.9952054460226869,ITA
Italy,ITA,PCM-DPC,Deaths,Cori_step,2022-09-23,1.0246536708114367,1.0545252717383635,0.9952054460226869,ITA
Italy,ITA,PCM-DPC,Deaths,Cori_step,2022-09-24,1.0246536708114367,1.0545252717383635,0.9952054460226869,ITA
Italy,ITA,PCM-DPC,Deaths,Cori_step,2022-09-25,1.0246536708114367,1.0545252717383635,0.9952054460226869,ITA
Italy,ITA,PCM-DPC,Deaths,Cori_step,2022-09-26,1.0246536708114367,1.0545252717383635,0.9952054460226869,ITA
Italy,ITA,PCM-DPC,Deaths,Cori_step,2022-09-27,1.0246536708114367,1.0545252717383635,0.9952054460226869,ITA
Italy,ITA,PCM-DPC,Deaths,Cori_step,2022-09-28,1.0246536708114367,1.0545252717383635,0.9952054460226869,ITA
Italy,ITA,PCM-DPC,Deaths,Cori_step,2022-09-29,1.0246536708114367,1.0545252717383635,0.9952054460226869,ITA
Italy,ITA,PCM-DPC,Deaths,Cori_step,2022-09-30,1.0246536708114367,1.0545252717383635,0.9952054460226869,ITA
Italy,ITA,PCM-DPC,Deaths,Cori_step,2022-10-01,1.0246536708114367,1.0545252717383635,0.9952054460226869,ITA
Italy,ITA,PCM-DPC,Deaths,Cori_step,2022-10-02,1.0246536708114367,1.0545252717383635,0.9952054460226869,ITA
Italy,ITA,PCM-DPC,Deaths,Cori_step,2022-10-03,1.0246536708114367,1.0545252717383635,0.9952054460226869,ITA
Italy,ITA,PCM-DPC,Deaths,Cori_step,2022-10-04,1.0246536708114367,1.0545252717383635,0.9952054460226869,ITA
Italy,ITA,PCM-DPC,Deaths,Cori_step,2022-10-05,1.0246536708114367,1.0545252717383635,0.9952054460226869,ITA
Italy,ITA,PCM-DPC,Deaths,Cori_step,2022-10-06,1.0246536708114367,1.0545252717383635,0.9952054460226869,ITA
Italy,ITA,PCM-DPC,Deaths,Cori_step,2022-10-07,1.0246536708114367,1.0545252717383635,0.9952054460226869,ITA
Italy,ITA,PCM-DPC,Deaths,Cori_step,2022-10-08,1.0246536708114367,1.0545252717383635,0.9952054460226869,ITA
Italy,ITA,PCM-DPC,Deaths,Cori_step,2022-10-09,1.0246536708114367,1.0545252717383635,0.9952054460226869,ITA
Italy,ITA,PCM-DPC,Deaths,Cori_step,2022-10-10,1.0246536708114367,1.0545252717383635,0.9952054460226869,ITA
Italy,ITA,PCM-DPC,Deaths,Cori_step,2022-10-11,1.0246536708114367,1.0545252717383635,0.9952054460226869,ITA
Italy,ITA,PCM-DPC,Deaths,Cori_step,2022-10-12,1.0246536708114367,1.0545252717383635,0.9952054460226869,ITA
Italy,ITA,PCM-DPC,Deaths,Cori_step,2022-10-13,1.0246536708114367,1.0545252717383635,0.9952054460226869,ITA
Italy,ITA,PCM-DPC,Deaths,Cori_step,2022-10-14,1.0246536708114367,1.0545252717383635,0.9952054460226869,ITA
Italy,ITA,PCM-DPC,Deaths,Cori_step,2022-10-15,1.0246536708114367,1.0545252717383635,0.9952054460226869,ITA
Italy,ITA,PCM-DPC,Deaths,Cori_step,2022-10-16,1.0246536708114367,1.0545252717383635,0.9952054460226869,ITA
Italy,ITA,PCM-DPC,Deaths,Cori_step,2022-10-17,1.0246536708114367,1.0545252717383635,0.9952054460226869,ITA
Italy,ITA,PCM-DPC,Deaths,Cori_step,2022-10-18,1.0246536708114367,1.0545252717383635,0.9952054460226869,ITA
Italy,ITA,PCM-DPC,Deaths,Cori_step,2022-10-19,1.0246536708114367,1.0545252717383635,0.9952054460226869,ITA
Italy,ITA,PCM-DPC,Deaths,Cori_step,2022-10-20,1.0246536708114367,1.0545252717383635,0.9952054460226869,ITA
Italy,ITA,PCM-DPC,Deaths,Cori_step,2022-10-21,1.0246536708114367,1.0545252717383635,0.9952054460226869,ITA
Italy,ITA,PCM-DPC,Deaths,Cori_step,2022-10-22,1.0246536708114367,1.0545252717383635,0.9952054460226869,ITA
Italy,ITA,PCM-DPC,Deaths,Cori_step,2022-10-23,1.0246536708114367,1.0545252717383635,0.9952054460226869,ITA
Italy,ITA,PCM-DPC,Deaths,Cori_step,2022-10-24,1.0246536708114367,1.0545252717383635,0.9952054460226869,ITA
Italy,ITA,PCM-DPC,Deaths,Cori_step,2022-10-25,1.0246536708114367,1.0545252717383635,0.9952054460226869,ITA
Italy,ITA,PCM-DPC,Deaths,Cori_step,2022-10-26,1.0246536708114367,1.0545252717383635,0.9952054460226869,ITA
Italy,ITA,PCM-DPC,Deaths,Cori_step,2022-10-27,1.0246536708114367,1.0545252717383635,0.9952054460226869,ITA
Italy,ITA,PCM-DPC,Deaths,Cori_step,2022-10-28,1.0246536708114367,1.0545252717383635,0.9952054460226869,ITA
Italy,ITA,PCM-DPC,Deaths,Cori_step,2022-10-29,1.0246536708114367,1.0545252717383635,0.9952054460226869,ITA
Italy,ITA,PCM-DPC,Deaths,Cori_step,2022-10-30,1.0246536708114367,1.0545252717383635,0.9952054460226869,ITA
Italy,ITA,PCM-DPC,Deaths,Cori_step,2022-10-31,1.0246536708114367,1.0545252717383635,0.9952054460226869,ITA
Italy,ITA,PCM-DPC,Deaths,Cori_step,2022-11-01,1.0246536708114367,1.0545252717383635,0.9952054460226869,ITA
Italy,ITA,PCM-DPC,Deaths,Cori_step,2022-11-02,1.0246536708114367,1.0545252717383635,0.9952054460226869,ITA
Italy,ITA,PCM-DPC,Deaths,Cori_step,2022-11-03,1.0246536708114367,1.0545252717383635,0.9952054460226869,ITA
Italy,ITA,PCM-DPC,Deaths,Cori_step,2022-11-04,1.0246536708114367,1.0545252717383635,0.9952054460226869,ITA
Italy,ITA,PCM-DPC,Deaths,Cori_step,2022-11-05,1.0246536708114367,1.0545252717383635,0.9952054460226869,ITA
Italy,ITA,PCM-DPC,Deaths,Cori_step,2022-11-06,1.0246536708114367,1.0545252717383635,0.9952054460226869,ITA
Italy,ITA,PCM-DPC,Deaths,Cori_step,2022-11-07,1.0246536708114367,1.0545252717383635,0.9952054460226869,ITA
Italy,ITA,PCM-DPC,Deaths,Cori_step,2022-11-08,0.9973700436621291,1.0251964466704306,0.9699213052976868,ITA
Italy,ITA,PCM-DPC,Deaths,Cori_step,2022-11-09,0.9973700436621291,1.0251964466704306,0.9699213052976868,ITA
Italy,ITA,PCM-DPC,Deaths,Cori_step,2022-11-10,0.9973700436621291,1.0251964466704306,0.9699213052976868,ITA
Italy,ITA,PCM-DPC,Deaths,Cori_step,2022-11-11,0.9973700436621291,1.0251964466704306,0.9699213052976868,ITA
Italy,ITA,PCM-DPC,Deaths,Cori_step,2022-11-12,0.9973700436621291,1.0251964466704306,0.9699213052976868,ITA
Italy,ITA,PCM-DPC,Deaths,Cori_step,2022-11-13,0.9973700436621291,1.0251964466704306,0.9699213052976868,ITA
Italy,ITA,PCM-DPC,Deaths,Cori_step,2022-11-14,0.9973700436621291,1.0251964466704306,0.9699213052976868,ITA
Italy,ITA,PCM-DPC,Deaths,Cori_step,2022-11-15,0.9973700436621291,1.0251964466704306,0.9699213052976868,ITA
Italy,ITA,PCM-DPC,Deaths,Cori_step,2022-11-16,0.9973700436621291,1.0251964466704306,0.9699213052976868,ITA
Italy,ITA,PCM-DPC,Deaths,Cori_step,2022-11-17,0.9973700436621291,1.0251964466704306,0.9699213052976868,ITA
Italy,ITA,PCM-DPC,Deaths,Cori_step,2022-11-18,0.9973700436621291,1.0251964466704306,0.9699213052976868,ITA
Italy,ITA,PCM-DPC,Deaths,Cori_step,2022-11-19,0.9973700436621291,1.0251964466704306,0.9699213052976868,ITA
Italy,ITA,PCM-DPC,Deaths,Cori_step,2022-11-20,0.9973700436621291,1.0251964466704306,0.9699213052976868,ITA
Italy,ITA,PCM-DPC,Deaths,Cori_step,2022-11-21,0.9973700436621291,1.0251964466704306,0.9699213052976868,ITA
Italy,ITA,PCM-DPC,Deaths,Cori_step,2022-11-22,0.9973700436621291,1.0251964466704306,0.9699213052976868,ITA
Italy,ITA,PCM-DPC,Deaths,Cori_step,2022-11-23,0.9973700436621291,1.0251964466704306,0.9699213052976868,ITA
Italy,ITA,PCM-DPC,Deaths,Cori_step,2022-11-24,0.9973700436621291,1.0251964466704306,0.9699213052976868,ITA
Italy,ITA,PCM-DPC,Deaths,Cori_step,2022-11-25,0.9973700436621291,1.0251964466704306,0.9699213052976868,ITA
Italy,ITA,PCM-DPC,Deaths,Cori_step,2022-11-26,0.9973700436621291,1.0251964466704306,0.9699213052976868,ITA
Italy,ITA,PCM-DPC,Deaths,Cori_step,2022-11-27,0.9973700436621291,1.0251964466704306,0.9699213052976868,ITA
Italy,ITA,PCM-DPC,Deaths,Cori_step,2022-11-28,0.9973700436621291,1.0251964466704306,0.9699213052976868,ITA
Italy,ITA,PCM-DPC,Deaths,Cori_step,2022-11-29,0.9973700436621291,1.0251964466704306,0.9699213052976868,ITA
Italy,ITA,PCM-DPC,Deaths,Cori_step,2022-11-30,0.9973700436621291,1.0251964466704306,0.9699213052976868,ITA
Italy,ITA,PCM-DPC,Deaths,Cori_step,2022-12-01,0.9973700436621291,1.0251964466704306,0.9699213052976868,ITA
Italy,ITA,PCM-DPC,Deaths,Cori_step,2022-12-02,0.9973700436621291,1.0251964466704306,0.9699213052976868,ITA
Italy,ITA,PCM-DPC,Deaths,Cori_step,2022-12-03,0.9973700436621291,1.0251964466704306,0.9699213052976868,ITA
Italy,ITA,PCM-DPC,Deaths,Cori_step,2022-12-04,0.9973700436621291,1.0251964466704306,0.9699213052976868,ITA
Italy,ITA,PCM-DPC,Deaths,Cori_step,2022-12-05,0.9973700436621291,1.0251964466704306,0.9699213052976868,ITA
Italy,ITA,PCM-DPC,Deaths,Cori_step,2022-12-06,0.9973700436621291,1.0251964466704306,0.9699213052976868,ITA
Italy,ITA,PCM-DPC,Deaths,Cori_step,2022-12-07,0.9973700436621291,1.0251964466704306,0.9699213052976868,ITA
Italy,ITA,PCM-DPC,Deaths,Cori_step,2022-12-08,0.9973700436621291,1.0251964466704306,0.9699213052976868,ITA
Italy,ITA,PCM-DPC,Deaths,Cori_step,2022-12-09,0.9973700436621291,1.0251964466704306,0.9699213052976868,ITA
Italy,ITA,PCM-DPC,Deaths,Cori_step,2022-12-10,0.9973700436621291,1.0251964466704306,0.9699213052976868,ITA
Italy,ITA,PCM-DPC,Deaths,Cori_step,2022-12-11,0.9973700436621291,1.0251964466704306,0.9699213052976868,ITA
Italy,ITA,PCM-DPC,Deaths,Cori_step,2022-12-12,0.9973700436621291,1.0251964466704306,0.9699213052976868,ITA
Italy,ITA,PCM-DPC,Deaths,Cori_step,2022-12-13,0.9973700436621291,1.0251964466704306,0.9699213052976868,ITA
Italy,ITA,PCM-DPC,Deaths,Cori_step,2022-12-14,0.9973700436621291,1.0251964466704306,0.9699213052976868,ITA
Italy,ITA,PCM-DPC,Deaths,Cori_step,2022-12-15,0.9973700436621291,1.0251964466704306,0.9699213052976868,ITA
Italy,ITA,PCM-DPC,Deaths,Cori_step,2022-12-16,0.9973700436621291,1.0251964466704306,0.9699213052976868,ITA
Italy,ITA,PCM-DPC,Deaths,Cori_step,2022-12-17,0.9973700436621291,1.0251964466704306,0.9699213052976868,ITA
Italy,ITA,PCM-DPC,Deaths,Cori_step,2022-12-18,0.9973700436621291,1.0251964466704306,0.9699213052976868,ITA
Italy,ITA,PCM-DPC,Deaths,Cori_step,2022-12-19,0.9973700436621291,1.0251964466704306,0.9699213052976868,ITA
Italy,ITA,PCM-DPC,Deaths,Cori_step,2022-12-20,0.9973700436621291,1.0251964466704306,0.9699213052976868,ITA
Italy,ITA,PCM-DPC,Deaths,Cori_step,2022-12-21,0.9973700436621291,1.0251964466704306,0.9699213052976868,ITA
Italy,ITA,PCM-DPC,Deaths,Cori_step,2022-12-22,0.9973700436621291,1.0251964466704306,0.9699213052976868,ITA
Italy,ITA,PCM-DPC,Deaths,Cori_step,2022-12-23,0.9973700436621291,1.0251964466704306,0.9699213052976868,ITA
Italy,ITA,PCM-DPC,Deaths,Cori_step,2022-12-24,0.9973700436621291,1.0251964466704306,0.9699213052976868,ITA
Italy,ITA,PCM-DPC,Deaths,Cori_step,2022-12-25,0.9973700436621291,1.0251964466704306,0.9699213052976868,ITA
Italy,ITA,PCM-DPC,Deaths,Cori_step,2022-12-26,0.9973700436621291,1.0251964466704306,0.9699213052976868,ITA
Italy,ITA,PCM-DPC,Deaths,Cori_step,2022-12-27,0.9973700436621291,1.0251964466704306,0.9699213052976868,ITA
Italy,ITA,PCM-DPC,Deaths,Cori_step,2022-12-28,0.9437820828505765,0.9809617807768208,0.9073109749531882,ITA
Italy,ITA,PCM-DPC,Deaths,Cori_step,2022-12-29,0.9437820828505765,0.9809617807768208,0.9073109749531882,ITA
Italy,ITA,PCM-DPC,Deaths,Cori_step,2022-12-30,0.9437820828505765,0.9809617807768208,0.9073109749531882,ITA
Italy,ITA,PCM-DPC,Deaths,Cori_step,2022-12-31,0.9437820828505765,0.9809617807768208,0.9073109749531882,ITA
Italy,ITA,PCM-DPC,Deaths,Cori_step,2023-01-01,0.9437820828505765,0.9809617807768208,0.9073109749531882,ITA
Italy,ITA,PCM-DPC,Deaths,Cori_step,2023-01-02,0.9437820828505765,0.9809617807768208,0.9073109749531882,ITA
Italy,ITA,PCM-DPC,Deaths,Cori_step,2023-01-03,0.9437820828505765,0.9809617807768208,0.9073109749531882,ITA
Italy,ITA,PCM-DPC,Deaths,Cori_step,2023-01-04,0.9437820828505765,0.9809617807768208,0.9073109749531882,ITA
Italy,ITA,PCM-DPC,Deaths,Cori_step,2023-01-05,0.9437820828505765,0.9809617807768208,0.9073109749531882,ITA
Italy,ITA,PCM-DPC,Deaths,Cori_step,2023-01-06,0.9437820828505765,0.9809617807768208,0.9073109749531882,ITA
Italy,ITA,PCM-DPC,Deaths,Cori_step,2023-01-07,0.9437820828505765,0.9809617807768208,0.9073109749531882,ITA
Italy,ITA,PCM-DPC,Deaths,Cori_step,2023-01-08,0.9437820828505765,0.9809617807768208,0.9073109749531882,ITA
Italy,ITA,PCM-DPC,Deaths,Cori_step,2023-01-09,0.9437820828505765,0.9809617807768208,0.9073109749531882,ITA
Italy,ITA,PCM-DPC,Deaths,Cori_step,2023-01-10,0.9437820828505765,0.9809617807768208,0.9073109749531882,ITA
Italy,ITA,PCM-DPC,Deaths,Cori_step,2023-01-11,0.9437820828505765,0.9809617807768208,0.9073109749531882,ITA
Italy,ITA,PCM-DPC,Deaths,Cori_step,2023-01-12,0.9437820828505765,0.9809617807768208,0.9073109749531882,ITA
Italy,ITA,PCM-DPC,Deaths,Cori_step,2023-01-13,0.9437820828505765,0.9809617807768208,0.9073109749531882,ITA
Italy,ITA,PCM-DPC,Deaths,Cori_step,2023-01-14,0.9437820828505765,0.9809617807768208,0.9073109749531882,ITA
Italy,ITA,PCM-DPC,Deaths,Cori_step,2023-01-15,0.9437820828505765,0.9809617807768208,0.9073109749531882,ITA
Italy,ITA,PCM-DPC,Deaths,Cori_step,2023-01-16,0.9437820828505765,0.9809617807768208,0.9073109749531882,ITA
Italy,ITA,PCM-DPC,Deaths,Cori_step,2023-01-17,0.9437820828505765,0.9809617807768208,0.9073109749531882,ITA
Italy,ITA,PCM-DPC,Deaths,Cori_step,2023-01-18,0.9437820828505765,0.9809617807768208,0.9073109749531882,ITA
Italy,ITA,PCM-DPC,Deaths,Cori_step,2023-01-19,0.9437820828505765,0.9809617807768208,0.9073109749531882,ITA
Italy,ITA,PCM-DPC,Deaths,Cori_step,2023-01-20,0.9437820828505765,0.9809617807768208,0.9073109749531882,ITA
Italy,ITA,PCM-DPC,Deaths,Cori_step,2023-01-21,0.9437820828505765,0.9809617807768208,0.9073109749531882,ITA
Italy,ITA,PCM-DPC,Deaths,Cori_step,2023-01-22,0.9437820828505765,0.9809617807768208,0.9073109749531882,ITA
Italy,ITA,PCM-DPC,Deaths,Cori_step,2023-01-23,0.9437820828505765,0.9809617807768208,0.9073109749531882,ITA
Italy,ITA,PCM-DPC,Deaths,Cori_step,2023-01-24,0.9437820828505765,0.9809617807768208,0.9073109749531882,ITA
Italy,ITA,PCM-DPC,Deaths,Cori_step,2023-01-25,0.9437820828505765,0.9809617807768208,0.9073109749531882,ITA
Italy,ITA,PCM-DPC,Deaths,Cori_step,2023-01-26,0.9437820828505765,0.9809617807768208,0.9073109749531882,ITA
Italy,ITA,PCM-DPC,Deaths,Cori_step,2023-01-27,0.9437820828505765,0.9809617807768208,0.9073109749531882,ITA
Italy,ITA,PCM-DPC,Deaths,Cori_step,2023-01-28,0.9437820828505765,0.9809617807768208,0.9073109749531882,ITA
Italy,ITA,PCM-DPC,Deaths,Cori_step,2023-01-29,0.9437820828505765,0.9809617807768208,0.9073109749531882,ITA
Italy,ITA,PCM-DPC,Deaths,Cori_step,2023-01-30,0.9437820828505765,0.9809617807768208,0.9073109749531882,ITA
Italy,ITA,PCM-DPC,Deaths,Cori_step,2023-01-31,0.9437820828505765,0.9809617807768208,0.9073109749531882,ITA
Italy,ITA,PCM-DPC,Deaths,Cori_step,2023-02-01,0.9437820828505765,0.9809617807768208,0.9073109749531882,ITA
Italy,ITA,PCM-DPC,Deaths,Cori_step,2023-02-02,0.9437820828505765,0.9809617807768208,0.9073109749531882,ITA
Italy,ITA,PCM-DPC,Deaths,Cori_step,2023-02-03,0.9437820828505765,0.9809617807768208,0.9073109749531882,ITA
Italy,ITA,PCM-DPC,Deaths,Cori_step,2023-02-04,0.9437820828505765,0.9809617807768208,0.9073109749531882,ITA
Italy,ITA,PCM-DPC,Deaths,Cori_step,2023-02-05,0.9437820828505765,0.9809617807768208,0.9073109749531882,ITA
Italy,ITA,PCM-DPC,Deaths,Cori_step,2023-02-06,0.9437820828505765,0.9809617807768208,0.9073109749531882,ITA
Italy,ITA,PCM-DPC,Deaths,Cori_step,2023-02-07,0.9437820828505765,0.9809617807768208,0.9073109749531882,ITA
Italy,ITA,PCM-DPC,Deaths,Cori_step,2023-02-08,0.9437820828505765,0.9809617807768208,0.9073109749531882,ITA
Italy,ITA,PCM-DPC,Deaths,Cori_step,2023-02-09,0.9437820828505765,0.9809617807768208,0.9073109749531882,ITA
Italy,ITA,PCM-DPC,Deaths,Cori_step,2023-02-10,0.9437820828505765,0.9809617807768208,0.9073109749531882,ITA
Italy,ITA,PCM-DPC,Deaths,Cori_step,2023-02-11,0.9437820828505765,0.9809617807768208,0.9073109749531882,ITA
Italy,ITA,PCM-DPC,Deaths,Cori_step,2023-02-12,0.9437820828505765,0.9809617807768208,0.9073109749531882,ITA
Italy,ITA,PCM-DPC,Deaths,Cori_step,2023-02-13,0.9437820828505765,0.9809617807768208,0.9073109749531882,ITA
Italy,ITA,PCM-DPC,Deaths,Cori_step,2023-02-14,0.9437820828505765,0.9809617807768208,0.9073109749531882,ITA
Italy,ITA,PCM-DPC,Deaths,Cori_step,2023-02-15,0.9437820828505765,0.9809617807768208,0.9073109749531882,ITA
Italy,ITA,PCM-DPC,Deaths,Cori_step,2023-02-16,0.9437820828505765,0.9809617807768208,0.9073109749531882,ITA
Italy,ITA,PCM-DPC,Deaths,Cori_step,2023-02-17,0.9437820828505765,0.9809617807768208,0.9073109749531882,ITA
Italy,ITA,PCM-DPC,Deaths,Cori_step,2023-02-18,0.9437820828505765,0.9809617807768208,0.9073109749531882,ITA
Italy,ITA,PCM-DPC,Deaths,Cori_step,2023-02-19,0.9437820828505765,0.9809617807768208,0.9073109749531882,ITA
Italy,ITA,PCM-DPC,Deaths,Cori_step,2023-02-20,0.9437820828505765,0.9809617807768208,0.9073109749531882,ITA
Italy,ITA,PCM-DPC,Deaths,Cori_step,2023-02-21,0.9437820828505765,0.9809617807768208,0.9073109749531882,ITA
Italy,ITA,PCM-DPC,Deaths,Cori_step,2023-02-22,0.9437820828505765,0.9809617807768208,0.9073109749531882,ITA
Italy,ITA,PCM-DPC,Deaths,Cori_step,2023-02-23,0.9437820828505765,0.9809617807768208,0.9073109749531882,ITA
Italy,ITA,PCM-DPC,Deaths,Cori_step,2023-02-24,0.9437820828505765,0.9809617807768208,0.9073109749531882,ITA
